clc_quartier;clc_secteur;haut_tot;tronc_diam;longitude;latitude;age_estim;fk_arb_etat
Quartier du Centre-Ville;Quai Gayant;6.0;37;3.29326360936389;49.840500205123;9.947440142942227;EN PLACE
Quartier du Centre-Ville;Rue Villebois Mareuil;12.0;116;3.28906782466355;49.8445131066071;9.947440142942227;REMPLACÉ
Quartier de l'Europe;Square des Marronniers;16.0;150;3.30238687765097;49.8617777171499;9.947440142942227;EN PLACE
Quartier de l'Europe;Avenue Buffon;5.0;170;3.30404724089302;49.8584462024571;9.947440142942227;Essouché
Quartier de l'Europe;Rue Laplace;8.0;103;3.30553745769042;49.8609281587516;9.947440142942227;EN PLACE
Quartier Saint-Martin - Oëstres;Rue de Paris;6.0;100;3.27126447731581;49.8378971710309;9.947440142942227;EN PLACE
Quartier Saint-Martin - Oëstres;Rue de Paris;8.0;85;3.27090070184093;49.8377471700068;9.947440142942227;EN PLACE
Quartier Saint-Martin - Oëstres;Rue de Paris;8.0;105;3.27073222757654;49.8376726168807;9.947440142942227;EN PLACE
Quartier Saint-Martin - Oëstres;Rue de Paris;9.0;135;3.27054202279862;49.8375900220827;9.947440142942227;EN PLACE
Quartier Saint-Martin - Oëstres;Rue de Paris;9.0;121;3.27036398652782;49.8375138245111;9.947440142942227;EN PLACE
Quartier Saint-Martin - Oëstres;Rue de Paris;9.0;107;3.26999873221424;49.8373633466866;9.947440142942227;EN PLACE
Quartier Saint-Martin - Oëstres;Rue de Paris;9.0;125;3.26979318707569;49.8372669944122;9.947440142942227;EN PLACE
Quartier Saint-Martin - Oëstres;Rue de Paris;10.0;92;3.26961516089127;49.8371924607311;9.947440142942227;EN PLACE
Quartier Saint-Martin - Oëstres;Rue de Paris;10.0;150;3.26925038512817;49.8370269975715;9.947440142942227;EN PLACE
Quartier Saint-Martin - Oëstres;Rue de Paris;9.0;115;3.26906976999357;49.8369494994106;9.947440142942227;EN PLACE
Quartier Saint-Martin - Oëstres;Rue de Paris;9.0;89;3.26887138437017;49.8368493215909;9.947440142942227;EN PLACE
Quartier Saint-Martin - Oëstres;Rue de Paris;9.0;110;3.26867789809162;49.8367714908862;9.947440142942227;EN PLACE
Quartier Saint-Martin - Oëstres;Rue de Paris;9.0;115;3.26848917650306;49.836690672182;9.947440142942227;EN PLACE
Quartier Saint-Martin - Oëstres;Rue de Paris;9.0;103;3.2683265978609;49.836615871042;9.947440142942227;EN PLACE
Quartier Saint-Martin - Oëstres;Rue de Paris;10.0;145;3.26813011747173;49.8365280523484;9.947440142942227;EN PLACE
Quartier Saint-Martin - Oëstres;Rue de Paris;10.0;135;3.26785729637164;49.8363992540906;9.947440142942227;EN PLACE
Quartier Saint-Martin - Oëstres;Rue de Paris;7.0;115;3.26752921381262;49.8362515445129;9.947440142942227;EN PLACE
Quartier Saint-Martin - Oëstres;Rue de Paris;7.0;137;3.26735853971088;49.8361734276685;9.947440142942227;EN PLACE
Quartier Saint-Martin - Oëstres;Rue de Paris;10.0;165;3.26683805231656;49.835943124461;9.947440142942227;EN PLACE
Quartier Saint-Martin - Oëstres;Rue de Paris;10.0;140;3.26613028425575;49.835622604285;9.947440142942227;EN PLACE
Quartier Saint-Martin - Oëstres;Rue de Paris;10.0;140;3.26595997445925;49.8355447192241;9.947440142942227;EN PLACE
Quartier Saint-Martin - Oëstres;Rue de Paris;10.0;160;3.26444745795493;49.8348510646031;9.947440142942227;EN PLACE
Quartier Saint-Martin - Oëstres;Rue de Paris;10.0;140;3.26408147689516;49.8346951063389;9.947440142942227;EN PLACE
Quartier Saint-Martin - Oëstres;Rue de Paris;10.0;160;3.26390341501276;49.8346105736967;9.947440142942227;EN PLACE
Quartier Saint-Martin - Oëstres;Rue de Paris;10.0;163;3.26371980671842;49.8345193966166;9.947440142942227;EN PLACE
Quartier Saint-Martin - Oëstres;Rue de Paris;10.0;139;3.26338104826488;49.8343648008932;9.947440142942227;EN PLACE
Quartier Saint-Martin - Oëstres;Rue de Paris;10.0;165;3.26283298917162;49.834127166724;9.947440142942227;EN PLACE
Quartier Saint-Martin - Oëstres;Rue de Paris;11.0;140;3.26195573085169;49.833731822293;9.947440142942227;EN PLACE
Quartier Saint-Martin - Oëstres;Rue de Paris;11.0;142;3.26141026936849;49.8334870748835;9.947440142942227;EN PLACE
Quartier Saint-Martin - Oëstres;Rue de Paris;11.0;140;3.2611961037021;49.8333876312093;9.947440142942227;EN PLACE
Quartier Saint-Martin - Oëstres;Rue de Paris;11.0;160;3.25981374389317;49.8327476000023;9.947440142942227;EN PLACE
Quartier Saint-Martin - Oëstres;Rue de Paris;10.0;110;3.25963387627693;49.8326668705583;9.947440142942227;EN PLACE
Quartier Saint-Martin - Oëstres;Rue de Paris;10.0;125;3.25944359575298;49.8325745561055;9.947440142942227;EN PLACE
Quartier Saint-Martin - Oëstres;Rue de Paris;9.0;138;3.2593006728614;49.8325078282319;9.947440142942227;EN PLACE
Quartier Saint-Martin - Oëstres;Rue de Paris;10.0;125;3.25891320433952;49.8323356030998;9.947440142942227;EN PLACE
Quartier Saint-Martin - Oëstres;Rue de Paris;10.0;115;3.25864577737035;49.8322106643312;9.947440142942227;EN PLACE
Quartier Saint-Martin - Oëstres;Rue de Paris;10.0;150;3.2585013674586;49.8321401348365;9.947440142942227;EN PLACE
Quartier Saint-Martin - Oëstres;Rue de Paris;10.0;150;3.25825454661381;49.8320199040071;9.947440142942227;EN PLACE
Quartier Saint-Martin - Oëstres;Rue de Paris;9.0;130;3.25556308122738;49.8309500856251;9.947440142942227;EN PLACE
Quartier Saint-Martin - Oëstres;Rue de Paris;10.0;150;3.25539102916128;49.8308844125517;9.947440142942227;EN PLACE
Quartier Saint-Martin - Oëstres;Rue de Paris;9.0;130;3.25508132531103;49.8307702878881;9.947440142942227;EN PLACE
Quartier Saint-Martin - Oëstres;Rue de Paris;10.0;160;3.2549524221648;49.8307276244093;9.947440142942227;EN PLACE
Quartier Saint-Martin - Oëstres;Rue de Paris;9.0;110;3.25462825585683;49.8306033283353;9.947440142942227;EN PLACE
Quartier Saint-Martin - Oëstres;Rue de Paris;9.0;110;3.25451706943609;49.8305623548285;9.947440142942227;EN PLACE
Quartier Saint-Martin - Oëstres;Rue de Paris;9.0;145;3.25423879644442;49.8304598070835;9.947440142942227;EN PLACE
Quartier Saint-Martin - Oëstres;Rue de Paris;9.0;105;3.25406792798772;49.8303968401649;9.947440142942227;EN PLACE
Quartier Saint-Martin - Oëstres;Rue de Paris;9.0;120;3.25396020155291;49.8303571406974;9.947440142942227;EN PLACE
Quartier Saint-Martin - Oëstres;Rue de Paris;9.0;140;3.25381377408938;49.8303031785416;9.947440142942227;EN PLACE
Quartier Saint-Martin - Oëstres;Rue de Paris;9.0;140;3.25368319391492;49.830255058202;9.947440142942227;EN PLACE
Quartier Saint-Martin - Oëstres;Rue de Paris;9.0;115;3.25353438536096;49.8301987785724;9.947440142942227;EN PLACE
Quartier Saint-Martin - Oëstres;Rue de Paris;9.0;110;3.25339515030382;49.8301489072591;9.947440142942227;EN PLACE
Quartier Saint-Martin - Oëstres;Rue de Paris;10.0;140;3.25325106351452;49.8300958069378;9.947440142942227;EN PLACE
Quartier Saint-Martin - Oëstres;Rue de Paris;10.0;135;3.25308745954915;49.8300355137966;9.947440142942227;EN PLACE
Quartier Saint-Martin - Oëstres;Rue de Paris;9.0;130;3.25290138782391;49.8299669408555;9.947440142942227;EN PLACE
Quartier Saint-Martin - Oëstres;Rue de Paris;9.0;140;3.25242203343751;49.8297852227848;9.947440142942227;EN PLACE
Quartier Saint-Martin - Oëstres;Rue de Paris;9.0;110;3.25211706524014;49.8296793028901;9.947440142942227;EN PLACE
Quartier Saint-Martin - Oëstres;Rue de Paris;9.0;115;3.25200367280539;49.8296360966713;9.947440142942227;EN PLACE
Quartier Saint-Martin - Oëstres;Rue de Paris;9.0;165;3.25162703777321;49.8296396082948;9.947440142942227;EN PLACE
Quartier Saint-Martin - Oëstres;Rue de Paris;9.0;115;3.25174335647579;49.8296800152209;9.947440142942227;EN PLACE
Quartier Saint-Martin - Oëstres;Rue de Paris;10.0;140;3.25191220737606;49.8297414452775;9.947440142942227;EN PLACE
Quartier Saint-Martin - Oëstres;Rue de Paris;10.0;130;3.25221866691384;49.8298503563654;9.947440142942227;EN PLACE
Quartier Saint-Martin - Oëstres;Rue de Paris;9.0;110;3.25280970602588;49.8300740132137;9.947440142942227;EN PLACE
Quartier Saint-Martin - Oëstres;Rue de Paris;10.0;130;3.25314780034582;49.8301972045082;9.947440142942227;EN PLACE
Quartier Saint-Martin - Oëstres;Rue de Paris;9.0;125;3.25329873444946;49.8302520379478;9.947440142942227;EN PLACE
Quartier Saint-Martin - Oëstres;Rue de Paris;10.0;150;3.25371841551268;49.8304063855012;9.947440142942227;EN PLACE
Quartier Saint-Martin - Oëstres;Rue de Paris;10.0;140;3.25387303308402;49.8304626379433;9.947440142942227;EN PLACE
Quartier Saint-Martin - Oëstres;Rue de Paris;9.0;110;3.2539989438066;49.8305099167657;9.947440142942227;EN PLACE
Quartier Saint-Martin - Oëstres;Rue de Paris;8.0;100;3.25443628695423;49.8306681227387;9.947440142942227;EN PLACE
Quartier Saint-Martin - Oëstres;Rue de Paris;10.0;135;3.25500433267993;49.8308755453703;9.947440142942227;EN PLACE
Quartier Saint-Martin - Oëstres;Rue de Paris;10.0;135;3.25516927613527;49.8309387854277;9.947440142942227;EN PLACE
Quartier Saint-Martin - Oëstres;Rue de Paris;10.0;150;3.25531586958755;49.8309892679619;9.947440142942227;EN PLACE
Quartier Saint-Martin - Oëstres;Rue de Paris;10.0;130;3.25546378967989;49.8310454330767;9.947440142942227;EN PLACE
Quartier Saint-Martin - Oëstres;Rue de Paris;10.0;170;3.25567953740029;49.831126988938;9.947440142942227;EN PLACE
Quartier Saint-Martin - Oëstres;Rue de Paris;10.0;160;3.2558604792689;49.8311892203839;9.947440142942227;EN PLACE
Quartier Saint-Martin - Oëstres;Rue de Paris;10.0;155;3.25602008630148;49.8312532674422;9.947440142942227;EN PLACE
Quartier Saint-Martin - Oëstres;Rue de Paris;10.0;190;3.25700425588425;49.8316315227692;9.947440142942227;EN PLACE
Quartier Saint-Martin - Oëstres;Rue de Paris;10.0;115;3.25719529021242;49.8317122353866;9.947440142942227;EN PLACE
Quartier Saint-Martin - Oëstres;Rue de Paris;10.0;140;3.25736997569236;49.8317860814672;9.947440142942227;EN PLACE
Quartier Saint-Martin - Oëstres;Rue de Paris;11.0;170;3.25754036204169;49.8318624576828;9.947440142942227;EN PLACE
Quartier Saint-Martin - Oëstres;Rue de Paris;9.0;140;3.25771686361772;49.8319420918977;9.947440142942227;EN PLACE
Quartier Saint-Martin - Oëstres;Rue de Paris;11.0;150;3.25809936795247;49.8321155672166;9.947440142942227;EN PLACE
Quartier Saint-Martin - Oëstres;Rue de Paris;11.0;150;3.25824913140615;49.8321834880436;9.947440142942227;EN PLACE
Quartier Saint-Martin - Oëstres;Rue de Paris;10.0;145;3.25844511522981;49.8322723700623;9.947440142942227;EN PLACE
Quartier Saint-Martin - Oëstres;Rue de Paris;10.0;125;3.25863456922921;49.8323584961409;9.947440142942227;EN PLACE
Quartier Saint-Martin - Oëstres;Rue de Paris;10.0;160;3.25879938369402;49.8324336645722;9.947440142942227;EN PLACE
Quartier Saint-Martin - Oëstres;Rue de Paris;10.0;120;3.25898304153975;49.832517426653;9.947440142942227;EN PLACE
Quartier Saint-Martin - Oëstres;Rue de Paris;9.0;110;3.25917691566251;49.8326058472847;9.947440142942227;EN PLACE
Quartier Saint-Martin - Oëstres;Rue de Paris;10.0;120;3.25932660472296;49.8326741166273;9.947440142942227;EN PLACE
Quartier Saint-Martin - Oëstres;Rue de Paris;10.0;145;3.25953810680251;49.8327705766511;9.947440142942227;EN PLACE
Quartier Saint-Martin - Oëstres;Rue de Paris;10.0;185;3.25969828987907;49.8328436295784;9.947440142942227;EN PLACE
Quartier Saint-Martin - Oëstres;Rue de Paris;10.0;180;3.259887458569;49.8329299025993;9.947440142942227;Essouché
Quartier Saint-Martin - Oëstres;Rue de Paris;10.0;145;3.26005029696833;49.8330041673883;9.947440142942227;EN PLACE
Quartier Saint-Martin - Oëstres;Rue de Paris;10.0;165;3.26023717749114;49.8330893633445;9.947440142942227;EN PLACE
Quartier Saint-Martin - Oëstres;Rue de Paris;11.0;105;3.26058111237459;49.8332517227617;9.947440142942227;EN PLACE
Quartier Saint-Martin - Oëstres;Rue de Paris;10.0;150;3.26074166321015;49.8333269563549;9.947440142942227;EN PLACE
Quartier Saint-Martin - Oëstres;Rue de Paris;10.0;145;3.26089024448913;49.8333946660393;9.947440142942227;EN PLACE
Quartier Saint-Martin - Oëstres;Rue de Paris;11.0;160;3.26109166872971;49.8334888089951;9.947440142942227;EN PLACE
Quartier Saint-Martin - Oëstres;Rue de Paris;11.0;105;3.26130110705917;49.8335819322097;9.947440142942227;EN PLACE
Quartier Saint-Martin - Oëstres;Rue de Paris;11.0;165;3.26166533555658;49.833748192813;9.947440142942227;EN PLACE
Quartier Saint-Martin - Oëstres;Rue de Paris;11.0;150;3.26183987429132;49.8338278656267;9.947440142942227;EN PLACE
Quartier Saint-Martin - Oëstres;Rue de Paris;10.0;120;3.26219146152851;49.8339883529622;9.947440142942227;EN PLACE
Quartier Saint-Martin - Oëstres;Rue de Paris;10.0;130;3.26237202835386;49.8340707761187;9.947440142942227;EN PLACE
Quartier Saint-Martin - Oëstres;Rue de Paris;10.0;130;3.26344501344361;49.8345516839655;9.947440142942227;EN PLACE
Quartier Saint-Martin - Oëstres;Rue de Paris;10.0;135;3.26362075925999;49.8346332367323;9.947440142942227;EN PLACE
Quartier Saint-Martin - Oëstres;Rue de Paris;10.0;145;3.26370473972054;49.8346701369308;9.947440142942227;EN PLACE
Quartier Saint-Martin - Oëstres;Rue de Paris;10.0;130;3.26406303254363;49.834835120432;9.947440142942227;EN PLACE
Quartier Saint-Martin - Oëstres;Rue de Paris;10.0;110;3.26417702734523;49.8348884127192;9.947440142942227;EN PLACE
Quartier Saint-Martin - Oëstres;Rue de Paris;10.0;100;3.26463869127122;49.8350940769839;9.947440142942227;EN PLACE
Quartier Saint-Martin - Oëstres;Rue de Paris;10.0;165;3.26486788403005;49.8351979874045;9.947440142942227;EN PLACE
Quartier Saint-Martin - Oëstres;Rue de Paris;10.0;105;3.26524610394357;49.8353694602547;9.947440142942227;EN PLACE
Quartier Saint-Martin - Oëstres;Rue de Paris;10.0;140;3.26542495411606;49.8354487097919;9.947440142942227;EN PLACE
Quartier Saint-Martin - Oëstres;Rue de Paris;10.0;100;3.26556641554893;49.835514007562;9.947440142942227;EN PLACE
Quartier Saint-Martin - Oëstres;Rue de Paris;10.0;115;3.26568650060681;49.8355691186734;9.947440142942227;EN PLACE
Quartier Saint-Martin - Oëstres;Rue de Paris;10.0;120;3.26585106626432;49.835642861694;9.947440142942227;EN PLACE
Quartier Saint-Martin - Oëstres;Rue de Paris;10.0;125;3.2660387001743;49.8357279270803;9.947440142942227;EN PLACE
Quartier Saint-Martin - Oëstres;Rue de Paris;10.0;115;3.26620553741893;49.8358033187191;9.947440142942227;EN PLACE
Quartier Saint-Martin - Oëstres;Rue de Paris;10.0;135;3.26638099081203;49.8358838700384;9.947440142942227;EN PLACE
Quartier Saint-Martin - Oëstres;Rue de Paris;11.0;150;3.2667261528868;49.8360385728592;9.947440142942227;SUPPRIMÉ
Quartier Saint-Martin - Oëstres;Rue de Paris;11.0;155;3.26708133742137;49.8362113175238;9.947440142942227;EN PLACE
Quartier Saint-Martin - Oëstres;Rue de Paris;11.0;135;3.26759065303391;49.8364291679804;9.947440142942227;EN PLACE
Quartier Saint-Martin - Oëstres;Rue de Paris;10.0;125;3.2682382689662;49.8367150133448;9.947440142942227;EN PLACE
Quartier Saint-Martin - Oëstres;Rue de Paris;9.0;95;3.26875987892891;49.8369503775165;9.947440142942227;EN PLACE
Quartier Saint-Martin - Oëstres;Rue de Paris;9.0;94;3.26896763674462;49.8370411964317;9.947440142942227;EN PLACE
Quartier Saint-Martin - Oëstres;Rue de Paris;9.0;110;3.26932854482819;49.8372024167993;9.947440142942227;EN PLACE
Quartier Saint-Martin - Oëstres;Rue Jean Mermoz;13.0;160;3.2709364034029;49.8446240813461;9.947440142942227;EN PLACE
Quartier Saint-Martin - Oëstres;Rue de Paris;9.0;110;3.26951691877285;49.8372858934554;9.947440142942227;EN PLACE
Quartier Saint-Martin - Oëstres;Rue de Paris;9.0;105;3.26990574636126;49.8374580407048;9.947440142942227;EN PLACE
Quartier Saint-Martin - Oëstres;Rue de Paris;7.0;100;3.27054976551559;49.8377421319562;9.947440142942227;EN PLACE
Quartier Saint-Martin - Oëstres;Rue de Paris;8.0;90;3.27062488907085;49.8377764969666;9.947440142942227;EN PLACE
Quartier Saint-Martin - Oëstres;Rue de Paris;8.0;90;3.2707154941406;49.8378133768495;9.947440142942227;EN PLACE
Quartier Saint-Martin - Oëstres;Rue de Paris;8.0;85;3.27087234035233;49.8378835775221;9.947440142942227;EN PLACE
Quartier Saint-Martin - Oëstres;Rue de Paris;8.0;95;3.27107111343362;49.8379721154388;9.947440142942227;EN PLACE
Quartier Saint-Martin - Oëstres;Rue de Paris;8.0;70;3.27113687402416;49.8380019507137;9.947440142942227;EN PLACE
Quartier Saint-Martin - Oëstres;Rue de Paris;8.0;85;3.27127967377932;49.8380667376943;9.947440142942227;EN PLACE
Quartier Saint-Martin - Oëstres;Rue de Paris;8.0;70;3.27134743476237;49.8380977918444;9.947440142942227;EN PLACE
Quartier Saint-Martin - Oëstres;Rue de Paris;8.0;65;3.27142921440189;49.8381332656708;9.947440142942227;EN PLACE
Quartier Saint-Martin - Oëstres;Rue de Paris;8.0;65;3.27148448658603;49.8381602399281;9.947440142942227;EN PLACE
Quartier Saint-Martin - Oëstres;Rue de Paris;9.0;120;3.27170279048238;49.8382611610626;9.947440142942227;EN PLACE
Quartier Saint-Martin - Oëstres;Rue de Paris;9.0;100;3.27176470857836;49.83829382612;9.947440142942227;EN PLACE
Quartier Saint-Martin - Oëstres;Rue de Paris;9.0;75;3.27183101381755;49.838322202371;9.947440142942227;EN PLACE
Quartier Saint-Martin - Oëstres;Rue de Paris;9.0;90;3.27189514604774;49.8383562890353;9.947440142942227;EN PLACE
Quartier Saint-Martin - Oëstres;Rue de Paris;9.0;75;3.27195925465779;49.8383860953075;9.947440142942227;EN PLACE
Quartier Saint-Martin - Oëstres;Rue de Paris;9.0;115;3.27203203187302;49.8384171221537;9.947440142942227;EN PLACE
Quartier Saint-Martin - Oëstres;Rue Jean Mermoz;12.0;160;3.27074603206506;49.8444398492957;9.947440142942227;Essouché
Quartier Saint-Martin - Oëstres;Rue Jean Mermoz;12.0;185;3.27063586587177;49.8445446687952;9.947440142942227;EN PLACE
Quartier Saint-Martin - Oëstres;Rue Jean Mermoz;13.0;155;3.27080966074588;49.844625305211;9.947440142942227;EN PLACE
Quartier Saint-Martin - Oëstres;Rue Jean Mermoz;13.0;155;3.27095078137595;49.844588249597;9.947440142942227;Essouché
Quartier de l'Europe;Avenue Robert Schuman;9.0;195;3.29952722217028;49.8610959215424;9.947440142942227;SUPPRIMÉ
Quartier de l'Europe;Avenue Robert Schuman;8.0;120;3.29945135399112;49.8610622145617;9.947440142942227;REMPLACÉ
Quartier de l'Europe;Avenue Robert Schuman;9.0;180;3.29936986682064;49.8610266077794;9.947440142942227;REMPLACÉ
Quartier de l'Europe;Avenue Robert Schuman;9.0;190;3.29917505351602;49.8609520506816;9.947440142942227;SUPPRIMÉ
Quartier de l'Europe;Avenue Robert Schuman;10.0;150;3.29907989301799;49.860906878478;9.947440142942227;SUPPRIMÉ
Quartier de l'Europe;Avenue Robert Schuman;6.0;115;3.29900720968339;49.8608753612745;9.947440142942227;SUPPRIMÉ
Quartier de l'Europe;Avenue Robert Schuman;11.0;150;3.29885890935721;49.8608096739096;9.947440142942227;SUPPRIMÉ
Quartier de l'Europe;Avenue Robert Schuman;11.0;190;3.29877247877734;49.8607722119652;9.947440142942227;SUPPRIMÉ
Quartier de l'Europe;Avenue Robert Schuman;11.0;175;3.29866928636385;49.8607264017572;9.947440142942227;SUPPRIMÉ
Quartier de l'Europe;Avenue Robert Schuman;11.0;185;3.29852217943514;49.8606610462755;9.947440142942227;SUPPRIMÉ
Quartier de l'Europe;Avenue Robert Schuman;11.0;155;3.29843580940866;49.860623164971;9.947440142942227;SUPPRIMÉ
Quartier de l'Europe;Ecole primaire Pierre Laroche;14.0;120;3.2977754441851;49.8618797948668;9.947440142942227;SUPPRIMÉ
Quartier de l'Europe;Ecole primaire Pierre Laroche;14.0;110;3.29783245951295;49.8619057757551;9.947440142942227;SUPPRIMÉ
Quartier de l'Europe;Ecole primaire Pierre Laroche;13.0;110;3.29789478682741;49.8619320766884;9.947440142942227;SUPPRIMÉ
Quartier de l'Europe;Ecole primaire Pierre Laroche;14.0;120;3.29794767974476;49.8619575546205;9.947440142942227;SUPPRIMÉ
Quartier de l'Europe;Ecole primaire Pierre Laroche;14.0;125;3.29801101679954;49.8619847564745;9.947440142942227;SUPPRIMÉ
Quartier de l'Europe;Ecole primaire Pierre Laroche;13.0;115;3.29824757906147;49.861770450112;9.947440142942227;SUPPRIMÉ
Quartier de l'Europe;Ecole primaire Pierre Laroche;14.0;110;3.29819226262651;49.8617427739979;9.947440142942227;SUPPRIMÉ
Quartier de l'Europe;Ecole primaire Pierre Laroche;14.0;115;3.29813253774534;49.8617158228944;9.947440142942227;SUPPRIMÉ
Quartier de l'Europe;Ecole primaire Pierre Laroche;13.0;125;3.29807832863566;49.8616888577603;9.947440142942227;SUPPRIMÉ
Quartier Remicourt;Parc des Champs-Elysées;24.0;245;3.29470269272131;49.8499270967151;9.947440142942227;Essouché
Quartier de l'Europe;Ecole primaire Pierre Laroche;14.0;120;3.29801860527889;49.8616619074938;9.947440142942227;SUPPRIMÉ
Quartier de l'Europe;Ecole primaire Pierre Laroche;14.0;150;3.29796328476672;49.8616335183353;9.947440142942227;SUPPRIMÉ
Quartier Remicourt;Parc des Champs-Elysées;24.0;215;3.2936430869696;49.8501626892712;9.947440142942227;EN PLACE
Quartier Remicourt;Parc des Champs-Elysées;24.0;210;3.29371024176811;49.8501049279153;9.947440142942227;EN PLACE
Quartier Remicourt;Parc des Champs-Elysées;21.0;210;3.29376928816345;49.8500454408456;9.947440142942227;EN PLACE
Quartier Remicourt;Parc des Champs-Elysées;24.0;190;3.29389546506673;49.8499247004128;9.947440142942227;EN PLACE
Quartier Remicourt;Parc des Champs-Elysées;24.0;215;3.2939491015913;49.8498634808264;9.947440142942227;EN PLACE
Quartier Remicourt;Parc des Champs-Elysées;24.0;195;3.29401096064741;49.8498126489689;9.947440142942227;EN PLACE
Quartier Remicourt;Parc des Champs-Elysées;25.0;210;3.29407494659572;49.849752476874;9.947440142942227;EN PLACE
Quartier Remicourt;Parc des Champs-Elysées;24.0;195;3.29413799551715;49.8496893348177;9.947440142942227;EN PLACE
Quartier Remicourt;Parc des Champs-Elysées;24.0;205;3.29420473337278;49.8496285614791;9.947440142942227;EN PLACE
Quartier Remicourt;Parc des Champs-Elysées;20.0;180;3.29428001785049;49.8496153068513;9.947440142942227;Essouché
Quartier Remicourt;Parc des Champs-Elysées;23.0;190;3.29421604657997;49.8496778561243;9.947440142942227;EN PLACE
Quartier Remicourt;Parc des Champs-Elysées;24.0;190;3.29408810355522;49.8498029554596;9.947440142942227;EN PLACE
Quartier Remicourt;Parc des Champs-Elysées;24.0;200;3.29402594856946;49.8498619353248;9.947440142942227;EN PLACE
Quartier Remicourt;Parc des Champs-Elysées;24.0;225;3.29390713753115;49.8499769098128;9.947440142942227;EN PLACE
Quartier Remicourt;Parc des Champs-Elysées;24.0;175;3.29378008138771;49.8500966581018;9.947440142942227;EN PLACE
Quartier Remicourt;Parc des Champs-Elysées;24.0;190;3.29371886250807;49.8501586068251;9.947440142942227;EN PLACE
Quartier Remicourt;Parc des Champs-Elysées;19.0;200;3.29387312459149;49.8501350602835;9.947440142942227;EN PLACE
Quartier Remicourt;Parc des Champs-Elysées;23.0;220;3.29406230734318;49.8499515788222;9.947440142942227;EN PLACE
Quartier Remicourt;Parc des Champs-Elysées;25.0;215;3.29424512865274;49.8497805900504;9.947440142942227;Essouché
Quartier Remicourt;Parc des Champs-Elysées;24.0;220;3.29432410246008;49.8497697032479;9.947440142942227;EN PLACE
Quartier Remicourt;Parc des Champs-Elysées;24.0;260;3.29433264438517;49.8498166286272;9.947440142942227;EN PLACE
Quartier Remicourt;Parc des Champs-Elysées;23.0;195;3.29420558256566;49.8499351879546;9.947440142942227;EN PLACE
Quartier Remicourt;Parc des Champs-Elysées;24.0;190;3.29396249661474;49.8501740658575;9.947440142942227;EN PLACE
Quartier Remicourt;Parc des Champs-Elysées;18.0;185;3.29390035384483;49.8502354218134;9.947440142942227;Essouché
Quartier Remicourt;Parc des Champs-Elysées;20.0;205;3.29355651727375;49.8505666473416;9.947440142942227;EN PLACE
Quartier Remicourt;Parc des Champs-Elysées;25.0;260;3.29359234432059;49.8506597383578;9.947440142942227;EN PLACE
Quartier Remicourt;Parc des Champs-Elysées;23.0;210;3.29381615327467;49.8504557325664;9.947440142942227;EN PLACE
Quartier Remicourt;Parc des Champs-Elysées;25.0;235;3.29393607184653;49.8503413488003;9.947440142942227;EN PLACE
Quartier Remicourt;Parc des Champs-Elysées;22.0;195;3.29418018223453;49.8500888018896;9.947440142942227;EN PLACE
Quartier Remicourt;Parc des Champs-Elysées;25.0;175;3.29424160678159;49.8500306563031;9.947440142942227;EN PLACE
Quartier Remicourt;Parc des Champs-Elysées;20.0;175;3.2943615361167;49.8499181735482;9.947440142942227;EN PLACE
Quartier Remicourt;Parc des Champs-Elysées;24.0;250;3.29458607110095;49.8498415693083;9.947440142942227;EN PLACE
Quartier Remicourt;Parc des Champs-Elysées;23.0;170;3.29445881846327;49.8499588239627;9.947440142942227;EN PLACE
Quartier Remicourt;Parc des Champs-Elysées;25.0;190;3.29439153991439;49.8500217376413;9.947440142942227;EN PLACE
Quartier Remicourt;Parc des Champs-Elysées;25.0;210;3.29434624317216;49.8500712874795;9.947440142942227;EN PLACE
Quartier Remicourt;Parc des Champs-Elysées;27.0;260;3.29427896571527;49.8501342010871;9.947440142942227;EN PLACE
Quartier Remicourt;Parc des Champs-Elysées;26.0;225;3.29423111888601;49.8502522148119;9.947440142942227;EN PLACE
Quartier Remicourt;Parc des Champs-Elysées;25.0;235;3.29472386920179;49.8497680261087;9.947440142942227;EN PLACE
Quartier Remicourt;Parc des Champs-Elysées;24.0;200;3.2948196704547;49.8498067766478;9.947440142942227;EN PLACE
Quartier Remicourt;Parc des Champs-Elysées;24.0;205;3.29484494310021;49.8498542551502;9.947440142942227;EN PLACE
Quartier Remicourt;Parc des Champs-Elysées;24.0;275;3.29464864991506;49.8499899791173;9.947440142942227;EN PLACE
Quartier Remicourt;Parc des Champs-Elysées;25.0;205;3.29446761645215;49.8502157523511;9.947440142942227;EN PLACE
Quartier Remicourt;Parc des Champs-Elysées;27.0;255;3.29425959818626;49.8503522170975;9.947440142942227;EN PLACE
Quartier Remicourt;Parc des Champs-Elysées;23.0;255;3.29424070148953;49.8505984720739;9.947440142942227;REMPLACÉ
Quartier Remicourt;Parc des Champs-Elysées;22.0;180;3.29432837254009;49.8505488637195;9.947440142942227;Essouché
Quartier Remicourt;Parc des Champs-Elysées;24.0;230;3.29446179400671;49.8504810363225;9.947440142942227;EN PLACE
Quartier Remicourt;Parc des Champs-Elysées;22.0;190;3.29464134601;49.8505081760217;9.947440142942227;Essouché
Quartier Remicourt;Parc des Champs-Elysées;23.0;245;3.29471009027438;49.8504443082352;9.947440142942227;ABATTU
Quartier Remicourt;Parc des Champs-Elysées;24.0;190;3.2945981173069;49.8504065457959;9.947440142942227;EN PLACE
Quartier Remicourt;Parc des Champs-Elysées;25.0;215;3.29452906168576;49.8504162211464;9.947440142942227;EN PLACE
Quartier Remicourt;Parc des Champs-Elysées;25.0;175;3.29444972978753;49.8504287722284;9.947440142942227;Essouché
Quartier Remicourt;Parc des Champs-Elysées;25.0;260;3.29437039075941;49.850440372975;9.947440142942227;Essouché
Quartier Remicourt;Parc des Champs-Elysées;27.0;225;3.29441681922528;49.8503318711507;9.947440142942227;EN PLACE
Quartier Remicourt;Parc des Champs-Elysées;25.0;210;3.29449615667662;49.8503202703757;9.947440142942227;Essouché
Quartier Remicourt;Parc des Champs-Elysées;25.0;235;3.29457696084295;49.8503077146682;9.947440142942227;Essouché
Quartier Remicourt;Parc des Champs-Elysées;25.0;215;3.29465189210768;49.8502970760415;9.947440142942227;Essouché
Quartier Remicourt;Parc des Champs-Elysées;24.0;245;3.29482223608307;49.8503091812227;9.947440142942227;EN PLACE
Quartier Remicourt;Parc des Champs-Elysées;24.0;285;3.29487489864289;49.8502100155102;9.947440142942227;EN PLACE
Quartier Remicourt;Parc des Champs-Elysées;22.0;215;3.29498420338553;49.8500405120501;9.947440142942227;Essouché
Quartier Remicourt;Parc des Champs-Elysées;24.0;210;3.29491545000952;49.8501024785348;9.947440142942227;EN PLACE
Quartier Remicourt;Parc des Champs-Elysées;22.0;195;3.29470121767596;49.8501809608309;9.947440142942227;EN PLACE
Quartier Remicourt;Parc des Champs-Elysées;25.0;225;3.29357809628066;49.8502340577465;9.947440142942227;EN PLACE
Quartier Remicourt;Parc des Champs-Elysées;25.0;185;3.29373675984752;49.8502089558054;9.947440142942227;EN PLACE
Quartier Remicourt;Parc des Champs-Elysées;24.0;225;3.29377438126163;49.8503581396398;9.947440142942227;EN PLACE
Quartier Remicourt;Parc des Champs-Elysées;24.0;235;3.29371295145559;49.8504153346847;9.947440142942227;EN PLACE
Quartier Remicourt;Parc des Champs-Elysées;19.0;215;3.29370688738103;49.8507031998166;9.947440142942227;EN PLACE
Quartier Remicourt;Parc des Champs-Elysées;25.0;270;3.29379132175005;49.8506827922302;9.947440142942227;EN PLACE
Quartier Remicourt;Parc des Champs-Elysées;25.0;240;3.29379718510411;49.8507433908429;9.947440142942227;EN PLACE
Quartier Remicourt;Parc des Champs-Elysées;22.0;160;3.29381405471287;49.8508003971645;9.947440142942227;EN PLACE
Quartier Remicourt;Parc des Champs-Elysées;24.0;170;3.29399618120024;49.8508272940559;9.947440142942227;EN PLACE
Quartier Remicourt;Parc des Champs-Elysées;25.0;290;3.29407911961309;49.8508663147436;9.947440142942227;EN PLACE
Quartier Remicourt;Parc des Champs-Elysées;24.0;170;3.29393219731823;49.8508880612443;9.947440142942227;EN PLACE
Quartier Remicourt;Parc des Champs-Elysées;22.0;180;3.29384220112996;49.8509001621102;9.947440142942227;EN PLACE
Quartier Remicourt;Parc des Champs-Elysées;25.0;260;3.2938627272339;49.8509535954224;9.947440142942227;EN PLACE
Quartier Remicourt;Parc des Champs-Elysées;25.0;175;3.29380056835382;49.8510119808701;9.947440142942227;EN PLACE
Quartier Remicourt;Parc des Champs-Elysées;25.0;190;3.29371788191798;49.8510169329556;9.947440142942227;EN PLACE
Quartier Remicourt;Parc des Champs-Elysées;30.0;210;3.29329447515127;49.8512247466899;9.947440142942227;Essouché
Quartier Remicourt;Parc des Champs-Elysées;30.0;270;3.29327768132812;49.8511808132493;9.947440142942227;Essouché
Quartier Remicourt;Parc des Champs-Elysées;28.0;235;3.29326268171821;49.8511297449325;9.947440142942227;EN PLACE
Quartier Remicourt;Parc des Champs-Elysées;24.0;215;3.29316501251355;49.8510860053631;9.947440142942227;EN PLACE
Quartier Remicourt;Parc des Champs-Elysées;22.0;195;3.29307289069465;49.8510481946073;9.947440142942227;EN PLACE
Quartier Remicourt;Parc des Champs-Elysées;21.0;245;3.29297522613444;49.8510056434162;9.947440142942227;EN PLACE
Quartier Remicourt;Parc des Champs-Elysées;24.0;180;3.29309554111945;49.8511515381826;9.947440142942227;EN PLACE
Quartier Remicourt;Parc des Champs-Elysées;24.0;240;3.29283596925474;49.8510820408432;9.947440142942227;EN PLACE
Quartier Remicourt;Parc des Champs-Elysées;24.0;275;3.29276067504876;49.8510941060059;9.947440142942227;EN PLACE
Quartier Remicourt;Parc des Champs-Elysées;21.0;195;3.29267801672211;49.8511038123808;9.947440142942227;EN PLACE
Quartier Remicourt;Parc des Champs-Elysées;22.0;265;3.29270980330969;49.8511976257635;9.947440142942227;EN PLACE
Quartier Remicourt;Parc des Champs-Elysées;27.0;195;3.29278695435005;49.8511891216491;9.947440142942227;EN PLACE
Quartier Remicourt;Parc des Champs-Elysées;27.0;265;3.29287908329948;49.8512281202585;9.947440142942227;EN PLACE
Quartier Remicourt;Parc des Champs-Elysées;26.0;245;3.29250624597152;49.8512801195257;9.947440142942227;EN PLACE
Quartier Remicourt;Parc des Champs-Elysées;18.0;115;3.29241557971487;49.8513680462062;9.947440142942227;EN PLACE
Quartier Remicourt;Parc des Champs-Elysées;20.0;150;3.29246718922684;49.8513928816674;9.947440142942227;EN PLACE
Quartier Remicourt;Parc des Champs-Elysées;12.0;130;3.29262845801392;49.8514367060604;9.947440142942227;EN PLACE
Quartier Remicourt;Parc des Champs-Elysées;26.0;285;3.2928542557115;49.8513862483237;9.947440142942227;Essouché
Quartier Remicourt;Parc des Champs-Elysées;24.0;175;3.29291457940056;49.8513278679689;9.947440142942227;EN PLACE
Quartier Remicourt;Parc des Champs-Elysées;28.0;260;3.29307434944564;49.8513025268341;9.947440142942227;EN PLACE
Quartier Remicourt;Parc des Champs-Elysées;28.0;220;3.29315152187713;49.8512975871733;9.947440142942227;EN PLACE
Quartier Remicourt;Parc des Champs-Elysées;29.0;280;3.2932304983731;49.8512867020125;9.947440142942227;Essouché
Quartier Remicourt;Parc des Champs-Elysées;22.0;240;3.29326415565164;49.85138645331;9.947440142942227;EN PLACE
Quartier Remicourt;Parc des Champs-Elysées;26.0;290;3.29312852622512;49.8514545230706;9.947440142942227;EN PLACE
Quartier Remicourt;Parc des Champs-Elysées;21.0;120;3.29284912690211;49.8517737062393;9.947440142942227;EN PLACE
Quartier Remicourt;Parc des Champs-Elysées;21.0;115;3.29279974380127;49.8518166099382;9.947440142942227;EN PLACE
Quartier Remicourt;Parc des Champs-Elysées;23.0;125;3.2926346757331;49.851879995632;9.947440142942227;EN PLACE
Quartier Remicourt;Parc des Champs-Elysées;22.0;130;3.29268586319726;49.8518311447662;9.947440142942227;EN PLACE
Quartier Remicourt;Parc des Champs-Elysées;24.0;160;3.29273157001569;49.8517882502815;9.947440142942227;EN PLACE
Quartier Remicourt;Parc des Champs-Elysées;23.0;140;3.29277891034186;49.8517439177151;9.947440142942227;EN PLACE
Quartier Remicourt;Parc des Champs-Elysées;23.0;165;3.29281907484537;49.8517064385253;9.947440142942227;EN PLACE
Quartier Remicourt;Parc des Champs-Elysées;23.0;175;3.29275191927372;49.8516781185954;9.947440142942227;EN PLACE
Quartier Remicourt;Parc des Champs-Elysées;23.0;115;3.29271267244407;49.8517155945759;9.947440142942227;EN PLACE
Quartier Remicourt;Parc des Champs-Elysées;23.0;105;3.2926652037089;49.8517596181619;9.947440142942227;EN PLACE
Quartier Remicourt;Parc des Champs-Elysées;27.0;195;3.2926186596669;49.8518048252739;9.947440142942227;EN PLACE
Quartier Remicourt;Parc des Champs-Elysées;23.0;115;3.29256753974648;49.8518524172684;9.947440142942227;EN PLACE
Quartier Remicourt;Parc des Champs-Elysées;23.0;170;3.29244829963616;49.8518633833932;9.947440142942227;EN PLACE
Quartier Remicourt;Parc des Champs-Elysées;23.0;145;3.29249576728111;49.8518193607995;9.947440142942227;EN PLACE
Quartier Remicourt;Parc des Champs-Elysées;23.0;165;3.29254414610603;49.8517735548912;9.947440142942227;EN PLACE
Quartier Remicourt;Parc des Champs-Elysées;22.0;140;3.29259161004112;49.8517289388908;9.947440142942227;EN PLACE
Quartier Remicourt;Parc des Champs-Elysées;21.0;155;3.29257650268534;49.8516548037649;9.947440142942227;EN PLACE
Quartier Remicourt;Parc des Champs-Elysées;21.0;170;3.29242105652153;49.851593465633;9.947440142942227;EN PLACE
Quartier Remicourt;Parc des Champs-Elysées;25.0;250;3.29237542797954;49.8516380778957;9.947440142942227;EN PLACE
Quartier Remicourt;Parc des Champs-Elysées;24.0;190;3.29233252634173;49.851678528826;9.947440142942227;EN PLACE
Quartier Remicourt;Parc des Champs-Elysées;20.0;180;3.29223845781618;49.8517582662579;9.947440142942227;EN PLACE
Quartier Remicourt;Parc des Champs-Elysées;20.0;195;3.29216762107712;49.8517281741337;9.947440142942227;EN PLACE
Quartier Remicourt;Parc des Champs-Elysées;20.0;185;3.29210320976452;49.8516980659811;9.947440142942227;EN PLACE
Quartier Remicourt;Parc des Champs-Elysées;20.0;175;3.29203879007979;49.8516667710639;9.947440142942227;EN PLACE
Quartier Remicourt;Parc des Champs-Elysées;20.0;215;3.2919688444556;49.8516319296028;9.947440142942227;EN PLACE
Quartier Remicourt;Parc des Champs-Elysées;20.0;170;3.29190997352524;49.851607742215;9.947440142942227;EN PLACE
Quartier Remicourt;Parc des Champs-Elysées;20.0;160;3.2919821648874;49.8517143764986;9.947440142942227;EN PLACE
Quartier Remicourt;Parc des Champs-Elysées;19.0;160;3.29211283135043;49.8517757741639;9.947440142942227;Essouché
Quartier Remicourt;Parc des Champs-Elysées;19.0;130;3.29234008828643;49.8518772906098;9.947440142942227;EN PLACE
Quartier Remicourt;Parc des Champs-Elysées;19.0;175;3.2924950661955;49.8520169554984;9.947440142942227;EN PLACE
Quartier Remicourt;Parc des Champs-Elysées;21.0;170;3.29242515231243;49.8519880470834;9.947440142942227;EN PLACE
Quartier Remicourt;Parc des Champs-Elysées;19.0;150;3.29235429177857;49.8519538015085;9.947440142942227;EN PLACE
Quartier Remicourt;Parc des Champs-Elysées;19.0;120;3.29228988005539;49.8519236934613;9.947440142942227;EN PLACE
Quartier Remicourt;Parc des Champs-Elysées;19.0;135;3.29213620096874;49.8518504830605;9.947440142942227;EN PLACE
Quartier Remicourt;Parc des Champs-Elysées;19.0;150;3.29207085415727;49.8518174112434;9.947440142942227;EN PLACE
Quartier Remicourt;Parc des Champs-Elysées;19.0;140;3.29200553780219;49.8517896778904;9.947440142942227;EN PLACE
Quartier Remicourt;Parc des Champs-Elysées;19.0;115;3.2919792166622;49.8518407717956;9.947440142942227;EN PLACE
Quartier Remicourt;Parc des Champs-Elysées;22.0;240;3.29208413950172;49.8518939244597;9.947440142942227;EN PLACE
Quartier Remicourt;Parc des Champs-Elysées;19.0;180;3.2923150620934;49.8519942441821;9.947440142942227;EN PLACE
Quartier Remicourt;Parc des Champs-Elysées;19.0;130;3.29238682409444;49.8520255215598;9.947440142942227;EN PLACE
Quartier Remicourt;Parc des Champs-Elysées;19.0;140;3.29220408806703;49.8520063771261;9.947440142942227;EN PLACE
Quartier Remicourt;Parc des Champs-Elysées;19.0;155;3.29190608398045;49.8518796066216;9.947440142942227;EN PLACE
Quartier Remicourt;Parc des Champs-Elysées;19.0;140;3.29182757311689;49.8518434270054;9.947440142942227;EN PLACE
Quartier Remicourt;Parc des Champs-Elysées;19.0;145;3.29166615533389;49.8517739294321;9.947440142942227;REMPLACÉ
Quartier Remicourt;Parc des Champs-Elysées;19.0;145;3.29152243523685;49.8517129466795;9.947440142942227;EN PLACE
Quartier Remicourt;Parc des Champs-Elysées;19.0;160;3.29150545078749;49.8516359732744;9.947440142942227;EN PLACE
Quartier Remicourt;Parc des Champs-Elysées;20.0;165;3.29157620872783;49.8516664678704;9.947440142942227;EN PLACE
Quartier Remicourt;Parc des Champs-Elysées;20.0;150;3.29164697946428;49.8516991012388;9.947440142942227;EN PLACE
Quartier Remicourt;Parc des Champs-Elysées;19.0;145;3.29179403018325;49.8517636412062;9.947440142942227;EN PLACE
Quartier Remicourt;Parc des Champs-Elysées;19.0;145;3.29187694152192;49.8517976710596;9.947440142942227;EN PLACE
Quartier Remicourt;Parc des Champs-Elysées;19.0;115;3.29183681098987;49.8517228931892;9.947440142942227;EN PLACE
Quartier Remicourt;Parc des Champs-Elysées;20.0;165;3.29175939743317;49.8516859969502;9.947440142942227;EN PLACE
Quartier Remicourt;Parc des Champs-Elysées;20.0;170;3.29162008663639;49.8516250033582;9.947440142942227;EN PLACE
Quartier Remicourt;Parc des Champs-Elysées;19.0;165;3.29154600527623;49.8515916661437;9.947440142942227;EN PLACE
Quartier Remicourt;Parc des Champs-Elysées;20.0;190;3.29173581375483;49.8516118926704;9.947440142942227;EN PLACE
Quartier Remicourt;Parc des Champs-Elysées;15.0;180;3.29136315498286;49.8517775883744;9.947440142942227;EN PLACE
Quartier Remicourt;Parc des Champs-Elysées;15.0;208;3.29142597956003;49.851805382212;9.947440142942227;EN PLACE
Quartier Remicourt;Parc des Champs-Elysées;15.0;136;3.29133806141077;49.851882401994;9.947440142942227;SUPPRIMÉ
Quartier Remicourt;Parc des Champs-Elysées;15.0;142;3.29128313712562;49.8519330317734;9.947440142942227;EN PLACE
Quartier Remicourt;Parc des Champs-Elysées;15.0;195;3.29122635338728;49.8519815102092;9.947440142942227;EN PLACE
Quartier Remicourt;Parc des Champs-Elysées;15.0;136;3.29116967048192;49.8520376294161;9.947440142942227;EN PLACE
Quartier Remicourt;Parc des Champs-Elysées;15.0;148;3.29111687833974;49.8520862938908;9.947440142942227;EN PLACE
Quartier Remicourt;Parc des Champs-Elysées;15.0;160;3.29100800566891;49.8521890944592;9.947440142942227;EN PLACE
Quartier Remicourt;Parc des Champs-Elysées;15.0;131;3.29094594887233;49.8522463012389;9.947440142942227;EN PLACE
Quartier Remicourt;Parc des Champs-Elysées;15.0;140;3.2908895295259;49.8522909216645;9.947440142942227;EN PLACE
Quartier Remicourt;Parc des Champs-Elysées;15.0;152;3.29083323381493;49.8523428141927;9.947440142942227;EN PLACE
Quartier Remicourt;Parc des Champs-Elysées;15.0;180;3.29077277817584;49.8524034899504;9.947440142942227;EN PLACE
Quartier Remicourt;Parc des Champs-Elysées;15.0;190;3.29071058252017;49.8524608210122;9.947440142942227;EN PLACE
Quartier Remicourt;Parc des Champs-Elysées;15.0;192;3.29065141347099;49.8525183216604;9.947440142942227;EN PLACE
Quartier Remicourt;Parc des Champs-Elysées;13.0;120;3.29059628317606;49.8525731474894;9.947440142942227;EN PLACE
Quartier Remicourt;Parc des Champs-Elysées;15.0;180;3.29053560393072;49.8526325560068;9.947440142942227;EN PLACE
Quartier Remicourt;Parc des Champs-Elysées;15.0;170;3.29047285174532;49.852692512647;9.947440142942227;EN PLACE
Quartier Remicourt;Parc des Champs-Elysées;15.0;153;3.29040900296826;49.8527551691216;9.947440142942227;EN PLACE
Quartier Remicourt;Parc des Champs-Elysées;15.0;144;3.29034805213371;49.8528162252721;9.947440142942227;EN PLACE
Quartier Remicourt;Parc des Champs-Elysées;15.0;190;3.29027759908854;49.8528811699078;9.947440142942227;EN PLACE
Quartier Remicourt;Parc des Champs-Elysées;15.0;190;3.29021737992168;49.8529366788222;9.947440142942227;EN PLACE
Quartier Remicourt;Parc des Champs-Elysées;15.0;165;3.29012371809063;49.8529060071636;9.947440142942227;EN PLACE
Quartier Remicourt;Parc des Champs-Elysées;15.0;180;3.29018763635842;49.8528451317008;9.947440142942227;EN PLACE
Quartier Remicourt;Parc des Champs-Elysées;15.0;169;3.29025468581464;49.8527814182436;9.947440142942227;EN PLACE
Quartier Remicourt;Parc des Champs-Elysées;15.0;157;3.29032069454247;49.8527197445723;9.947440142942227;EN PLACE
Quartier Remicourt;Parc des Champs-Elysées;15.0;173;3.29038009735147;49.8526605182373;9.947440142942227;EN PLACE
Quartier Remicourt;Parc des Champs-Elysées;15.0;170;3.29044434613657;49.8525977987516;9.947440142942227;EN PLACE
Quartier Remicourt;Parc des Champs-Elysées;15.0;160;3.29050489404276;49.8525380372779;9.947440142942227;EN PLACE
Quartier Remicourt;Parc des Champs-Elysées;15.0;154;3.29056582872885;49.8524802167676;9.947440142942227;EN PLACE
Quartier Remicourt;Parc des Champs-Elysées;15.0;164;3.2906206583407;49.8524267555576;9.947440142942227;EN PLACE
Quartier Remicourt;Parc des Champs-Elysées;15.0;158;3.29067932130177;49.8523706856691;9.947440142942227;EN PLACE
Quartier Remicourt;Parc des Champs-Elysées;15.0;154;3.29079647795642;49.8522579726226;9.947440142942227;EN PLACE
Quartier Remicourt;Parc des Champs-Elysées;15.0;155;3.29085331767634;49.8522009820323;9.947440142942227;EN PLACE
Quartier Remicourt;Parc des Champs-Elysées;15.0;160;3.29091601849448;49.852142396356;9.947440142942227;EN PLACE
Quartier Remicourt;Parc des Champs-Elysées;15.0;189;3.29096984550297;49.8520921030223;9.947440142942227;EN PLACE
Quartier Remicourt;Parc des Champs-Elysées;15.0;148;3.29102466577754;49.8520423736039;9.947440142942227;EN PLACE
Quartier Remicourt;Parc des Champs-Elysées;15.0;167;3.29107105479219;49.8519941871568;9.947440142942227;EN PLACE
Quartier Remicourt;Parc des Champs-Elysées;15.0;154;3.29113458793999;49.851938171484;9.947440142942227;EN PLACE
Quartier Remicourt;Parc des Champs-Elysées;15.0;157;3.29118715473662;49.8518890535349;9.947440142942227;EN PLACE
Quartier Remicourt;Parc des Champs-Elysées;15.0;154;3.29123855432656;49.8518410263102;9.947440142942227;EN PLACE
Quartier Remicourt;Parc des Champs-Elysées;14.0;125;3.29122668871198;49.8517183610912;9.947440142942227;EN PLACE
Quartier Remicourt;Parc des Champs-Elysées;15.0;153;3.29114033108146;49.8518010993287;9.947440142942227;EN PLACE
Quartier Remicourt;Parc des Champs-Elysées;14.0;107;3.29109018342615;49.8518506257247;9.947440142942227;EN PLACE
Quartier Remicourt;Parc des Champs-Elysées;15.0;147;3.29103902172818;49.8519015130804;9.947440142942227;EN PLACE
Quartier Remicourt;Parc des Champs-Elysées;15.0;155;3.29093439010011;49.8520040432504;9.947440142942227;EN PLACE
Quartier Remicourt;Parc des Champs-Elysées;15.0;140;3.29088079928777;49.8520547639339;9.947440142942227;EN PLACE
Quartier Remicourt;Parc des Champs-Elysées;15.0;144;3.29082666080411;49.8521060038025;9.947440142942227;EN PLACE
Quartier Remicourt;Parc des Champs-Elysées;15.0;144;3.2907692116863;49.8521629203711;9.947440142942227;EN PLACE
Quartier Remicourt;Parc des Champs-Elysées;15.0;119;3.29071459730951;49.852214611789;9.947440142942227;EN PLACE
Quartier Remicourt;Parc des Champs-Elysées;15.0;140;3.29065662309171;49.8522683703281;9.947440142942227;EN PLACE
Quartier Remicourt;Parc des Champs-Elysées;15.0;123;3.2905893464903;49.8523336732203;9.947440142942227;EN PLACE
Quartier Remicourt;Parc des Champs-Elysées;15.0;121;3.29053524110261;49.8523880235871;9.947440142942227;EN PLACE
Quartier Remicourt;Parc des Champs-Elysées;15.0;102;3.29047513989785;49.8524471015948;9.947440142942227;EN PLACE
Quartier Remicourt;Parc des Champs-Elysées;15.0;140;3.29041823396786;49.852501719558;9.947440142942227;EN PLACE
Quartier Remicourt;Parc des Champs-Elysées;15.0;140;3.29034668316401;49.8525674032847;9.947440142942227;EN PLACE
Quartier Remicourt;Parc des Champs-Elysées;15.0;153;3.29028582884867;49.8526294706037;9.947440142942227;EN PLACE
Quartier Remicourt;Parc des Champs-Elysées;15.0;155;3.29022583858839;49.8526834254006;9.947440142942227;EN PLACE
Quartier Remicourt;Parc des Champs-Elysées;15.0;140;3.29015816546161;49.8527474712369;9.947440142942227;EN PLACE
Quartier Remicourt;Parc des Champs-Elysées;15.0;140;3.29009734407417;49.8528097766198;9.947440142942227;EN PLACE
Quartier Remicourt;Parc des Champs-Elysées;15.0;170;3.29003841244247;49.8528692911375;9.947440142942227;EN PLACE
Quartier Remicourt;Parc des Champs-Elysées;15.0;189;3.28999705190878;49.8529084355507;9.947440142942227;EN PLACE
Quartier Remicourt;Parc des Champs-Elysées;22.0;149;3.29107304634985;49.8515236421954;9.947440142942227;EN PLACE
Quartier Remicourt;Parc des Champs-Elysées;22.0;130;3.29100883719628;49.8514960457941;9.947440142942227;EN PLACE
Quartier Remicourt;Parc des Champs-Elysées;22.0;126;3.29094260398377;49.8514675795946;9.947440142942227;EN PLACE
Quartier Remicourt;Parc des Champs-Elysées;20.0;150;3.29087084073011;49.8514367355767;9.947440142942227;EN PLACE
Quartier Remicourt;Parc des Champs-Elysées;19.0;130;3.2907980655063;49.8514054570813;9.947440142942227;EN PLACE
Quartier Remicourt;Parc des Champs-Elysées;14.0;105;3.29077393659838;49.851277774885;9.947440142942227;EN PLACE
Quartier Remicourt;Parc des Champs-Elysées;14.0;100;3.29094003791839;49.8512668984285;9.947440142942227;EN PLACE
Quartier Remicourt;Parc des Champs-Elysées;21.0;158;3.29088652091156;49.8513149199926;9.947440142942227;EN PLACE
Quartier Remicourt;Parc des Champs-Elysées;19.0;136;3.2910070044749;49.8513044180764;9.947440142942227;EN PLACE
Quartier Remicourt;Parc des Champs-Elysées;22.0;214;3.29103790710078;49.8513793485782;9.947440142942227;EN PLACE
Quartier Remicourt;Parc des Champs-Elysées;21.0;131;3.29098476900289;49.8514279617214;9.947440142942227;EN PLACE
Quartier Remicourt;Parc des Champs-Elysées;21.0;185;3.29104825208444;49.8514567071279;9.947440142942227;EN PLACE
Quartier Remicourt;Parc des Champs-Elysées;22.0;238;3.29109643756456;49.8514088470554;9.947440142942227;EN PLACE
Quartier Remicourt;Parc des Champs-Elysées;19.0;161;3.2912216145106;49.8514595704843;9.947440142942227;EN PLACE
Quartier Remicourt;Parc des Champs-Elysées;19.0;190;3.29126819203994;49.8514142217882;9.947440142942227;EN PLACE
Quartier Remicourt;Parc des Champs-Elysées;22.0;190;3.29122215128433;49.8513742705947;9.947440142942227;EN PLACE
Quartier Remicourt;Parc des Champs-Elysées;22.0;140;3.29115104779734;49.851294554382;9.947440142942227;EN PLACE
Quartier Remicourt;Parc des Champs-Elysées;22.0;199;3.29113471004967;49.8512493635327;9.947440142942227;EN PLACE
Quartier Remicourt;Parc des Champs-Elysées;19.0;90;3.29113112573351;49.8511790871435;9.947440142942227;EN PLACE
Quartier Remicourt;Parc des Champs-Elysées;21.0;219;3.29114343987742;49.8511315209708;9.947440142942227;EN PLACE
Quartier Remicourt;Parc des Champs-Elysées;21.0;151;3.29116880342088;49.8510738548372;9.947440142942227;EN PLACE
Quartier Remicourt;Parc des Champs-Elysées;20.0;194;3.29119073695383;49.8510101501715;9.947440142942227;EN PLACE
Quartier Remicourt;Parc des Champs-Elysées;20.0;166;3.2910517704766;49.8512605115392;9.947440142942227;EN PLACE
Quartier Remicourt;Parc des Champs-Elysées;20.0;126;3.29107708595766;49.8513131234034;9.947440142942227;EN PLACE
Quartier Remicourt;Parc des Champs-Elysées;21.0;170;3.29145657198255;49.8514972556608;9.947440142942227;EN PLACE
Quartier Remicourt;Parc des Champs-Elysées;21.0;164;3.29160564795861;49.8515112703533;9.947440142942227;EN PLACE
Quartier Remicourt;Parc des Champs-Elysées;21.0;177;3.29167634507494;49.8515128290192;9.947440142942227;EN PLACE
Quartier Remicourt;Parc des Champs-Elysées;21.0;171;3.29174813127824;49.8515043847694;9.947440142942227;EN PLACE
Quartier Remicourt;Parc des Champs-Elysées;21.0;178;3.29190070488325;49.8514705445905;9.947440142942227;EN PLACE
Quartier Remicourt;Parc des Champs-Elysées;21.0;173;3.29206179877374;49.8513784558441;9.947440142942227;EN PLACE
Quartier Remicourt;Parc des Champs-Elysées;21.0;206;3.29210516494541;49.8513403674622;9.947440142942227;EN PLACE
Quartier Remicourt;Parc des Champs-Elysées;21.0;215;3.29217399538739;49.8513708206454;9.947440142942227;EN PLACE
Quartier Remicourt;Parc des Champs-Elysées;21.0;165;3.29213084617954;49.8514121837629;9.947440142942227;EN PLACE
Quartier Remicourt;Parc des Champs-Elysées;20.0;168;3.29197271006232;49.8515005665432;9.947440142942227;EN PLACE
Quartier Remicourt;Parc des Champs-Elysées;16.0;119;3.29401630382655;49.8497014136384;9.947440142942227;EN PLACE
Quartier Remicourt;Parc des Champs-Elysées;20.0;103;3.2919141400413;49.8515253138663;9.947440142942227;EN PLACE
Quartier Remicourt;Parc des Champs-Elysées;20.0;116;3.29185310902308;49.8515372350931;9.947440142942227;EN PLACE
Quartier Remicourt;Parc des Champs-Elysées;20.0;118;3.29177615815735;49.8515535679462;9.947440142942227;EN PLACE
Quartier Remicourt;Parc des Champs-Elysées;20.0;185;3.29141571566025;49.8515359255501;9.947440142942227;EN PLACE
Quartier Remicourt;Parc des Champs-Elysées;16.0;128;3.29233288661208;49.8513152682292;9.947440142942227;EN PLACE
Quartier Remicourt;Parc des Champs-Elysées;16.0;112;3.29242159426389;49.8512302297523;9.947440142942227;EN PLACE
Quartier Remicourt;Parc des Champs-Elysées;16.0;115;3.29251665452718;49.8511391013741;9.947440142942227;EN PLACE
Quartier Remicourt;Parc des Champs-Elysées;16.0;110;3.29260807828724;49.8510514586165;9.947440142942227;EN PLACE
Quartier Remicourt;Parc des Champs-Elysées;16.0;122;3.29270156864078;49.8509618327142;9.947440142942227;EN PLACE
Quartier Remicourt;Parc des Champs-Elysées;16.0;132;3.29279615363513;49.8508711566061;9.947440142942227;EN PLACE
Quartier Remicourt;Parc des Champs-Elysées;16.0;123;3.29289089037538;49.8507803370894;9.947440142942227;EN PLACE
Quartier Remicourt;Parc des Champs-Elysées;16.0;133;3.29298531983217;49.850689810451;9.947440142942227;EN PLACE
Quartier Remicourt;Parc des Champs-Elysées;16.0;138;3.29306865958217;49.8506099157498;9.947440142942227;EN PLACE
Quartier Remicourt;Parc des Champs-Elysées;16.0;152;3.29316098001851;49.8505214108032;9.947440142942227;EN PLACE
Quartier Remicourt;Parc des Champs-Elysées;16.0;173;3.29325446835835;49.8504317853391;9.947440142942227;EN PLACE
Quartier Remicourt;Parc des Champs-Elysées;16.0;155;3.29337360220427;49.8503175722325;9.947440142942227;REMPLACÉ
Quartier Remicourt;Parc des Champs-Elysées;16.0;125;3.29346162744356;49.8502331855442;9.947440142942227;EN PLACE
Quartier Remicourt;Parc des Champs-Elysées;16.0;125;3.29355632576389;49.8501423979212;9.947440142942227;EN PLACE
Quartier Remicourt;Parc des Champs-Elysées;16.0;131;3.29364992878827;49.8500526603545;9.947440142942227;EN PLACE
Quartier Remicourt;Parc des Champs-Elysées;16.0;133;3.2937430641837;49.8499633707085;9.947440142942227;EN PLACE
Quartier Remicourt;Parc des Champs-Elysées;16.0;121;3.29383701906796;49.8498732958574;9.947440142942227;EN PLACE
Quartier Remicourt;Parc des Champs-Elysées;16.0;121;3.29391953761086;49.8497941856482;9.947440142942227;EN PLACE
Quartier Remicourt;Parc des Champs-Elysées;16.0;118;3.29410615724437;49.8496152678063;9.947440142942227;EN PLACE
Quartier Remicourt;Parc des Champs-Elysées;16.0;144;3.29419958131594;49.8495257019434;9.947440142942227;EN PLACE
Quartier Remicourt;Parc des Champs-Elysées;16.0;146;3.29405007729295;49.8495238396344;9.947440142942227;EN PLACE
Quartier Remicourt;Parc des Champs-Elysées;16.0;131;3.2939555359109;49.8496144780493;9.947440142942227;EN PLACE
Quartier Remicourt;Parc des Champs-Elysées;16.0;129;3.29386657945985;49.8496997620249;9.947440142942227;EN PLACE
Quartier Remicourt;Parc des Champs-Elysées;16.0;146;3.29377512175342;49.8497874427719;9.947440142942227;EN PLACE
Quartier Remicourt;Parc des Champs-Elysées;16.0;140;3.29368335266304;49.8498754227083;9.947440142942227;REMPLACÉ
Quartier Remicourt;Parc des Champs-Elysées;16.0;138;3.29359177817388;49.8499632150791;9.947440142942227;REMPLACÉ
Quartier Remicourt;Parc des Champs-Elysées;16.0;135;3.29349833005365;49.850052803872;9.947440142942227;EN PLACE
Quartier Remicourt;Parc des Champs-Elysées;16.0;141;3.29340449033332;49.8501427666721;9.947440142942227;EN PLACE
Quartier Remicourt;Parc des Champs-Elysées;16.0;131;3.29331287475538;49.8502305975746;9.947440142942227;EN PLACE
Quartier Remicourt;Parc des Champs-Elysées;16.0;132;3.29319737288578;49.8503413285101;9.947440142942227;EN PLACE
Quartier Remicourt;Parc des Champs-Elysées;16.0;139;3.29310525056314;49.8504296450965;9.947440142942227;EN PLACE
Quartier Remicourt;Parc des Champs-Elysées;16.0;136;3.29301211173236;49.850518934222;9.947440142942227;EN PLACE
Quartier Remicourt;Parc des Champs-Elysées;16.0;125;3.29291791767556;49.8506092337408;9.947440142942227;EN PLACE
Quartier Remicourt;Parc des Champs-Elysées;16.0;134;3.29283504638444;49.8506886821346;9.947440142942227;EN PLACE
Quartier Remicourt;Parc des Champs-Elysées;16.0;128;3.29273811974963;49.8507816009655;9.947440142942227;EN PLACE
Quartier Remicourt;Parc des Champs-Elysées;16.0;129;3.29264416111027;49.8508716749016;9.947440142942227;EN PLACE
Quartier Remicourt;Parc des Champs-Elysées;16.0;126;3.29255035974726;49.8509615991235;9.947440142942227;EN PLACE
Quartier Remicourt;Parc des Champs-Elysées;16.0;127;3.29245667139834;49.8510514124009;9.947440142942227;EN PLACE
Quartier Remicourt;Parc des Champs-Elysées;16.0;127;3.29236762955346;49.851136772706;9.947440142942227;EN PLACE
Quartier Remicourt;Parc des Champs-Elysées;17.0;148;3.29227256625852;49.8512279045667;9.947440142942227;EN PLACE
Quartier Remicourt;Parc des Champs-Elysées;17.0;186;3.29192616288565;49.8511387378803;9.947440142942227;EN PLACE
Quartier Remicourt;Parc des Champs-Elysées;17.0;147;3.29201698627268;49.8510516715733;9.947440142942227;EN PLACE
Quartier Remicourt;Parc des Champs-Elysées;17.0;151;3.29211018598607;49.850962326473;9.947440142942227;EN PLACE
Quartier Remicourt;Parc des Champs-Elysées;17.0;164;3.29220192122057;49.8508743856643;9.947440142942227;EN PLACE
Quartier Remicourt;Parc des Champs-Elysées;17.0;154;3.29229596639134;49.8507842291558;9.947440142942227;EN PLACE
Quartier Remicourt;Parc des Champs-Elysées;17.0;149;3.29238838395334;49.8506956346806;9.947440142942227;EN PLACE
Quartier Remicourt;Parc des Champs-Elysées;17.0;148;3.29248340314004;49.8506045432692;9.947440142942227;EN PLACE
Quartier Remicourt;Parc des Champs-Elysées;17.0;155;3.29257998287576;49.8505119554589;9.947440142942227;EN PLACE
Quartier Remicourt;Parc des Champs-Elysées;17.0;160;3.29266260959048;49.8504327451992;9.947440142942227;EN PLACE
Quartier Remicourt;Parc des Champs-Elysées;17.0;160;3.29275590373116;49.8503433067187;9.947440142942227;EN PLACE
Quartier Remicourt;Parc des Champs-Elysées;17.0;153;3.29284923071433;49.8502538366109;9.947440142942227;EN PLACE
Quartier Remicourt;Parc des Champs-Elysées;17.0;164;3.29296789640147;49.850140074603;9.947440142942227;EN PLACE
Quartier Remicourt;Parc des Champs-Elysées;17.0;153;3.29305328691082;49.85005821214;9.947440142942227;EN PLACE
Quartier Remicourt;Parc des Champs-Elysées;17.0;165;3.2931462879252;49.8499690545676;9.947440142942227;EN PLACE
Quartier Remicourt;Parc des Champs-Elysées;17.0;165;3.29324253888633;49.8498767789731;9.947440142942227;EN PLACE
Quartier Remicourt;Parc des Champs-Elysées;17.0;156;3.29333700328798;49.84978621686;9.947440142942227;EN PLACE
Quartier Remicourt;Parc des Champs-Elysées;17.0;166;3.29343146594529;49.8496956537718;9.947440142942227;EN PLACE
Quartier Remicourt;Parc des Champs-Elysées;17.0;163;3.29351321064;49.8496172856984;9.947440142942227;EN PLACE
Quartier Remicourt;Parc des Champs-Elysées;17.0;163;3.29360776943763;49.8495266323143;9.947440142942227;EN PLACE
Quartier Remicourt;Parc des Champs-Elysées;17.0;155;3.29370033985558;49.8494378835248;9.947440142942227;EN PLACE
Quartier Remicourt;Parc des Champs-Elysées;17.0;173;3.29378936758432;49.8493475809673;9.947440142942227;EN PLACE
Quartier Remicourt;Parc des Champs-Elysées;17.0;132;3.2936797351199;49.8493700097429;9.947440142942227;EN PLACE
Quartier Remicourt;Parc des Champs-Elysées;17.0;140;3.29358696155434;49.8494589514246;9.947440142942227;EN PLACE
Quartier Remicourt;Parc des Champs-Elysées;17.0;159;3.29349887849169;49.8495433986204;9.947440142942227;EN PLACE
Quartier Remicourt;Parc des Champs-Elysées;17.0;135;3.29340577938991;49.849632652936;9.947440142942227;EN PLACE
Quartier Remicourt;Parc des Champs-Elysées;17.0;135;3.29331678185992;49.8497179752539;9.947440142942227;EN PLACE
Quartier Remicourt;Parc des Champs-Elysées;17.0;132;3.29322283599212;49.8498080397809;9.947440142942227;EN PLACE
Quartier Remicourt;Parc des Champs-Elysées;17.0;131;3.29312766211417;49.8498992832566;9.947440142942227;EN PLACE
Quartier Remicourt;Parc des Champs-Elysées;17.0;131;3.29303277958581;49.8499902454187;9.947440142942227;EN PLACE
Quartier Remicourt;Parc des Champs-Elysées;17.0;133;3.29294611999378;49.8500733238594;9.947440142942227;REMPLACÉ
Quartier Remicourt;Parc des Champs-Elysées;17.0;133;3.29283022640857;49.8501844294238;9.947440142942227;EN PLACE
Quartier Remicourt;Parc des Champs-Elysées;17.0;132;3.29273950837029;49.8502713972417;9.947440142942227;EN PLACE
Quartier Remicourt;Parc des Champs-Elysées;17.0;141;3.29264426080064;49.8503627088146;9.947440142942227;EN PLACE
Quartier Remicourt;Parc des Champs-Elysées;17.0;140;3.29255268492904;49.8504504994538;9.947440142942227;EN PLACE
Quartier Remicourt;Parc des Champs-Elysées;17.0;133;3.29246731641119;49.8505323399029;9.947440142942227;EN PLACE
Quartier Remicourt;Parc des Champs-Elysées;17.0;130;3.29237277016416;49.8506229770037;9.947440142942227;EN PLACE
Quartier Remicourt;Parc des Champs-Elysées;17.0;135;3.29227826365511;49.8507135743667;9.947440142942227;EN PLACE
Quartier Remicourt;Parc des Champs-Elysées;17.0;129;3.29218613759509;49.8508018911201;9.947440142942227;REMPLACÉ
Quartier Remicourt;Parc des Champs-Elysées;17.0;141;3.29209350517992;49.8508906927475;9.947440142942227;EN PLACE
Quartier Remicourt;Parc des Champs-Elysées;17.0;125;3.29200208219097;49.8509783351072;9.947440142942227;EN PLACE
Quartier Remicourt;Parc des Champs-Elysées;17.0;146;3.29190738904688;49.8510691097319;9.947440142942227;EN PLACE
Quartier Remicourt;Parc des Champs-Elysées;17.0;145;3.29170799632983;49.8509868159817;9.947440142942227;EN PLACE
Quartier Remicourt;Parc des Champs-Elysées;17.0;128;3.29180199700583;49.8508967049394;9.947440142942227;EN PLACE
Quartier Remicourt;Parc des Champs-Elysées;17.0;131;3.29189107949174;49.8508113062954;9.947440142942227;EN PLACE
Quartier Remicourt;Parc des Champs-Elysées;17.0;138;3.2919840232016;49.8507222064644;9.947440142942227;EN PLACE
Quartier du Centre-Ville;Boulevard Léon Blum;14.0;230;3.29447931147334;49.8416573643842;9.947440142942227;EN PLACE
Quartier du Centre-Ville;Boulevard Léon Blum;14.0;250;3.29429542437806;49.8416103562337;9.947440142942227;EN PLACE
Quartier du Centre-Ville;Boulevard Léon Blum;14.0;190;3.29416320867902;49.8415777551741;9.947440142942227;EN PLACE
Quartier du Centre-Ville;Boulevard Léon Blum;14.0;200;3.29392417993287;49.8415175021469;9.947440142942227;EN PLACE
Quartier du Centre-Ville;Boulevard Léon Blum;14.0;255;3.29375186540305;49.8414734328538;9.947440142942227;EN PLACE
Quartier du Centre-Ville;Boulevard Léon Blum;14.0;210;3.29364778435281;49.8414471962552;9.947440142942227;EN PLACE
Quartier du Centre-Ville;Boulevard Léon Blum;14.0;255;3.29344710271507;49.8413960337866;9.947440142942227;EN PLACE
Quartier du Centre-Ville;Boulevard Léon Blum;14.0;235;3.29334317172642;49.8413694962577;9.947440142942227;EN PLACE
Quartier du Centre-Ville;Boulevard Léon Blum;14.0;250;3.29323905079272;49.8413425599298;9.947440142942227;EN PLACE
Quartier du Centre-Ville;Boulevard Léon Blum;14.0;230;3.29313559631048;49.8413152307555;9.947440142942227;EN PLACE
Quartier du Centre-Ville;Boulevard Léon Blum;14.0;160;3.29233460637318;49.841111579736;9.947440142942227;EN PLACE
Quartier du Centre-Ville;Boulevard Léon Blum;14.0;145;3.29224944913276;49.8410893917714;9.947440142942227;EN PLACE
Quartier du Centre-Ville;Boulevard Léon Blum;14.0;215;3.29214606417104;49.8410644512455;9.947440142942227;EN PLACE
Quartier du Centre-Ville;Boulevard Léon Blum;14.0;215;3.29164625531897;49.8409362136872;9.947440142942227;SUPPRIMÉ
Quartier du Centre-Ville;Boulevard Léon Blum;14.0;190;3.29155919028336;49.8409145451214;9.947440142942227;SUPPRIMÉ
Quartier du Centre-Ville;Boulevard Léon Blum;14.0;240;3.29116398129136;49.8408153567198;9.947440142942227;EN PLACE
Quartier du Centre-Ville;Boulevard Léon Blum;14.0;160;3.29107738928281;49.8407936776328;9.947440142942227;EN PLACE
Quartier du Centre-Ville;Boulevard Léon Blum;14.0;220;3.2908425251028;49.840734883355;9.947440142942227;EN PLACE
Quartier du Centre-Ville;Boulevard Léon Blum;14.0;230;3.29073541698753;49.8407070675349;9.947440142942227;EN PLACE
Quartier du Centre-Ville;Boulevard Léon Blum;14.0;235;3.29062912710375;49.8406810117432;9.947440142942227;REMPLACÉ
Quartier du Centre-Ville;Boulevard Léon Blum;14.0;230;3.29030791411389;49.8406011665511;9.947440142942227;EN PLACE
Quartier du Centre-Ville;Boulevard Léon Blum;14.0;240;3.29021511493422;49.8405774676124;9.947440142942227;EN PLACE
Quartier du Centre-Ville;Boulevard Léon Blum;14.0;265;3.28993073226006;49.8405059661784;9.947440142942227;EN PLACE
Quartier du Centre-Ville;Boulevard Léon Blum;14.0;250;3.28982717990901;49.8404800485461;9.947440142942227;EN PLACE
Quartier du Centre-Ville;Boulevard Léon Blum;14.0;260;3.28972129984574;49.840453072983;9.947440142942227;EN PLACE
Quartier du Centre-Ville;Boulevard Léon Blum;14.0;200;3.28953604346921;49.84040664694;9.947440142942227;EN PLACE
Quartier du Centre-Ville;Boulevard Léon Blum;14.0;260;3.28942050605797;49.8403775165099;9.947440142942227;EN PLACE
Quartier du Centre-Ville;Boulevard Léon Blum;14.0;210;3.28911468439971;49.8403013890605;9.947440142942227;EN PLACE
Quartier du Centre-Ville;Boulevard Léon Blum;14.0;260;3.28890417819935;49.8402480978703;9.947440142942227;EN PLACE
Quartier du Centre-Ville;Boulevard Léon Blum;14.0;250;3.28869648405469;49.8401965795198;9.947440142942227;EN PLACE
Quartier du Centre-Ville;Boulevard Léon Blum;14.0;240;3.28849282836393;49.840145230688;9.947440142942227;EN PLACE
Quartier du Centre-Ville;Boulevard Léon Blum;14.0;242;3.28839101808406;49.8401195610412;9.947440142942227;EN PLACE
Quartier du Centre-Ville;Boulevard Léon Blum;15.0;260;3.28832955444834;49.8402191163017;9.947440142942227;EN PLACE
Quartier du Centre-Ville;Boulevard Léon Blum;14.0;195;3.28853344889841;49.8402703830143;9.947440142942227;EN PLACE
Quartier du Centre-Ville;Boulevard Léon Blum;14.0;270;3.28863223227945;49.8402951896923;9.947440142942227;EN PLACE
Quartier du Centre-Ville;Boulevard Léon Blum;14.0;270;3.28873578273779;49.8403211964905;9.947440142942227;EN PLACE
Quartier du Centre-Ville;Boulevard Léon Blum;14.0;255;3.28883698972056;49.8403462973197;9.947440142942227;EN PLACE
Quartier du Centre-Ville;Boulevard Léon Blum;14.0;235;3.28894180198544;49.8403731333582;9.947440142942227;EN PLACE
Quartier du Centre-Ville;Boulevard Léon Blum;14.0;270;3.28904559486388;49.8403991743495;9.947440142942227;EN PLACE
Quartier du Centre-Ville;Boulevard Léon Blum;14.0;272;3.2891504089783;49.8404239252835;9.947440142942227;EN PLACE
Quartier du Centre-Ville;Boulevard Léon Blum;14.0;200;3.28935160483034;49.8404748528832;9.947440142942227;EN PLACE
Quartier du Centre-Ville;Boulevard Léon Blum;14.0;198;3.28955375344154;49.8405272072888;9.947440142942227;EN PLACE
Quartier du Centre-Ville;Boulevard Léon Blum;14.0;233;3.28965828848233;49.8405533412076;9.947440142942227;EN PLACE
Quartier du Centre-Ville;Boulevard Léon Blum;14.0;243;3.28976213728203;49.8405790703535;9.947440142942227;EN PLACE
Quartier du Centre-Ville;Boulevard Léon Blum;14.0;245;3.29068647287531;49.8408131543246;9.947440142942227;EN PLACE
Quartier du Centre-Ville;Boulevard Léon Blum;14.0;235;3.29088880337711;49.8408645242096;9.947440142942227;EN PLACE
Quartier du Centre-Ville;Boulevard Léon Blum;14.0;210;3.29101205460346;49.8408949053368;9.947440142942227;EN PLACE
Quartier du Centre-Ville;Boulevard Léon Blum;14.0;155;3.29111029144887;49.8409185506011;9.947440142942227;EN PLACE
Quartier du Centre-Ville;Boulevard Léon Blum;14.0;270;3.29121076829762;49.8409441258961;9.947440142942227;EN PLACE
Quartier du Centre-Ville;Boulevard Léon Blum;14.0;285;3.29266624120999;49.8413152394092;9.947440142942227;EN PLACE
Quartier du Centre-Ville;Boulevard Léon Blum;14.0;190;3.29276745429023;49.8413381143647;9.947440142942227;EN PLACE
Quartier du Centre-Ville;Boulevard Léon Blum;12.0;105;3.29372339262107;49.8415770404072;9.947440142942227;EN PLACE
Quartier du Centre-Ville;Boulevard Léon Blum;12.0;110;3.29389774105107;49.8416212916525;9.947440142942227;EN PLACE
Quartier du Centre-Ville;Boulevard Léon Blum;14.0;120;3.2944192710586;49.8417514178934;9.947440142942227;EN PLACE
Quartier du Centre-Ville;Place Gracchus Babeuf;9.0;105;3.28565719871053;49.848327333007;9.947440142942227;EN PLACE
Quartier du Centre-Ville;Place Gracchus Babeuf;10.0;135;3.28533225706954;49.8483399097821;9.947440142942227;EN PLACE
Quartier du Centre-Ville;Place Gracchus Babeuf;11.0;140;3.2854019944927;49.8482819724576;9.947440142942227;EN PLACE
Quartier du Centre-Ville;Place Gracchus Babeuf;11.0;125;3.28546657747271;49.8482283190288;9.947440142942227;EN PLACE
Quartier du Centre-Ville;Place Gracchus Babeuf;10.0;105;3.28553046706417;49.8481752390476;9.947440142942227;EN PLACE
Quartier du Centre-Ville;Place Gracchus Babeuf;10.0;115;3.28560389019129;49.8481142403453;9.947440142942227;EN PLACE
Quartier du Centre-Ville;Place Gracchus Babeuf;9.0;115;3.28570298060803;49.8480319165055;9.947440142942227;EN PLACE
Quartier du Centre-Ville;Place Gracchus Babeuf;10.0;145;3.28577946955835;49.8479683703997;9.947440142942227;EN PLACE
Quartier du Centre-Ville;Place Gracchus Babeuf;9.0;90;3.28583749858458;49.8479201612002;9.947440142942227;EN PLACE
Quartier du Centre-Ville;Place Gracchus Babeuf;10.0;130;3.28591139138693;49.8478587691658;9.947440142942227;EN PLACE
Quartier du Centre-Ville;Place Gracchus Babeuf;10.0;135;3.28596307874589;49.8478158267209;9.947440142942227;EN PLACE
Quartier du Centre-Ville;Place Gaspard de Coligny;10.0;130;3.28700594237625;49.8472569893207;9.947440142942227;EN PLACE
Quartier du Centre-Ville;Place Gaspard de Coligny;10.0;75;3.2869559668894;49.8472956899118;9.947440142942227;EN PLACE
Quartier du Centre-Ville;Place Gaspard de Coligny;10.0;120;3.28691255633688;49.8473293478236;9.947440142942227;EN PLACE
Quartier du Centre-Ville;Place Gaspard de Coligny;9.0;70;3.28685792627258;49.8473717036141;9.947440142942227;EN PLACE
Quartier du Centre-Ville;Place Gaspard de Coligny;10.0;105;3.28680551343381;49.8474123403639;9.947440142942227;EN PLACE
Quartier du Centre-Ville;Place Gaspard de Coligny;11.0;120;3.28675468114546;49.847451751414;9.947440142942227;EN PLACE
Quartier du Centre-Ville;Place Gaspard de Coligny;10.0;125;3.28661317867636;49.847549241576;9.947440142942227;REMPLACÉ
Quartier du Centre-Ville;Place Gaspard de Coligny;7.0;70;3.28651408521995;49.8476315698111;9.947440142942227;EN PLACE
Quartier du Centre-Ville;Place Gaspard de Coligny;9.0;105;3.28646305716503;49.847673966068;9.947440142942227;EN PLACE
Quartier du Centre-Ville;Place Gaspard de Coligny;10.0;130;3.28641605271201;49.8477130178934;9.947440142942227;EN PLACE
Quartier du Centre-Ville;Place Gaspard de Coligny;7.0;45;3.28619692867846;49.8476071438;9.947440142942227;EN PLACE
Quartier du Centre-Ville;Place Gaspard de Coligny;10.0;130;3.28624563926312;49.8475666745875;9.947440142942227;EN PLACE
Quartier du Centre-Ville;Place Gaspard de Coligny;7.0;60;3.28629624261829;49.8475246327873;9.947440142942227;EN PLACE
Quartier du Centre-Ville;Place Gaspard de Coligny;9.0;50;3.28634366762198;49.8474852320467;9.947440142942227;EN PLACE
Quartier du Centre-Ville;Place Gaspard de Coligny;10.0;130;3.28638580834892;49.8474502198743;9.947440142942227;EN PLACE
Quartier du Centre-Ville;Place Gaspard de Coligny;10.0;120;3.28652109535085;49.8473426029187;9.947440142942227;EN PLACE
Quartier du Centre-Ville;Place Gaspard de Coligny;9.0;62;3.28657654727739;49.847298563148;9.947440142942227;EN PLACE
Quartier du Centre-Ville;Place Gaspard de Coligny;7.0;45;3.28662390444062;49.8472609542704;9.947440142942227;EN PLACE
Quartier du Centre-Ville;Place Gaspard de Coligny;6.0;90;3.28667748371756;49.8472184024618;9.947440142942227;EN PLACE
Quartier du Centre-Ville;Place Gaspard de Coligny;6.0;45;3.28672370866012;49.8471816917653;9.947440142942227;EN PLACE
Quartier du Centre-Ville;Place Gaspard de Coligny;8.0;50;3.28677197207192;49.8471433622677;9.947440142942227;EN PLACE
Quartier du Centre-Ville;Place Noël Regnier;8.0;120;3.28683961613503;49.8479474514964;9.947440142942227;REMPLACÉ
Quartier du Centre-Ville;Place Noël Regnier;5.0;125;3.28690149230023;49.8479008452718;9.947440142942227;REMPLACÉ
Quartier du Centre-Ville;Place Noël Regnier;6.0;90;3.28696288415799;49.8478506134121;9.947440142942227;REMPLACÉ
Quartier du Centre-Ville;Place Noël Regnier;10.0;135;3.28674614214861;49.8476284706179;9.947440142942227;EN PLACE
Quartier du Centre-Ville;Place Noël Regnier;6.0;135;3.28663484739984;49.8476780339487;9.947440142942227;REMPLACÉ
Quartier du Centre-Ville;Boulevard Victor Hugo;9.0;80;3.28744452421929;49.8409029690558;9.947440142942227;EN PLACE
Quartier du Centre-Ville;Boulevard Victor Hugo;9.0;96;3.28449326091529;49.8418629089406;9.947440142942227;EN PLACE
Quartier du Centre-Ville;Quai Gayant;5.0;24;3.29417939045744;49.8407329901623;9.947440142942227;EN PLACE
Quartier Remicourt;Boulevard Roosevelt;9.0;77;3.29448680308507;49.8533385344966;9.947440142942227;REMPLACÉ
Quartier Saint-Jean;Rue Emile Billon;6.0;233;3.27909389007067;49.8542180795985;9.947440142942227;REMPLACÉ
Quartier Saint-Jean;Rue Emile Billon;6.0;270;3.27981081512465;49.8533375476557;9.947440142942227;REMPLACÉ
Quartier du Vermandois;Rue de Lille;7.0;155;3.26552410346826;49.8637517712853;9.947440142942227;Essouché
Quartier Saint-Jean;Rue du Président John Fitzgerald Kennedy;12.0;130;3.27222065009092;49.8691954528856;9.947440142942227;EN PLACE
Quartier Saint-Jean;Rue du Président John Fitzgerald Kennedy;13.0;188;3.27230586206899;49.8689977917499;9.947440142942227;EN PLACE
Quartier Saint-Jean;Rue du Président John Fitzgerald Kennedy;13.0;162;3.27248159594888;49.8686472860234;9.947440142942227;EN PLACE
Quartier Saint-Jean;Rue du Président John Fitzgerald Kennedy;10.0;165;3.27273923169053;49.8681477752832;9.947440142942227;Non essouché
Quartier Saint-Jean;Rue du Président John Fitzgerald Kennedy;10.0;140;3.27282906096171;49.8679647097423;9.947440142942227;SUPPRIMÉ
HARLY;Stade Marcel Bienfait;23.0;200;3.32595421564606;49.8375625119915;9.947440142942227;EN PLACE
HARLY;Stade Marcel Bienfait;23.0;170;3.32594183679669;49.8376096094659;9.947440142942227;EN PLACE
HARLY;Stade Marcel Bienfait;20.0;100;3.32592731204226;49.8376659840041;9.947440142942227;EN PLACE
HARLY;Stade Marcel Bienfait;21.0;130;3.32591440732189;49.8377170055326;9.947440142942227;EN PLACE
HARLY;Stade Marcel Bienfait;22.0;200;3.32589930461089;49.8377694590704;9.947440142942227;EN PLACE
HARLY;Stade Marcel Bienfait;21.0;185;3.32588642210436;49.8378240453046;9.947440142942227;EN PLACE
HARLY;Stade Marcel Bienfait;18.0;90;3.32587082092428;49.8378843445185;9.947440142942227;EN PLACE
HARLY;Stade Marcel Bienfait;20.0;180;3.32585954048261;49.837931082001;9.947440142942227;EN PLACE
HARLY;Stade Marcel Bienfait;20.0;145;3.32584501219721;49.8379867435759;9.947440142942227;EN PLACE
HARLY;Stade Marcel Bienfait;20.0;140;3.3258326672396;49.838039189443;9.947440142942227;EN PLACE
HARLY;Stade Marcel Bienfait;20.0;200;3.3258202891319;49.838086643819;9.947440142942227;EN PLACE
HARLY;Stade Marcel Bienfait;20.0;185;3.32580414301917;49.8381480135116;9.947440142942227;EN PLACE
HARLY;Stade Marcel Bienfait;20.0;180;3.32579178614762;49.8381986765679;9.947440142942227;EN PLACE
HARLY;Stade Marcel Bienfait;20.0;200;3.32577723975642;49.8382518423878;9.947440142942227;EN PLACE
HARLY;Stade Marcel Bienfait;20.0;190;3.32576324894311;49.8383053617913;9.947440142942227;EN PLACE
HARLY;Stade Marcel Bienfait;20.0;180;3.32574816954604;49.8383613809019;9.947440142942227;EN PLACE
HARLY;Stade Marcel Bienfait;18.0;160;3.3257352431692;49.8384091937102;9.947440142942227;EN PLACE
HARLY;Stade Marcel Bienfait;20.0;150;3.32572020627549;49.838471629286;9.947440142942227;EN PLACE
HARLY;Stade Marcel Bienfait;20.0;155;3.32570730781295;49.8385240775633;9.947440142942227;EN PLACE
HARLY;Stade Marcel Bienfait;20.0;155;3.32569335329619;49.8385833013849;9.947440142942227;EN PLACE
HARLY;Stade Marcel Bienfait;20.0;155;3.32567990902803;49.8386364641252;9.947440142942227;EN PLACE
HARLY;Stade Marcel Bienfait;20.0;150;3.32566701325337;49.8386889114876;9.947440142942227;EN PLACE
HARLY;Stade Marcel Bienfait;20.0;140;3.32564169309914;49.8387932115172;9.947440142942227;EN PLACE
HARLY;Stade Marcel Bienfait;20.0;160;3.32562852810867;49.8388497242669;9.947440142942227;EN PLACE
HARLY;Stade Marcel Bienfait;18.0;130;3.32561797213322;49.8389003346425;9.947440142942227;EN PLACE
HARLY;Stade Marcel Bienfait;18.0;170;3.32560449990111;49.8389547561274;9.947440142942227;EN PLACE
HARLY;Stade Marcel Bienfait;18.0;120;3.32559304350916;49.8390027068808;9.947440142942227;EN PLACE
HARLY;Stade Marcel Bienfait;18.0;150;3.32558045016398;49.8390565568179;9.947440142942227;EN PLACE
HARLY;Stade Marcel Bienfait;18.0;145;3.32556776070723;49.8391126879328;9.947440142942227;EN PLACE
HARLY;Stade Marcel Bienfait;18.0;150;3.32555486329162;49.8391651343769;9.947440142942227;EN PLACE
HARLY;Stade Marcel Bienfait;19.0;145;3.32554088477894;49.839220794358;9.947440142942227;EN PLACE
HARLY;Stade Marcel Bienfait;19.0;150;3.32552690150165;49.839275740496;9.947440142942227;EN PLACE
HARLY;Stade Marcel Bienfait;18.0;135;3.32551346770133;49.8393303281805;9.947440142942227;EN PLACE
HARLY;Stade Marcel Bienfait;20.0;165;3.32550221120245;49.8393809881274;9.947440142942227;EN PLACE
HARLY;Stade Marcel Bienfait;21.0;165;3.32548879250719;49.8394380724525;9.947440142942227;EN PLACE
HARLY;Stade Marcel Bienfait;19.0;195;3.32547652300085;49.8394953019329;9.947440142942227;EN PLACE
HARLY;Stade Marcel Bienfait;21.0;180;3.32546307157032;49.839547037839;9.947440142942227;EN PLACE
HARLY;Stade Marcel Bienfait;24.0;175;3.32544780067266;49.8396017492788;9.947440142942227;EN PLACE
HARLY;Stade Marcel Bienfait;23.0;240;3.32543530721225;49.8396600195831;9.947440142942227;EN PLACE
HARLY;Stade Marcel Bienfait;22.0;265;3.32542366053466;49.8397069962517;9.947440142942227;EN PLACE
HARLY;Stade Marcel Bienfait;22.0;205;3.32540841505994;49.8396214642573;9.947440142942227;EN PLACE
HARLY;Stade Marcel Bienfait;20.0;200;3.32542096345512;49.8395721079757;9.947440142942227;EN PLACE
HARLY;Stade Marcel Bienfait;20.0;205;3.32545761778778;49.8394121562986;9.947440142942227;EN PLACE
HARLY;Stade Marcel Bienfait;20.0;170;3.3254710548313;49.8393580451151;9.947440142942227;EN PLACE
HARLY;Stade Marcel Bienfait;20.0;180;3.32548539632871;49.8393015525095;9.947440142942227;EN PLACE
HARLY;Stade Marcel Bienfait;19.0;175;3.32549791582676;49.8392474420663;9.947440142942227;EN PLACE
HARLY;Stade Marcel Bienfait;20.0;135;3.32551228345641;49.8391951102292;9.947440142942227;EN PLACE
HARLY;Stade Marcel Bienfait;20.0;190;3.3255229992407;49.8391463523884;9.947440142942227;EN PLACE
HARLY;Stade Marcel Bienfait;20.0;180;3.32553823329064;49.8390856982464;9.947440142942227;EN PLACE
HARLY;Stade Marcel Bienfait;20.0;180;3.32555076171641;49.8390333706025;9.947440142942227;EN PLACE
HARLY;Stade Marcel Bienfait;20.0;150;3.32556052843535;49.83897986116;9.947440142942227;EN PLACE
HARLY;Stade Marcel Bienfait;20.0;145;3.3255757925227;49.8389239611522;9.947440142942227;EN PLACE
HARLY;Stade Marcel Bienfait;20.0;170;3.32558558539409;49.8388746124801;9.947440142942227;EN PLACE
HARLY;Stade Marcel Bienfait;20.0;165;3.3255999212934;49.8388175264843;9.947440142942227;EN PLACE
HARLY;Stade Marcel Bienfait;20.0;185;3.32561063690825;49.8387687686275;9.947440142942227;EN PLACE
HARLY;Stade Marcel Bienfait;20.0;175;3.32562408681495;49.8387164393111;9.947440142942227;EN PLACE
HARLY;Stade Marcel Bienfait;20.0;185;3.32563844625995;49.8386629171136;9.947440142942227;EN PLACE
HARLY;Stade Marcel Bienfait;20.0;185;3.32565370622441;49.8386064237195;9.947440142942227;EN PLACE
HARLY;Stade Marcel Bienfait;20.0;170;3.325668031525;49.8385475540032;9.947440142942227;EN PLACE
HARLY;Stade Marcel Bienfait;20.0;195;3.32569579216646;49.8384339778786;9.947440142942227;EN PLACE
HARLY;Stade Marcel Bienfait;20.0;80;3.32570738564249;49.8383792756826;9.947440142942227;EN PLACE
HARLY;Stade Marcel Bienfait;20.0;100;3.32572378167137;49.8383278884765;9.947440142942227;EN PLACE
HARLY;Stade Marcel Bienfait;18.0;75;3.32575068134265;49.8382237044977;9.947440142942227;EN PLACE
HARLY;Stade Marcel Bienfait;20.0;95;3.3257800745002;49.8381069132628;9.947440142942227;EN PLACE
HARLY;Stade Marcel Bienfait;20.0;170;3.32580480239437;49.8380077268695;9.947440142942227;EN PLACE
HARLY;Stade Marcel Bienfait;18.0;80;3.3258181004992;49.8379608642184;9.947440142942227;EN PLACE
HARLY;Stade Marcel Bienfait;18.0;85;3.32583245952367;49.8379073437779;9.947440142942227;EN PLACE
HARLY;Stade Marcel Bienfait;20.0;165;3.32584714914698;49.8378479263811;9.947440142942227;EN PLACE
HARLY;Stade Marcel Bienfait;18.0;75;3.32585857107032;49.8377946505409;9.947440142942227;EN PLACE
HARLY;Stade Marcel Bienfait;20.0;100;3.32587293965692;49.8377427942249;9.947440142942227;EN PLACE
HARLY;Stade Marcel Bienfait;20.0;125;3.32588367211871;49.8376966507392;9.947440142942227;EN PLACE
Quartier de Neuville;Terrain aventure Neuville;24.0;275;3.32023545656561;49.8362593316333;9.947440142942227;EN PLACE
Quartier de Neuville;Terrain aventure Neuville;22.0;240;3.32031353492607;49.8362270365134;9.947440142942227;EN PLACE
Quartier de Neuville;Terrain aventure Neuville;23.0;230;3.32039382940111;49.8361965190272;9.947440142942227;EN PLACE
Quartier de Neuville;Terrain aventure Neuville;24.0;235;3.32066907772928;49.8360763514599;9.947440142942227;Essouché
Quartier de Neuville;Terrain aventure Neuville;23.0;170;3.32073873107279;49.8360488324028;9.947440142942227;EN PLACE
Quartier de Neuville;Terrain aventure Neuville;22.0;170;3.32081297587036;49.8360207082733;9.947440142942227;EN PLACE
Quartier de Neuville;Terrain aventure Neuville;25.0;210;3.32095410062627;49.8359620992989;9.947440142942227;EN PLACE
Quartier de Neuville;Terrain aventure Neuville;25.0;200;3.32104578546738;49.8359315520117;9.947440142942227;EN PLACE
Quartier de Neuville;Terrain aventure Neuville;23.0;195;3.32117949599329;49.8358628611984;9.947440142942227;EN PLACE
Quartier de Neuville;Terrain aventure Neuville;22.0;220;3.32125375440795;49.835837112067;9.947440142942227;EN PLACE
Quartier de Neuville;Terrain aventure Neuville;25.0;220;3.32172226228812;49.8358554894591;9.947440142942227;SUPPRIMÉ
Quartier de Neuville;Terrain aventure Neuville;26.0;205;3.32167784425739;49.8358050947875;9.947440142942227;SUPPRIMÉ
Quartier de Neuville;Terrain aventure Neuville;25.0;195;3.32160946979306;49.8357730661215;9.947440142942227;SUPPRIMÉ
Quartier de Neuville;Terrain aventure Neuville;26.0;205;3.32146476621884;49.8358175416735;9.947440142942227;SUPPRIMÉ
Quartier de Neuville;Terrain aventure Neuville;24.0;160;3.32138387341322;49.8358403368109;9.947440142942227;Essouché
Quartier de Neuville;Terrain aventure Neuville;26.0;185;3.32146602126294;49.8358710206507;9.947440142942227;SUPPRIMÉ
Quartier de Neuville;Terrain aventure Neuville;26.0;200;3.32141279419029;49.8359101433909;9.947440142942227;SUPPRIMÉ
Quartier de Neuville;Terrain aventure Neuville;25.0;155;3.32133305146394;49.8358820673977;9.947440142942227;Essouché
Quartier de Neuville;Terrain aventure Neuville;23.0;135;3.32122924670786;49.8358847169686;9.947440142942227;Essouché
Quartier de Neuville;Terrain aventure Neuville;25.0;185;3.32127545263586;49.8359271448335;9.947440142942227;SUPPRIMÉ
Quartier de Neuville;Terrain aventure Neuville;25.0;190;3.32119408791956;49.8359333013185;9.947440142942227;SUPPRIMÉ
HARLY;Terrain aventure Neuville;22.0;140;3.3211137427458;49.8368031426526;9.947440142942227;Essouché
HARLY;Terrain aventure Neuville;20.0;105;3.32118649843942;49.8368302867014;9.947440142942227;Essouché
HARLY;Terrain aventure Neuville;20.0;190;3.32118082005644;49.8368041548732;9.947440142942227;EN PLACE
HARLY;Terrain aventure Neuville;20.0;235;3.32114389440086;49.8367763230095;9.947440142942227;EN PLACE
HARLY;Terrain aventure Neuville;18.0;220;3.32179917893882;49.8368054982092;9.947440142942227;EN PLACE
HARLY;Terrain aventure Neuville;20.0;230;3.32181727291056;49.8367608812875;9.947440142942227;SUPPRIMÉ
Quartier de Neuville;Terrain aventure Neuville;20.0;190;3.32182335241003;49.8367050060071;9.947440142942227;EN PLACE
Quartier de Neuville;Terrain aventure Neuville;20.0;240;3.32177342311898;49.8366552198783;9.947440142942227;EN PLACE
Quartier du Centre-Ville;Rue du Colonel Driant;25.0;175;3.28173538171432;49.8412916909541;9.947440142942227;Essouché
Quartier du Centre-Ville;Rue du Colonel Driant;25.0;190;3.28179313217004;49.8412665990188;9.947440142942227;EN PLACE
Quartier du Centre-Ville;Rue du Colonel Driant;25.0;190;3.28185179837552;49.8412412081672;9.947440142942227;EN PLACE
Quartier du Centre-Ville;Rue du Colonel Driant;25.0;165;3.28190496753428;49.8412182066939;9.947440142942227;EN PLACE
Quartier du Centre-Ville;Rue du Colonel Driant;26.0;235;3.28195996793889;49.8411943098324;9.947440142942227;EN PLACE
Quartier du Centre-Ville;Rue du Colonel Driant;26.0;250;3.28198279307284;49.8411576993618;9.947440142942227;EN PLACE
Quartier du Centre-Ville;Rue du Colonel Driant;25.0;195;3.28191855185787;49.8411854196394;9.947440142942227;EN PLACE
Quartier du Centre-Ville;Rue du Colonel Driant;25.0;185;3.28187836272818;49.8412028175981;9.947440142942227;EN PLACE
Quartier du Centre-Ville;Rue du Colonel Driant;25.0;210;3.28181793563958;49.8412290092552;9.947440142942227;EN PLACE
Quartier du Centre-Ville;Rue du Colonel Driant;25.0;200;3.28175927151857;49.8412550060491;9.947440142942227;EN PLACE
Quartier du Centre-Ville;Rue du Colonel Driant;25.0;160;3.28170588474289;49.8412781383413;9.947440142942227;Essouché
Quartier du Centre-Ville;Rue du Colonel Driant;25.0;120;3.281663348744;49.8412964921602;9.947440142942227;Essouché
Quartier du Centre-Ville;Rue du Colonel Driant;25.0;165;3.28162519517678;49.8413091309355;9.947440142942227;EN PLACE
Quartier du Centre-Ville;Rue du Colonel Driant;25.0;160;3.28156947404457;49.8413358811744;9.947440142942227;EN PLACE
Quartier du Centre-Ville;Rue du Colonel Driant;25.0;140;3.28153281213632;49.8413528902515;9.947440142942227;EN PLACE
Quartier du Centre-Ville;Rue du Colonel Driant;25.0;160;3.28147503374965;49.8413794556779;9.947440142942227;EN PLACE
Quartier du Centre-Ville;Rue du Colonel Driant;25.0;195;3.28138646095207;49.841420544533;9.947440142942227;EN PLACE
Quartier du Centre-Ville;Rue du Colonel Driant;25.0;160;3.28133777787152;49.8414438550808;9.947440142942227;EN PLACE
Quartier du Centre-Ville;Rue du Colonel Driant;25.0;165;3.28129231008477;49.8414637369934;9.947440142942227;EN PLACE
Quartier du Centre-Ville;Rue du Colonel Driant;25.0;165;3.28124802984012;49.8414851363474;9.947440142942227;EN PLACE
Quartier du Centre-Ville;Rue du Colonel Driant;25.0;220;3.28117079198498;49.8415026192241;9.947440142942227;EN PLACE
Quartier du Centre-Ville;Rue du Colonel Driant;25.0;215;3.28120774310123;49.8414848489671;9.947440142942227;EN PLACE
Quartier du Centre-Ville;Rue du Colonel Driant;25.0;200;3.28125261824692;49.8414643994048;9.947440142942227;EN PLACE
Quartier du Centre-Ville;Rue du Colonel Driant;25.0;200;3.28129719269742;49.841442428443;9.947440142942227;EN PLACE
Quartier du Centre-Ville;Rue du Colonel Driant;25.0;190;3.28134324088144;49.8414212145336;9.947440142942227;EN PLACE
Quartier de l'Europe;Rue Marconi;30.0;180;3.2920104014575;49.8596488001638;9.947440142942227;EN PLACE
Quartier du Centre-Ville;Rue du Colonel Driant;25.0;190;3.28138928733773;49.84140019121;9.947440142942227;EN PLACE
Quartier du Centre-Ville;Rue du Colonel Driant;25.0;190;3.28144413023595;49.8413742028662;9.947440142942227;EN PLACE
Quartier du Centre-Ville;Rue du Colonel Driant;25.0;180;3.28148959103445;49.8413533697087;9.947440142942227;EN PLACE
Quartier du Centre-Ville;Rue du Colonel Driant;25.0;170;3.28153445642367;49.8413310176566;9.947440142942227;EN PLACE
Quartier du Centre-Ville;Rue du Colonel Driant;25.0;165;3.28158197302634;49.8413094207284;9.947440142942227;EN PLACE
Quartier du Centre-Ville;Rue du Colonel Driant;26.0;225;3.28163095215147;49.8412868690699;9.947440142942227;EN PLACE
Quartier Saint-Martin - Oëstres;Stade Gaston Massot;21.0;185;3.26554237757652;49.8356787154449;9.947440142942227;SUPPRIMÉ
Quartier Saint-Martin - Oëstres;Stade Gaston Massot;21.0;185;3.26546041637104;49.8356420493546;9.947440142942227;SUPPRIMÉ
Quartier Saint-Martin - Oëstres;Stade Gaston Massot;19.0;165;3.26537569568867;49.8356047960676;9.947440142942227;SUPPRIMÉ
Quartier Saint-Martin - Oëstres;Stade Gaston Massot;19.0;140;3.26530386579779;49.8355728620783;9.947440142942227;SUPPRIMÉ
Quartier Saint-Martin - Oëstres;Stade Gaston Massot;21.0;185;3.26522006093977;49.8355350123309;9.947440142942227;SUPPRIMÉ
Quartier Saint-Martin - Oëstres;Stade Gaston Massot;21.0;165;3.26513902403821;49.8354995324812;9.947440142942227;SUPPRIMÉ
Quartier Saint-Martin - Oëstres;Stade Gaston Massot;21.0;165;3.2650644170091;49.8354634455753;9.947440142942227;SUPPRIMÉ
Quartier Saint-Martin - Oëstres;Stade Gaston Massot;21.0;190;3.26497785934227;49.8354261952491;9.947440142942227;SUPPRIMÉ
Quartier Saint-Martin - Oëstres;Stade Gaston Massot;21.0;145;3.26489498339727;49.8353901260035;9.947440142942227;SUPPRIMÉ
Quartier Saint-Martin - Oëstres;Stade Gaston Massot;21.0;190;3.26481762995064;49.8353558279705;9.947440142942227;SUPPRIMÉ
Quartier Saint-Martin - Oëstres;Stade Gaston Massot;21.0;215;3.26473843901806;49.8353215322327;9.947440142942227;SUPPRIMÉ
Quartier Saint-Martin - Oëstres;Stade Gaston Massot;21.0;185;3.26465093743294;49.8352795295737;9.947440142942227;SUPPRIMÉ
Quartier Saint-Jean;Rue des Anciens Combattants en Afrique du Nord;21.0;220;3.27900686672065;49.8648888476316;9.947440142942227;SUPPRIMÉ
Quartier Saint-Jean;Rue des Anciens Combattants en Afrique du Nord;18.0;170;3.27855661260109;49.8648585001175;9.947440142942227;SUPPRIMÉ
Quartier Saint-Jean;Rue des Anciens Combattants en Afrique du Nord;18.0;190;3.27842124376963;49.8648497757983;9.947440142942227;SUPPRIMÉ
Quartier Saint-Jean;Rue des Anciens Combattants en Afrique du Nord;20.0;170;3.27827777647721;49.8648391690275;9.947440142942227;SUPPRIMÉ
Quartier Saint-Jean;Rue des Anciens Combattants en Afrique du Nord;20.0;170;3.27813284312612;49.8648295158464;9.947440142942227;SUPPRIMÉ
Quartier Saint-Jean;Rue des Anciens Combattants en Afrique du Nord;20.0;190;3.2779908500635;49.8648198555269;9.947440142942227;SUPPRIMÉ
Quartier Saint-Jean;Rue des Anciens Combattants en Afrique du Nord;20.0;230;3.27784812539242;49.8648106732617;9.947440142942227;SUPPRIMÉ
Quartier Saint-Jean;Rue des Anciens Combattants en Afrique du Nord;6.0;75;3.27772388970244;49.8648204628504;9.947440142942227;EN PLACE
Quartier de l'Europe;Rue d'Alembert;17.0;255;3.29704762260612;49.8630435573499;9.947440142942227;SUPPRIMÉ
Quartier de l'Europe;Rue d'Alembert;17.0;200;3.29702902798867;49.8631654200927;9.947440142942227;SUPPRIMÉ
Quartier de l'Europe;Rue d'Alembert;17.0;225;3.29702293136278;49.8632236695946;9.947440142942227;SUPPRIMÉ
Quartier de l'Europe;Rue d'Alembert;16.0;200;3.29700524154993;49.8633431538498;9.947440142942227;SUPPRIMÉ
Quartier de l'Europe;Rue d'Alembert;17.0;175;3.29699546899873;49.863401412642;9.947440142942227;SUPPRIMÉ
Quartier de l'Europe;Rue d'Alembert;17.0;205;3.29698755883842;49.8634638257211;9.947440142942227;SUPPRIMÉ
Quartier Saint-Jean;Stade Paul Debrésie;20.0;190;3.27706596610847;49.8666392044346;9.947440142942227;SUPPRIMÉ
Quartier Saint-Jean;Stade Paul Debrésie;20.0;160;3.27705401487364;49.8666731024049;9.947440142942227;SUPPRIMÉ
Quartier Saint-Jean;Stade Paul Debrésie;18.0;150;3.27702082941153;49.866758390506;9.947440142942227;SUPPRIMÉ
Quartier Saint-Jean;Stade Paul Debrésie;21.0;190;3.27701108082151;49.8667912143085;9.947440142942227;SUPPRIMÉ
Quartier Saint-Jean;Stade Paul Debrésie;22.0;150;3.27700077724634;49.8668240385195;9.947440142942227;SUPPRIMÉ
Quartier Saint-Jean;Stade Paul Debrésie;23.0;210;3.27698993091657;49.8668582907958;9.947440142942227;SUPPRIMÉ
Quartier Saint-Jean;Stade Paul Debrésie;24.0;200;3.27697963273848;49.8668918297331;9.947440142942227;SUPPRIMÉ
Quartier Saint-Jean;Stade Paul Debrésie;24.0;180;3.27696877429646;49.8669239414055;9.947440142942227;SUPPRIMÉ
Quartier Saint-Jean;Stade Paul Debrésie;25.0;205;3.27695902362928;49.8669564091837;9.947440142942227;SUPPRIMÉ
Quartier Saint-Jean;Stade Paul Debrésie;25.0;215;3.27695362048474;49.8669774569119;9.947440142942227;SUPPRIMÉ
Quartier Saint-Jean;Stade Paul Debrésie;24.0;180;3.27694768063023;49.8670010025569;9.947440142942227;SUPPRIMÉ
Quartier Saint-Jean;Stade Paul Debrésie;24.0;190;3.27693628342756;49.8670352561243;9.947440142942227;SUPPRIMÉ
Quartier Saint-Jean;Stade Paul Debrésie;24.0;170;3.27692544365712;49.8670709333642;9.947440142942227;SUPPRIMÉ
Quartier Saint-Jean;Stade Paul Debrésie;24.0;175;3.27691239527672;49.8671059046641;9.947440142942227;SUPPRIMÉ
Quartier Saint-Jean;Stade Paul Debrésie;23.0;200;3.27690265583284;49.8671408672618;9.947440142942227;SUPPRIMÉ
Quartier Saint-Jean;Stade Paul Debrésie;23.0;200;3.27689234886152;49.8671726224999;9.947440142942227;SUPPRIMÉ
Quartier Saint-Jean;Stade Paul Debrésie;22.0;160;3.27688095018945;49.8672068760627;9.947440142942227;SUPPRIMÉ
Quartier Saint-Jean;Stade Paul Debrésie;24.0;205;3.27687069136963;49.8672476630028;9.947440142942227;SUPPRIMÉ
Quartier Saint-Jean;Stade Paul Debrésie;25.0;220;3.27685931747501;49.8672863137389;9.947440142942227;SUPPRIMÉ
Quartier Saint-Jean;Stade Paul Debrésie;24.0;205;3.27684592319445;49.8673253261568;9.947440142942227;SUPPRIMÉ
Quartier Saint-Jean;Stade Paul Debrésie;25.0;200;3.27683325255549;49.8673624335861;9.947440142942227;SUPPRIMÉ
Quartier Saint-Jean;Stade Paul Debrésie;25.0;210;3.27682188196239;49.8674016794772;9.947440142942227;SUPPRIMÉ
Quartier Saint-Jean;Stade Paul Debrésie;25.0;210;3.27680886419896;49.8674423533377;9.947440142942227;SUPPRIMÉ
Quartier Saint-Jean;Stade Paul Debrésie;25.0;180;3.2767980250296;49.8674776763334;9.947440142942227;SUPPRIMÉ
Quartier Saint-Jean;Stade Paul Debrésie;25.0;210;3.27678773122921;49.8675122841997;9.947440142942227;SUPPRIMÉ
Quartier Saint-Jean;Stade Paul Debrésie;25.0;205;3.27677469933086;49.8675504623356;9.947440142942227;SUPPRIMÉ
Quartier Saint-Jean;Stade Paul Debrésie;25.0;210;3.27676168211611;49.8675914940071;9.947440142942227;SUPPRIMÉ
Quartier Saint-Jean;Stade Paul Debrésie;23.0;115;3.2767506653549;49.867627648133;9.947440142942227;SUPPRIMÉ
Quartier Saint-Jean;Stade Paul Debrésie;25.0;190;3.276739270494;49.8676626137102;9.947440142942227;SUPPRIMÉ
Quartier Saint-Jean;Stade Paul Debrésie;25.0;170;3.27672808732588;49.8677028094367;9.947440142942227;SUPPRIMÉ
Quartier Saint-Jean;Stade Paul Debrésie;25.0;235;3.27671561294767;49.8677417009907;9.947440142942227;SUPPRIMÉ
Quartier Saint-Jean;Stade Paul Debrésie;25.0;220;3.27672111638495;49.8677650416436;9.947440142942227;SUPPRIMÉ
Quartier Saint-Jean;Stade Paul Debrésie;25.0;195;3.27675365088752;49.8677971751067;9.947440142942227;SUPPRIMÉ
Quartier Saint-Jean;Stade Paul Debrésie;25.0;230;3.2767839788059;49.8678289568393;9.947440142942227;SUPPRIMÉ
Quartier Saint-Jean;Stade Paul Debrésie;24.0;205;3.27681431609955;49.8678626400238;9.947440142942227;SUPPRIMÉ
Quartier Saint-Jean;Stade Paul Debrésie;20.0;120;3.276841680835;49.8678906257601;9.947440142942227;SUPPRIMÉ
Quartier Saint-Jean;Stade Paul Debrésie;22.0;195;3.27686979213557;49.867920512111;9.947440142942227;SUPPRIMÉ
Quartier Saint-Jean;Stade Paul Debrésie;17.0;135;3.27689863379484;49.8679499193397;9.947440142942227;SUPPRIMÉ
Quartier Saint-Jean;Stade Paul Debrésie;21.0;170;3.27694428354749;49.8679588480192;9.947440142942227;SUPPRIMÉ
Quartier Saint-Jean;Stade Paul Debrésie;21.0;160;3.27699728576839;49.8679677611391;9.947440142942227;SUPPRIMÉ
Quartier Saint-Jean;Stade Paul Debrésie;22.0;145;3.27711950046079;49.8679907779123;9.947440142942227;SUPPRIMÉ
Quartier Saint-Jean;Stade Paul Debrésie;21.0;165;3.27716293214316;49.867997809359;9.947440142942227;SUPPRIMÉ
Quartier Saint-Jean;Stade Paul Debrésie;23.0;175;3.27721372981935;49.8680067266845;9.947440142942227;SUPPRIMÉ
Quartier Saint-Jean;Stade Paul Debrésie;20.0;180;3.27726821577419;49.8680180114596;9.947440142942227;SUPPRIMÉ
Quartier Saint-Jean;Stade Paul Debrésie;22.0;195;3.27737496443082;49.8680367850182;9.947440142942227;SUPPRIMÉ
Quartier Saint-Jean;Stade Paul Debrésie;18.0;125;3.27742503037114;49.8680466551711;9.947440142942227;SUPPRIMÉ
Quartier Saint-Jean;Stade Paul Debrésie;20.0;150;3.27747803276403;49.8680555662756;9.947440142942227;SUPPRIMÉ
Quartier Saint-Jean;Stade Paul Debrésie;21.0;170;3.27753177098322;49.8680644765166;9.947440142942227;SUPPRIMÉ
Quartier Remicourt;Auberge de jeunesse;25.0;250;3.31001375997861;49.8543090097283;9.947440142942227;SUPPRIMÉ
Quartier Remicourt;Auberge de jeunesse;25.0;200;3.30994760487957;49.8543124461405;9.947440142942227;SUPPRIMÉ
Quartier Remicourt;Auberge de jeunesse;25.0;200;3.30988513809234;49.8543179522906;9.947440142942227;SUPPRIMÉ
Quartier Remicourt;Auberge de jeunesse;25.0;205;3.30981618893215;49.8543151565763;9.947440142942227;SUPPRIMÉ
Quartier Remicourt;Auberge de jeunesse;25.0;195;3.30973350042722;49.8543204175151;9.947440142942227;SUPPRIMÉ
Quartier Remicourt;Auberge de jeunesse;23.0;200;3.3096696363543;49.8543226591794;9.947440142942227;SUPPRIMÉ
Quartier Remicourt;Auberge de jeunesse;25.0;290;3.30959383274225;49.8543264166265;9.947440142942227;SUPPRIMÉ
Quartier du faubourg d'Isle;Place des Girondins;9.0;225;3.30705859466571;49.8377917385357;9.947440142942227;EN PLACE
Quartier du faubourg d'Isle;Place des Girondins;9.0;210;3.3070064748437;49.8378335858164;9.947440142942227;EN PLACE
Quartier du faubourg d'Isle;Place des Girondins;9.0;210;3.30686436463731;49.83794554414;9.947440142942227;EN PLACE
Quartier du faubourg d'Isle;Place des Girondins;9.0;205;3.30681717225063;49.837982030848;9.947440142942227;EN PLACE
Quartier du faubourg d'Isle;Place des Girondins;9.0;165;3.30677108574478;49.8380188715725;9.947440142942227;EN PLACE
Quartier du faubourg d'Isle;Place des Girondins;9.0;270;3.30688537803788;49.8381398118104;9.947440142942227;EN PLACE
Quartier de l'Europe;Chemin de Morcourt;13.0;57;3.30654257539711;49.8624929795366;9.947440142942227;EN PLACE
Quartier de l'Europe;Avenue Robert Schuman;7.0;140;3.29926934380102;49.8611867770563;9.947440142942227;SUPPRIMÉ
Quartier de l'Europe;Avenue Robert Schuman;7.0;140;3.29921772779938;49.8611631341152;9.947440142942227;EN PLACE
Quartier de l'Europe;Avenue Robert Schuman;6.0;160;3.2989592131248;49.8610487824913;9.947440142942227;EN PLACE
Quartier de l'Europe;Avenue Robert Schuman;6.0;140;3.2988523241598;49.8610044769779;9.947440142942227;SUPPRIMÉ
Quartier de l'Europe;Avenue Robert Schuman;6.0;155;3.29876707679958;49.8609672484707;9.947440142942227;EN PLACE
Quartier Remicourt;Avenue Robert Schuman;22.0;245;3.29173727364863;49.8588125830203;9.947440142942227;SUPPRIMÉ
Quartier de l'Europe;Avenue Robert Schuman;13.0;185;3.29811038084106;49.8602552813093;9.947440142942227;EN PLACE
Quartier de l'Europe;Avenue Robert Schuman;13.0;170;3.29819196248088;49.8602948957976;9.947440142942227;EN PLACE
Quartier de l'Europe;Avenue Robert Schuman;12.0;170;3.29830486353204;49.8603457245392;9.947440142942227;EN PLACE
Quartier de l'Europe;Avenue Robert Schuman;14.0;165;3.29839703698032;49.8603891751955;9.947440142942227;EN PLACE
Quartier de l'Europe;Avenue Robert Schuman;14.0;140;3.2984878189208;49.8604299564406;9.947440142942227;EN PLACE
Quartier de l'Europe;Avenue Robert Schuman;12.0;145;3.29857723003534;49.8604719278465;9.947440142942227;EN PLACE
Quartier de l'Europe;Avenue Robert Schuman;12.0;125;3.29866478553608;49.8605115277145;9.947440142942227;EN PLACE
Quartier de l'Europe;Avenue Robert Schuman;12.0;155;3.29875650345969;49.8605549792456;9.947440142942227;EN PLACE
Quartier de l'Europe;Avenue Robert Schuman;11.0;135;3.29892931828004;49.8606335911194;9.947440142942227;EN PLACE
Quartier de l'Europe;Avenue Robert Schuman;14.0;145;3.29898600694445;49.8606601917366;9.947440142942227;EN PLACE
Quartier de l'Europe;Avenue Robert Schuman;14.0;160;3.29906989872038;49.860701880131;9.947440142942227;EN PLACE
Quartier de l'Europe;Avenue Robert Schuman;14.0;170;3.29914087394323;49.8607349839764;9.947440142942227;EN PLACE
Quartier de l'Europe;Avenue Robert Schuman;6.0;195;3.29921184061923;49.8607668983575;9.947440142942227;Essouché
Quartier de l'Europe;Rue Geoffroy Saint-Hilaire;30.0;250;3.29938069714672;49.8615551448991;9.947440142942227;EN PLACE
Quartier de l'Europe;Rue Geoffroy Saint-Hilaire;30.0;235;3.29934310002585;49.86153954963;9.947440142942227;EN PLACE
Quartier de l'Europe;Rue Marconi;29.0;200;3.2910778798038;49.8595055564593;9.947440142942227;EN PLACE
Quartier de l'Europe;Rue Marconi;29.0;200;3.29107263836315;49.8594889307349;9.947440142942227;EN PLACE
Quartier de l'Europe;Rue Marconi;30.0;180;3.2911020189425;49.8594831561316;9.947440142942227;EN PLACE
Quartier de l'Europe;Rue Marconi;35.0;175;3.29127418452142;49.8594989085198;9.947440142942227;EN PLACE
Quartier de l'Europe;Rue Marconi;35.0;165;3.29127626453724;49.8594770357696;9.947440142942227;EN PLACE
Quartier de l'Europe;Rue Marconi;35.0;160;3.29132625251887;49.8594740644766;9.947440142942227;EN PLACE
Quartier de l'Europe;Rue Marconi;35.0;125;3.2913579191391;49.8594820701692;9.947440142942227;EN PLACE
Quartier de l'Europe;Rue Marconi;33.0;165;3.29138451652486;49.8595038753621;9.947440142942227;EN PLACE
Quartier de l'Europe;Rue Marconi;20.0;85;3.29143522468854;49.8594985242488;9.947440142942227;EN PLACE
Quartier de l'Europe;Rue Marconi;34.0;180;3.29154283437202;49.8595415284086;9.947440142942227;EN PLACE
Quartier de l'Europe;Rue Marconi;33.0;110;3.29155660175865;49.8595058415046;9.947440142942227;EN PLACE
Quartier de l'Europe;Rue Marconi;34.0;170;3.29158532996036;49.8595143300287;9.947440142942227;EN PLACE
Quartier de l'Europe;Rue Marconi;33.0;155;3.29161465256146;49.8594985714917;9.947440142942227;EN PLACE
Quartier de l'Europe;Rue Marconi;30.0;160;3.29197805977413;49.8596512540739;9.947440142942227;EN PLACE
Quartier de l'Europe;Rue Marconi;23.0;140;3.29220601383126;49.8597140548024;9.947440142942227;EN PLACE
Quartier de l'Europe;Rue Marconi;30.0;150;3.29220255001539;49.859661342238;9.947440142942227;EN PLACE
Quartier de l'Europe;Rue Marconi;30.0;190;3.29226911574487;49.8596637982131;9.947440142942227;EN PLACE
Quartier de l'Europe;Rue Marconi;33.0;180;3.29259907542872;49.8596256893282;9.947440142942227;EN PLACE
Quartier de l'Europe;Rue Marconi;28.0;125;3.29263883061805;49.8596336763192;9.947440142942227;EN PLACE
Quartier de l'Europe;Rue Marconi;32.0;140;3.29262053502499;49.8596491702853;9.947440142942227;EN PLACE
Quartier de l'Europe;Rue Marconi;26.0;145;3.29283389615107;49.8597316144377;9.947440142942227;EN PLACE
Quartier de l'Europe;Rue Marconi;26.0;175;3.2928681004766;49.859733433326;9.947440142942227;EN PLACE
Quartier de l'Europe;Rue Marconi;26.0;190;3.29287975841048;49.8597788053706;9.947440142942227;EN PLACE
Quartier de l'Europe;Rue Marconi;26.0;170;3.29281626295474;49.8597986861717;9.947440142942227;EN PLACE
Quartier de l'Europe;Rue Hertz;9.0;115;3.29320524551036;49.8602899902973;9.947440142942227;EN PLACE
Quartier de l'Europe;Rue Hertz;11.0;170;3.29311844658891;49.8602854447192;9.947440142942227;EN PLACE
Quartier de l'Europe;Rue Hertz;15.0;185;3.29270796610564;49.8602607575662;9.947440142942227;EN PLACE
Quartier de l'Europe;Rue Hertz;15.0;185;3.29252995720362;49.8602521521966;9.947440142942227;EN PLACE
Quartier de l'Europe;Rue Hertz;14.0;210;3.29218863782454;49.8602334781844;9.947440142942227;EN PLACE
Quartier de l'Europe;Rue Hertz;14.0;185;3.2921069875488;49.8602293955446;9.947440142942227;EN PLACE
Quartier de l'Europe;Rue Hertz;8.0;110;3.29193559723359;49.8602207719117;9.947440142942227;EN PLACE
Quartier de l'Europe;Rue Hertz;13.0;200;3.29176714976484;49.8602126172135;9.947440142942227;EN PLACE
Quartier de l'Europe;Rue Hertz;13.0;185;3.29150600692982;49.8601975539576;9.947440142942227;EN PLACE
Quartier de l'Europe;Rue Hertz;13.0;165;3.29134049669897;49.8601884401619;9.947440142942227;EN PLACE
Quartier de l'Europe;Rue Hertz;11.0;150;3.29125737095308;49.8601834102967;9.947440142942227;SUPPRIMÉ
Quartier de l'Europe;Rue Hertz;37.0;280;3.29521588738181;49.8602389754959;9.947440142942227;Essouché
Quartier de l'Europe;Rue Hertz;37.0;230;3.29529309688966;49.8602378967062;9.947440142942227;Essouché
Quartier de l'Europe;Rue Berthollet;26.0;240;3.29423657314769;49.8599077725796;9.947440142942227;Essouché
Quartier de l'Europe;Rue Berthollet;26.0;155;3.29428413343999;49.8599301206589;9.947440142942227;Essouché
Quartier de l'Europe;Rue Berthollet;26.0;150;3.29430658285882;49.8599018998627;9.947440142942227;Essouché
Quartier de l'Europe;Rue Berthollet;33.0;290;3.29517913673066;49.85986451921;9.947440142942227;SUPPRIMÉ
Quartier de l'Europe;Square des Marronniers;26.0;285;3.30239763577415;49.8613593490801;9.947440142942227;REMPLACÉ
Quartier de l'Europe;Square des Marronniers;26.0;270;3.30246284017948;49.861317829368;9.947440142942227;Essouché
Quartier de l'Europe;Rue du Capitaine Dumont;20.0;190;3.3027423135955;49.8625188300144;9.947440142942227;EN PLACE
Quartier de l'Europe;Rue du Capitaine Dumont;17.0;225;3.30244816292842;49.8625207468116;9.947440142942227;EN PLACE
Quartier Remicourt;Avenue de la Résistance;22.0;200;3.3053179031517;49.8576789881;9.947440142942227;REMPLACÉ
Quartier Remicourt;Avenue de la Résistance;20.0;185;3.30524281770523;49.8576653891616;9.947440142942227;SUPPRIMÉ
Quartier Remicourt;Avenue de la Résistance;22.0;190;3.30541430380432;49.8575679814824;9.947440142942227;SUPPRIMÉ
Quartier Remicourt;Rue Jacky Tabar;6.0;22;3.30478444723257;49.8558919607149;9.947440142942227;EN PLACE
OMISSY;Terrain aventure Europe;31.0;152;3.30149708874673;49.8652870836569;9.947440142942227;EN PLACE
OMISSY;Terrain aventure Europe;30.0;90;3.30150890349421;49.8652638794621;9.947440142942227;EN PLACE
OMISSY;Terrain aventure Europe;31.0;129;3.30151057250507;49.8652353519768;9.947440142942227;EN PLACE
OMISSY;Terrain aventure Europe;24.0;71;3.30154732098802;49.8652311013284;9.947440142942227;SUPPRIMÉ
OMISSY;Terrain aventure Europe;28.0;70;3.30153827892626;49.8652566754918;9.947440142942227;EN PLACE
OMISSY;Terrain aventure Europe;28.0;92;3.30152753724997;49.8653060230515;9.947440142942227;EN PLACE
OMISSY;Terrain aventure Europe;28.0;76;3.30155864969045;49.8652815834608;9.947440142942227;EN PLACE
OMISSY;Terrain aventure Europe;25.0;73;3.30157136184587;49.8652548113305;9.947440142942227;SUPPRIMÉ
OMISSY;Terrain aventure Europe;15.0;57;3.30159709864581;49.8652541536675;9.947440142942227;EN PLACE
OMISSY;Terrain aventure Europe;25.0;60;3.3016046049423;49.8652796871365;9.947440142942227;EN PLACE
OMISSY;Terrain aventure Europe;26.0;66;3.30162306085829;49.8652915260541;9.947440142942227;EN PLACE
OMISSY;Terrain aventure Europe;26.0;74;3.30163141486573;49.8653051728272;9.947440142942227;EN PLACE
OMISSY;Terrain aventure Europe;29.0;92;3.30162415222933;49.865320640722;9.947440142942227;EN PLACE
OMISSY;Terrain aventure Europe;31.0;120;3.30162056561293;49.8653361000746;9.947440142942227;EN PLACE
OMISSY;Terrain aventure Europe;31.0;131;3.30159393498454;49.8653409199335;9.947440142942227;EN PLACE
OMISSY;Terrain aventure Europe;24.0;74;3.30164674135125;49.8653163356026;9.947440142942227;EN PLACE
OMISSY;Terrain aventure Europe;24.0;50;3.30165878287761;49.8653006189821;9.947440142942227;EN PLACE
OMISSY;Terrain aventure Europe;30.0;110;3.3016841517809;49.8652998426716;9.947440142942227;EN PLACE
OMISSY;Terrain aventure Europe;25.0;75;3.30164873642425;49.8652806778268;9.947440142942227;EN PLACE
OMISSY;Terrain aventure Europe;24.0;76;3.30165083390555;49.8652621322693;9.947440142942227;EN PLACE
OMISSY;Terrain aventure Europe;26.0;83;3.30168330606002;49.8652502857158;9.947440142942227;EN PLACE
OMISSY;Terrain aventure Europe;26.0;95;3.30167492787035;49.8652324800116;9.947440142942227;EN PLACE
OMISSY;Terrain aventure Europe;24.0;105;3.30163516156839;49.8652236653918;9.947440142942227;EN PLACE
OMISSY;Terrain aventure Europe;30.0;155;3.30159261151123;49.865210220617;9.947440142942227;EN PLACE
Quartier de l'Europe;Espace de glisse;32.0;152;3.29972442327273;49.8648877020413;9.947440142942227;SUPPRIMÉ
Quartier de l'Europe;Espace de glisse;35.0;175;3.29982644681111;49.8648844792614;9.947440142942227;SUPPRIMÉ
Quartier de l'Europe;Espace de glisse;33.0;195;3.29986417121841;49.8648118908928;9.947440142942227;SUPPRIMÉ
Quartier de l'Europe;Espace de glisse;35.0;210;3.29998111488755;49.8647664420439;9.947440142942227;SUPPRIMÉ
Quartier de l'Europe;Espace de glisse;33.0;128;3.29991685456329;49.8650167717153;9.947440142942227;SUPPRIMÉ
Quartier de l'Europe;Espace de glisse;35.0;199;3.29996731246484;49.8649988210185;9.947440142942227;SUPPRIMÉ
Quartier de l'Europe;Espace de glisse;30.0;144;3.30002282800589;49.865059890004;9.947440142942227;SUPPRIMÉ
Quartier de l'Europe;Espace de glisse;35.0;181;3.30003183092581;49.8651524500794;9.947440142942227;SUPPRIMÉ
OMISSY;Chemin de Morcourt;30.0;178;3.30679613165237;49.8628323729547;9.947440142942227;SUPPRIMÉ
OMISSY;Chemin de Morcourt;27.0;111;3.30684345247135;49.8628137145233;9.947440142942227;SUPPRIMÉ
OMISSY;Chemin de Morcourt;30.0;165;3.30681459736692;49.8627845510302;9.947440142942227;SUPPRIMÉ
OMISSY;Chemin de Morcourt;30.0;152;3.30682538770346;49.8627445915626;9.947440142942227;SUPPRIMÉ
OMISSY;Chemin de Morcourt;30.0;265;3.30678134340563;49.8626966875015;9.947440142942227;SUPPRIMÉ
OMISSY;Chemin de Morcourt;30.0;180;3.30682774903624;49.8627094064908;9.947440142942227;SUPPRIMÉ
OMISSY;Chemin de Morcourt;30.0;116;3.30687860330227;49.8627278192043;9.947440142942227;SUPPRIMÉ
OMISSY;Chemin de Morcourt;30.0;173;3.30692714004394;49.8627276968576;9.947440142942227;SUPPRIMÉ
Quartier Remicourt;Groupe scolaire Camille Desmoulins;21.0;280;3.29509441065984;49.8541104277588;9.947440142942227;REMPLACÉ
Quartier de l'Europe;Rue Laplace;24.0;200;3.30415442147508;49.8601515667905;9.947440142942227;SUPPRIMÉ
Quartier de l'Europe;Rue Laplace;24.0;185;3.30413633100794;49.8601989333554;9.947440142942227;REMPLACÉ
Quartier de l'Europe;Rue Laplace;22.0;190;3.30403431857268;49.8601780896115;9.947440142942227;REMPLACÉ
Quartier Remicourt;Parc des Champs-Elysées;17.0;134;3.2921749103555;49.8505392147588;9.947440142942227;EN PLACE
Quartier Remicourt;Parc des Champs-Elysées;17.0;134;3.29225883875608;49.8504587572566;9.947440142942227;EN PLACE
Quartier Remicourt;Parc des Champs-Elysées;17.0;135;3.29234975292343;49.8503716014296;9.947440142942227;EN PLACE
Quartier Remicourt;Parc des Champs-Elysées;17.0;143;3.29254438404315;49.8501850170374;9.947440142942227;EN PLACE
Quartier Remicourt;Parc des Champs-Elysées;17.0;133;3.29263631059103;49.8500968883742;9.947440142942227;EN PLACE
Quartier Remicourt;Parc des Champs-Elysées;17.0;131;3.29275411921865;49.8499839477491;9.947440142942227;EN PLACE
Quartier Remicourt;Parc des Champs-Elysées;17.0;131;3.2928419085047;49.8498997868661;9.947440142942227;EN PLACE
Quartier Remicourt;Parc des Champs-Elysées;17.0;128;3.29293625617542;49.8498093377512;9.947440142942227;EN PLACE
Quartier Remicourt;Parc des Champs-Elysées;17.0;125;3.29303005601466;49.8497194122736;9.947440142942227;EN PLACE
Quartier Remicourt;Parc des Champs-Elysées;17.0;127;3.29312272461616;49.8496305711028;9.947440142942227;EN PLACE
Quartier Remicourt;Parc des Champs-Elysées;17.0;137;3.29321293340746;49.8495440888219;9.947440142942227;EN PLACE
Quartier Remicourt;Parc des Champs-Elysées;17.0;140;3.29330575618022;49.8494550978703;9.947440142942227;EN PLACE
Quartier Remicourt;Parc des Champs-Elysées;17.0;125;3.29339592424145;49.8493686551007;9.947440142942227;EN PLACE
Quartier Remicourt;Parc des Champs-Elysées;17.0;134;3.29348703068379;49.8492813099591;9.947440142942227;EN PLACE
Quartier Remicourt;Parc des Champs-Elysées;17.0;171;3.29347456998071;49.8492085536947;9.947440142942227;EN PLACE
Quartier Remicourt;Parc des Champs-Elysées;17.0;155;3.29338084658356;49.8492984074365;9.947440142942227;EN PLACE
Quartier Remicourt;Parc des Champs-Elysées;17.0;142;3.29328845557696;49.8493869838112;9.947440142942227;EN PLACE
Quartier Remicourt;Parc des Champs-Elysées;17.0;145;3.29319414945775;49.8494773944662;9.947440142942227;EN PLACE
Quartier Remicourt;Parc des Champs-Elysées;17.0;150;3.29311108141755;49.8495570296951;9.947440142942227;EN PLACE
Quartier Remicourt;Parc des Champs-Elysées;17.0;158;3.29301849451166;49.8496457942363;9.947440142942227;EN PLACE
Quartier Remicourt;Parc des Champs-Elysées;17.0;150;3.29292227399424;49.8497380399118;9.947440142942227;EN PLACE
Quartier Remicourt;Parc des Champs-Elysées;17.0;145;3.29282640288363;49.8498299483862;9.947440142942227;EN PLACE
Quartier Remicourt;Parc des Champs-Elysées;17.0;148;3.29273705421384;49.8499156064767;9.947440142942227;EN PLACE
Quartier Remicourt;Parc des Champs-Elysées;17.0;160;3.2926469185551;49.8500020162677;9.947440142942227;EN PLACE
Quartier Remicourt;Parc des Champs-Elysées;17.0;162;3.29252918982107;49.850114879266;9.947440142942227;EN PLACE
Quartier Remicourt;Parc des Champs-Elysées;17.0;157;3.29234088411062;49.8502954017543;9.947440142942227;EN PLACE
Quartier Remicourt;Parc des Champs-Elysées;17.0;152;3.29224598691969;49.8503863758827;9.947440142942227;EN PLACE
Quartier Remicourt;Parc des Champs-Elysées;17.0;150;3.29215971933792;49.8504690778425;9.947440142942227;EN PLACE
Quartier Remicourt;Parc des Champs-Elysées;17.0;159;3.29206841199505;49.8505566085017;9.947440142942227;EN PLACE
Quartier Remicourt;Parc des Champs-Elysées;17.0;154;3.29197082053621;49.850650163087;9.947440142942227;EN PLACE
Quartier Remicourt;Parc des Champs-Elysées;17.0;152;3.29187514496842;49.850741882351;9.947440142942227;EN PLACE
Quartier Remicourt;Parc des Champs-Elysées;17.0;161;3.29178469519494;49.8508285898091;9.947440142942227;EN PLACE
Quartier Remicourt;Parc des Champs-Elysées;17.0;155;3.29169256942145;49.8509169061674;9.947440142942227;EN PLACE
Quartier Remicourt;Parc des Champs-Elysées;17.0;189;3.29160867801747;49.8509973253925;9.947440142942227;EN PLACE
Quartier Remicourt;Parc des Champs-Elysées;16.0;158;3.29134553347174;49.8508304841453;9.947440142942227;EN PLACE
Quartier Remicourt;Parc des Champs-Elysées;16.0;135;3.29143941698843;49.8507404851614;9.947440142942227;EN PLACE
Quartier Remicourt;Parc des Champs-Elysées;16.0;140;3.29153074652868;49.8506529342687;9.947440142942227;EN PLACE
Quartier Remicourt;Parc des Champs-Elysées;16.0;138;3.29161842430222;49.8505665350679;9.947440142942227;EN PLACE
Quartier Remicourt;Parc des Champs-Elysées;16.0;137;3.29171791181608;49.8504735101001;9.947440142942227;EN PLACE
Quartier Remicourt;Parc des Champs-Elysées;16.0;140;3.29181066302149;49.8503845942777;9.947440142942227;EN PLACE
Quartier Remicourt;Parc des Champs-Elysées;16.0;127;3.29189602271907;49.8503027669115;9.947440142942227;EN PLACE
Quartier Remicourt;Parc des Champs-Elysées;16.0;132;3.2919889281242;49.8502137022129;9.947440142942227;REMPLACÉ
Quartier Remicourt;Parc des Champs-Elysées;16.0;131;3.29208641360264;49.8501202476511;9.947440142942227;EN PLACE
Quartier Remicourt;Parc des Champs-Elysées;16.0;132;3.29217999438894;49.8500305355918;9.947440142942227;EN PLACE
Quartier Remicourt;Parc des Champs-Elysées;16.0;149;3.29227274392031;49.8499416193873;9.947440142942227;EN PLACE
Quartier Remicourt;Parc des Champs-Elysées;16.0;136;3.29238995023012;49.8498292578131;9.947440142942227;EN PLACE
Quartier Remicourt;Parc des Champs-Elysées;16.0;137;3.29248040952639;49.8497425363344;9.947440142942227;EN PLACE
Quartier Remicourt;Parc des Champs-Elysées;16.0;136;3.2925725828448;49.8496541724346;9.947440142942227;EN PLACE
Quartier Remicourt;Parc des Champs-Elysées;16.0;141;3.29266782917832;49.8495628617909;9.947440142942227;EN PLACE
Quartier Remicourt;Parc des Champs-Elysées;16.0;134;3.29275870224879;49.8494757425712;9.947440142942227;EN PLACE
Quartier Remicourt;Parc des Champs-Elysées;16.0;142;3.29284931508727;49.849388872964;9.947440142942227;EN PLACE
Quartier Remicourt;Parc des Champs-Elysées;16.0;131;3.29293940363291;49.8493025053641;9.947440142942227;EN PLACE
Quartier Remicourt;Parc des Champs-Elysées;16.0;139;3.29303095178366;49.8492147378171;9.947440142942227;EN PLACE
Quartier Remicourt;Parc des Champs-Elysées;16.0;139;3.2931233982404;49.8491261102542;9.947440142942227;EN PLACE
Quartier Remicourt;Parc des Champs-Elysées;16.0;152;3.29306651945994;49.849034158546;9.947440142942227;EN PLACE
Quartier Remicourt;Parc des Champs-Elysées;16.0;136;3.29297432470847;49.8491225480894;9.947440142942227;EN PLACE
Quartier Remicourt;Parc des Champs-Elysées;16.0;133;3.2928826701688;49.8492104165553;9.947440142942227;EN PLACE
Quartier Remicourt;Parc des Champs-Elysées;16.0;138;3.29278578663938;49.8493032976248;9.947440142942227;EN PLACE
Quartier Remicourt;Parc des Champs-Elysées;16.0;142;3.29270303068715;49.8493826342049;9.947440142942227;EN PLACE
Quartier Remicourt;Parc des Champs-Elysées;16.0;120;3.29260942720938;49.8494723710428;9.947440142942227;EN PLACE
Quartier Remicourt;Parc des Champs-Elysées;16.0;130;3.29251730406929;49.8495606872046;9.947440142942227;EN PLACE
Quartier Remicourt;Parc des Champs-Elysées;16.0;128;3.29242537831191;49.8496488157951;9.947440142942227;EN PLACE
Quartier Remicourt;Parc des Champs-Elysées;16.0;130;3.29233345083404;49.8497369443137;9.947440142942227;EN PLACE
Quartier Remicourt;Parc des Champs-Elysées;16.0;143;3.29224218664502;49.8498244363731;9.947440142942227;EN PLACE
Quartier Remicourt;Parc des Champs-Elysées;16.0;126;3.2921228951186;49.8499387952905;9.947440142942227;EN PLACE
Quartier Remicourt;Parc des Champs-Elysées;16.0;129;3.29202905310613;49.8500287587938;9.947440142942227;EN PLACE
Quartier Remicourt;Parc des Champs-Elysées;16.0;128;3.29193798276909;49.8501160631178;9.947440142942227;EN PLACE
Quartier Remicourt;Parc des Champs-Elysées;16.0;129;3.2918384798599;49.8502114519394;9.947440142942227;REMPLACÉ
Quartier Remicourt;Parc des Champs-Elysées;16.0;126;3.29175599874996;49.8502905228083;9.947440142942227;EN PLACE
Quartier Remicourt;Parc des Champs-Elysées;16.0;126;3.29166059307672;49.8503819823144;9.947440142942227;EN PLACE
Quartier Remicourt;Parc des Champs-Elysées;16.0;122;3.29156174858676;49.8504767399148;9.947440142942227;EN PLACE
Quartier Remicourt;Parc des Champs-Elysées;16.0;132;3.29147138308422;49.8505633660172;9.947440142942227;EN PLACE
Quartier Remicourt;Parc des Champs-Elysées;16.0;132;3.29137873184652;49.8506521833175;9.947440142942227;EN PLACE
Quartier Remicourt;Parc des Champs-Elysées;16.0;128;3.29128787350834;49.8507392833956;9.947440142942227;EN PLACE
Quartier Remicourt;Parc des Champs-Elysées;16.0;159;3.29120255767172;49.8508210679355;9.947440142942227;EN PLACE
Quartier Remicourt;Parc des Champs-Elysées;22.0;224;3.29342833959386;49.848810262413;9.947440142942227;EN PLACE
Quartier Remicourt;Parc des Champs-Elysées;22.0;292;3.29334866246224;49.8487811748333;9.947440142942227;EN PLACE
Quartier Remicourt;Parc des Champs-Elysées;19.0;230;3.29351678391357;49.8486783047157;9.947440142942227;EN PLACE
Quartier Remicourt;Parc des Champs-Elysées;16.0;129;3.29373204031316;49.8484545716422;9.947440142942227;EN PLACE
Quartier Remicourt;Parc des Champs-Elysées;11.0;86;3.29384705756191;49.8483662565126;9.947440142942227;EN PLACE
Quartier Remicourt;Parc des Champs-Elysées;14.0;159;3.29370460897737;49.8483257895979;9.947440142942227;EN PLACE
Quartier Remicourt;Parc des Champs-Elysées;15.0;102;3.29384002987663;49.8481854382992;9.947440142942227;EN PLACE
Quartier Remicourt;Parc des Champs-Elysées;15.0;125;3.29384596679574;49.8482068020553;9.947440142942227;EN PLACE
Quartier Remicourt;Parc des Champs-Elysées;20.0;205;3.29395328180326;49.8482529030395;9.947440142942227;EN PLACE
Quartier Remicourt;Parc des Champs-Elysées;16.0;153;3.29403967795633;49.8481011321809;9.947440142942227;EN PLACE
Quartier Remicourt;Parc des Champs-Elysées;18.0;156;3.29419398030487;49.8480877282121;9.947440142942227;EN PLACE
Quartier Remicourt;Parc des Champs-Elysées;17.0;108;3.29423715757905;49.8480849947687;9.947440142942227;EN PLACE
Quartier Remicourt;Parc des Champs-Elysées;17.0;141;3.29421139527703;49.8480564801877;9.947440142942227;EN PLACE
Quartier Remicourt;Parc des Champs-Elysées;14.0;120;3.29426989106402;49.8482693312731;9.947440142942227;EN PLACE
Quartier Remicourt;Parc des Champs-Elysées;14.0;118;3.29429173835363;49.8482491727547;9.947440142942227;EN PLACE
Quartier Remicourt;Parc des Champs-Elysées;14.0;112;3.29434101774896;49.8482037018092;9.947440142942227;EN PLACE
Quartier Remicourt;Parc des Champs-Elysées;14.0;105;3.29436574244812;49.8481808874478;9.947440142942227;EN PLACE
Quartier Remicourt;Parc des Champs-Elysées;14.0;116;3.29439034682036;49.8481581830674;9.947440142942227;EN PLACE
Quartier Remicourt;Parc des Champs-Elysées;14.0;109;3.29441488480981;49.8481355417818;9.947440142942227;EN PLACE
Quartier Remicourt;Parc des Champs-Elysées;14.0;107;3.29443803312955;49.8481141824315;9.947440142942227;EN PLACE
Quartier Remicourt;Parc des Champs-Elysées;14.0;111;3.29446245077138;49.8480916511219;9.947440142942227;EN PLACE
Quartier Remicourt;Parc des Champs-Elysées;14.0;89;3.29448594196647;49.8480699753335;9.947440142942227;EN PLACE
Quartier Remicourt;Parc des Champs-Elysées;14.0;102;3.29451042731987;49.8480473818088;9.947440142942227;EN PLACE
Quartier Remicourt;Parc des Champs-Elysées;14.0;104;3.29453405535773;49.8480255789003;9.947440142942227;EN PLACE
Quartier Remicourt;Parc des Champs-Elysées;14.0;121;3.2945617955996;49.8479999815488;9.947440142942227;EN PLACE
Quartier Remicourt;Parc des Champs-Elysées;6.0;71;3.29470230949417;49.8480005414558;9.947440142942227;EN PLACE
Quartier Remicourt;Parc des Champs-Elysées;6.0;70;3.29468745425562;49.8479935256615;9.947440142942227;EN PLACE
Quartier Remicourt;Parc des Champs-Elysées;18.0;291;3.29427847954023;49.8479597131408;9.947440142942227;REMPLACÉ
Quartier Remicourt;Parc des Champs-Elysées;21.0;123;3.29435495301408;49.847877132967;9.947440142942227;EN PLACE
Quartier Remicourt;Parc des Champs-Elysées;17.0;79;3.29434891012709;49.8478504165278;9.947440142942227;EN PLACE
Quartier Remicourt;Parc des Champs-Elysées;17.0;59;3.29430231072471;49.8478662650094;9.947440142942227;EN PLACE
Quartier Remicourt;Parc des Champs-Elysées;20.0;243;3.29439200808096;49.8476420658341;9.947440142942227;EN PLACE
Quartier Remicourt;Parc des Champs-Elysées;21.0;264;3.29452423185964;49.847817636938;9.947440142942227;EN PLACE
Quartier Remicourt;Parc des Champs-Elysées;20.0;184;3.29445991134441;49.8476337752803;9.947440142942227;EN PLACE
Quartier Remicourt;Parc des Champs-Elysées;20.0;199;3.29443762633115;49.8475762629023;9.947440142942227;EN PLACE
Quartier Remicourt;Parc des Champs-Elysées;19.0;193;3.29450796516035;49.8475982877308;9.947440142942227;EN PLACE
Quartier Remicourt;Parc des Champs-Elysées;20.0;270;3.29467606817702;49.847633784048;9.947440142942227;EN PLACE
Quartier Remicourt;Parc des Champs-Elysées;18.0;91;3.29484295239728;49.8477008148311;9.947440142942227;EN PLACE
Quartier Remicourt;Parc des Champs-Elysées;3.0;48;3.2948748470243;49.8476856827529;9.947440142942227;SUPPRIMÉ
Quartier Remicourt;Parc des Champs-Elysées;12.0;65;3.29489038489446;49.8477195506736;9.947440142942227;EN PLACE
Quartier Remicourt;Parc des Champs-Elysées;12.0;80;3.29491897699028;49.8477004188931;9.947440142942227;EN PLACE
Quartier Remicourt;Parc des Champs-Elysées;9.0;79;3.29493474238719;49.847721008098;9.947440142942227;EN PLACE
Quartier Remicourt;Parc des Champs-Elysées;15.0;184;3.29508503837389;49.8477870606797;9.947440142942227;EN PLACE
Quartier Remicourt;Parc des Champs-Elysées;14.0;167;3.29513808648502;49.8477717539876;9.947440142942227;EN PLACE
Quartier Remicourt;Parc des Champs-Elysées;10.0;44;3.29517906740769;49.8477975886845;9.947440142942227;EN PLACE
Quartier Remicourt;Parc des Champs-Elysées;12.0;85;3.29517976722034;49.8478332722019;9.947440142942227;EN PLACE
Quartier Remicourt;Parc des Champs-Elysées;14.0;154;3.2952088273169;49.8478609889121;9.947440142942227;EN PLACE
Quartier Remicourt;Parc des Champs-Elysées;10.0;84;3.29520844836088;49.8477949686865;9.947440142942227;EN PLACE
Quartier Remicourt;Parc des Champs-Elysées;14.0;87;3.29523812450171;49.8478072156055;9.947440142942227;EN PLACE
Quartier Remicourt;Parc des Champs-Elysées;12.0;94;3.29527310701358;49.8478087117616;9.947440142942227;EN PLACE
Quartier Remicourt;Parc des Champs-Elysées;12.0;75;3.29526792759627;49.8478260037194;9.947440142942227;EN PLACE
Quartier Remicourt;Parc des Champs-Elysées;13.0;115;3.29532845563845;49.8478635740089;9.947440142942227;EN PLACE
Quartier Remicourt;Parc des Champs-Elysées;9.0;69;3.29529384617278;49.8478811081193;9.947440142942227;EN PLACE
Quartier Remicourt;Parc des Champs-Elysées;9.0;84;3.29529456456681;49.8481491486444;9.947440142942227;REMPLACÉ
Quartier Remicourt;Parc des Champs-Elysées;17.0;186;3.29512107201309;49.8481763955948;9.947440142942227;EN PLACE
Quartier Remicourt;Parc des Champs-Elysées;16.0;109;3.29508435817511;49.8481617092207;9.947440142942227;Essouché
Quartier Remicourt;Parc des Champs-Elysées;14.0;94;3.29505759079968;49.8481476541477;9.947440142942227;EN PLACE
Quartier Remicourt;Parc des Champs-Elysées;7.0;125;3.29501367506386;49.8482445216523;9.947440142942227;EN PLACE
Quartier Remicourt;Parc des Champs-Elysées;4.0;94;3.29496950817792;49.8482852761831;9.947440142942227;EN PLACE
Quartier Remicourt;Parc des Champs-Elysées;4.0;120;3.29494018891526;49.8483123304667;9.947440142942227;EN PLACE
Quartier Remicourt;Parc des Champs-Elysées;4.0;112;3.29491177253563;49.8483385508493;9.947440142942227;EN PLACE
Quartier Remicourt;Parc des Champs-Elysées;4.0;113;3.29488378892991;49.8483643736546;9.947440142942227;EN PLACE
Quartier Remicourt;Parc des Champs-Elysées;4.0;87;3.29486119100808;49.8483852246417;9.947440142942227;EN PLACE
Quartier Remicourt;Parc des Champs-Elysées;4.0;104;3.29484219231655;49.8484027553678;9.947440142942227;EN PLACE
Quartier Remicourt;Parc des Champs-Elysées;4.0;131;3.29482054153757;49.8484227336833;9.947440142942227;EN PLACE
Quartier Remicourt;Parc des Champs-Elysées;4.0;84;3.29475346935533;49.8484846230766;9.947440142942227;EN PLACE
Quartier Remicourt;Parc des Champs-Elysées;4.0;87;3.29473181711376;49.8485046013785;9.947440142942227;EN PLACE
Quartier Remicourt;Parc des Champs-Elysées;17.0;85;3.29479596832719;49.8485395205162;9.947440142942227;EN PLACE
Quartier Remicourt;Parc des Champs-Elysées;17.0;90;3.29481640453603;49.848512229651;9.947440142942227;EN PLACE
Quartier Remicourt;Parc des Champs-Elysées;19.0;139;3.29509299918891;49.8484780737512;9.947440142942227;EN PLACE
Quartier Remicourt;Parc des Champs-Elysées;17.0;100;3.29508710375476;49.8484588497044;9.947440142942227;EN PLACE
Quartier Remicourt;Parc des Champs-Elysées;16.0;164;3.29512476609296;49.8484656777548;9.947440142942227;EN PLACE
Quartier Remicourt;Parc des Champs-Elysées;16.0;200;3.29509277031407;49.8483650631878;9.947440142942227;EN PLACE
Quartier Remicourt;Parc des Champs-Elysées;17.0;234;3.29518776224247;49.8483121775569;9.947440142942227;EN PLACE
Quartier Remicourt;Parc des Champs-Elysées;6.0;34;3.29550825319567;49.8482759953089;9.947440142942227;EN PLACE
Quartier Remicourt;Parc des Champs-Elysées;11.0;109;3.29544615772575;49.8484299654208;9.947440142942227;EN PLACE
Quartier Remicourt;Parc des Champs-Elysées;13.0;111;3.29530145972461;49.8485931805795;9.947440142942227;EN PLACE
Quartier Remicourt;Parc des Champs-Elysées;24.0;287;3.2951130442972;49.8487224942212;9.947440142942227;EN PLACE
Quartier Remicourt;Parc des Champs-Elysées;27.0;247;3.29544275515699;49.8487059827739;9.947440142942227;EN PLACE
Quartier Remicourt;Parc des Champs-Elysées;21.0;137;3.29547922463503;49.8487830082754;9.947440142942227;EN PLACE
Quartier Remicourt;Parc des Champs-Elysées;21.0;157;3.29541649803227;49.8487740074613;9.947440142942227;EN PLACE
Quartier Remicourt;Parc des Champs-Elysées;21.0;133;3.29544122961974;49.8488154401792;9.947440142942227;EN PLACE
Quartier Remicourt;Parc des Champs-Elysées;19.0;166;3.29536636020822;49.8489373964665;9.947440142942227;EN PLACE
Quartier Remicourt;Parc des Champs-Elysées;19.0;118;3.29531641677397;49.8489235319211;9.947440142942227;EN PLACE
Quartier Remicourt;Parc des Champs-Elysées;19.0;147;3.29531332282605;49.8489532974989;9.947440142942227;EN PLACE
Quartier Remicourt;Parc des Champs-Elysées;23.0;224;3.29533713857966;49.8493439925902;9.947440142942227;EN PLACE
Quartier Remicourt;Parc des Champs-Elysées;23.0;146;3.29531370712414;49.8492975200883;9.947440142942227;EN PLACE
Quartier Remicourt;Parc des Champs-Elysées;23.0;169;3.29529101030421;49.8492525093933;9.947440142942227;EN PLACE
Quartier Remicourt;Parc des Champs-Elysées;23.0;220;3.2952683754117;49.8492076163134;9.947440142942227;EN PLACE
Quartier Remicourt;Parc des Champs-Elysées;19.0;214;3.29524286146837;49.8491570196767;9.947440142942227;EN PLACE
Quartier Remicourt;Parc des Champs-Elysées;21.0;188;3.29514303231169;49.8489590346308;9.947440142942227;EN PLACE
Quartier Remicourt;Parc des Champs-Elysées;21.0;225;3.2951109076379;49.8488953211952;9.947440142942227;EN PLACE
Quartier Remicourt;Parc des Champs-Elysées;21.0;190;3.29508321006114;49.8488403911708;9.947440142942227;EN PLACE
Quartier Remicourt;Parc des Champs-Elysées;21.0;218;3.2950535537459;49.8487815749545;9.947440142942227;EN PLACE
Quartier Remicourt;Parc des Champs-Elysées;20.0;131;3.29502459264395;49.8487241370307;9.947440142942227;EN PLACE
Quartier Remicourt;Parc des Champs-Elysées;21.0;182;3.29499720200996;49.8486698130728;9.947440142942227;EN PLACE
Quartier Remicourt;Parc des Champs-Elysées;21.0;225;3.29496907690227;49.8486140335857;9.947440142942227;EN PLACE
Quartier Remicourt;Parc des Champs-Elysées;21.0;166;3.29494186932778;49.8485600732697;9.947440142942227;EN PLACE
Quartier Remicourt;Parc des Champs-Elysées;21.0;255;3.29491447466254;49.8485057421067;9.947440142942227;EN PLACE
Quartier Remicourt;Parc des Champs-Elysées;21.0;226;3.29485957895403;49.8485779427928;9.947440142942227;EN PLACE
Quartier Remicourt;Parc des Champs-Elysées;21.0;176;3.29488878462972;49.8486358674333;9.947440142942227;EN PLACE
Quartier Remicourt;Parc des Champs-Elysées;21.0;290;3.29496993607069;49.8487968118611;9.947440142942227;REMPLACÉ
Quartier Remicourt;Parc des Champs-Elysées;21.0;152;3.29499883803684;49.8488541303708;9.947440142942227;EN PLACE
Quartier Remicourt;Parc des Champs-Elysées;21.0;230;3.29502728839635;49.8489105581453;9.947440142942227;EN PLACE
Quartier Remicourt;Parc des Champs-Elysées;21.0;203;3.29505762018527;49.8489707104601;9.947440142942227;EN PLACE
Quartier Remicourt;Parc des Champs-Elysées;21.0;244;3.29509844125543;49.8490516701833;9.947440142942227;EN PLACE
Quartier Remicourt;Parc des Champs-Elysées;21.0;299;3.29518400142304;49.8492213565469;9.947440142942227;EN PLACE
Quartier Remicourt;Parc des Champs-Elysées;21.0;259;3.29520973909933;49.8492723994622;9.947440142942227;EN PLACE
Quartier Remicourt;Parc des Champs-Elysées;21.0;203;3.29523206720614;49.849316685563;9.947440142942227;EN PLACE
Quartier Remicourt;Parc des Champs-Elysées;21.0;208;3.2952532540694;49.8493587017201;9.947440142942227;EN PLACE
Quartier Remicourt;Parc des Champs-Elysées;21.0;241;3.29529713786923;49.8494457330633;9.947440142942227;EN PLACE
Quartier Remicourt;Parc des Champs-Elysées;21.0;247;3.29532262953413;49.8494962901801;9.947440142942227;EN PLACE
Quartier Remicourt;Parc des Champs-Elysées;20.0;214;3.29518872861207;49.8496770418737;9.947440142942227;EN PLACE
Quartier Remicourt;Parc des Champs-Elysées;4.0;218;3.29509493239713;49.8495018452662;11.75068493150685;EN PLACE
Quartier Remicourt;Parc des Champs-Elysées;20.0;191;3.2950558746997;49.8495364275441;9.947440142942227;EN PLACE
Quartier Remicourt;Parc des Champs-Elysées;20.0;208;3.29490681404145;49.8495340842177;9.947440142942227;EN PLACE
Quartier Remicourt;Parc des Champs-Elysées;20.0;178;3.29480991285289;49.8494899134147;9.947440142942227;EN PLACE
Quartier Remicourt;Parc des Champs-Elysées;20.0;206;3.29485763258606;49.8494466947291;9.947440142942227;EN PLACE
Quartier Remicourt;Parc des Champs-Elysées;20.0;213;3.2946466783769;49.8494134459817;9.947440142942227;EN PLACE
Quartier Remicourt;Parc des Champs-Elysées;20.0;172;3.29450564344335;49.8493464139493;9.947440142942227;EN PLACE
Quartier Remicourt;Parc des Champs-Elysées;20.0;172;3.29443806131485;49.849314292133;9.947440142942227;EN PLACE
Quartier Remicourt;Parc des Champs-Elysées;20.0;155;3.29437082509057;49.8492823357353;9.947440142942227;EN PLACE
Quartier Remicourt;Parc des Champs-Elysées;20.0;231;3.29430786275799;49.8492524103371;9.947440142942227;EN PLACE
Quartier Remicourt;Parc des Champs-Elysées;9.0;109;3.29467965125619;49.8491094092324;9.947440142942227;EN PLACE
Quartier Remicourt;Parc des Champs-Elysées;5.0;98;3.29509445397146;49.8478032469688;9.947440142942227;EN PLACE
Quartier Remicourt;Parc des Champs-Elysées;11.0;127;3.294847841534;49.8489654952235;9.947440142942227;EN PLACE
Quartier Remicourt;Boulevard Gambetta;8.0;58;3.29129090256448;49.8528898661797;9.947440142942227;EN PLACE
Quartier Remicourt;Boulevard Gambetta;8.0;50;3.29138923251;49.8528304987023;9.947440142942227;EN PLACE
Quartier Remicourt;Boulevard Gambetta;8.0;56;3.29147810735405;49.8527707716165;9.947440142942227;EN PLACE
Quartier Remicourt;Boulevard Gambetta;5.0;52;3.291586642918;49.8527017578722;9.947440142942227;EN PLACE
Quartier Remicourt;Boulevard Gambetta;8.0;56;3.29168242481254;49.8526440453329;9.947440142942227;EN PLACE
Quartier Remicourt;Boulevard Gambetta;6.0;50;3.29178306569426;49.85258248528;9.947440142942227;EN PLACE
Quartier Remicourt;Boulevard Gambetta;6.0;35;3.29188958401161;49.852511105459;9.947440142942227;EN PLACE
Quartier Remicourt;Boulevard Gambetta;8.0;62;3.29198102221233;49.8524549597281;9.947440142942227;EN PLACE
Quartier Remicourt;Boulevard Gambetta;9.0;60;3.29208763046804;49.8523878059453;9.947440142942227;EN PLACE
Quartier Remicourt;Boulevard Gambetta;6.0;51;3.29217974011146;49.8523293720941;9.947440142942227;EN PLACE
Quartier Remicourt;Boulevard Gambetta;8.0;51;3.29227792346702;49.8522653704993;9.947440142942227;EN PLACE
Quartier Remicourt;Boulevard Gambetta;8.0;59;3.29238475241899;49.8521975874518;9.947440142942227;EN PLACE
Quartier Remicourt;Boulevard Gambetta;8.0;55;3.29250454401359;49.8521205908842;9.947440142942227;EN PLACE
Quartier Remicourt;Boulevard Gambetta;8.0;54;3.292604787313;49.8520577670299;9.947440142942227;EN PLACE
Quartier Remicourt;Boulevard Gambetta;8.0;60;3.2927341784586;49.8519754526744;9.947440142942227;EN PLACE
Quartier Remicourt;Boulevard Gambetta;8.0;53;3.29283039711325;49.8519133327252;9.947440142942227;EN PLACE
Quartier Remicourt;Boulevard Gambetta;8.0;60;3.29294521440126;49.8518413738073;9.947440142942227;EN PLACE
Quartier Remicourt;Boulevard Gambetta;8.0;65;3.29304060444475;49.8517842535839;9.947440142942227;EN PLACE
Quartier Remicourt;Boulevard Gambetta;8.0;49;3.29317601404283;49.851694571251;9.947440142942227;EN PLACE
Quartier Remicourt;Boulevard Gambetta;8.0;54;3.29327795249307;49.8516332251118;9.947440142942227;EN PLACE
Quartier Remicourt;Boulevard Gambetta;8.0;46;3.29338631893808;49.8515635124144;9.947440142942227;EN PLACE
Quartier Remicourt;Boulevard Gambetta;8.0;65;3.293485008722;49.8514984503302;9.947440142942227;EN PLACE
Quartier Remicourt;Boulevard Gambetta;7.0;58;3.29359350517308;49.8514338338435;9.947440142942227;EN PLACE
Quartier Remicourt;Boulevard Gambetta;8.0;52;3.29369607120472;49.8513660053869;9.947440142942227;EN PLACE
Quartier Remicourt;Boulevard Gambetta;8.0;63;3.29379328872303;49.851307623987;9.947440142942227;EN PLACE
Quartier Remicourt;Boulevard Gambetta;8.0;55;3.29389692462257;49.8512425392804;9.947440142942227;EN PLACE
Quartier Remicourt;Boulevard Gambetta;7.0;49;3.29401572915772;49.8511640340877;9.947440142942227;EN PLACE
Quartier Remicourt;Boulevard Gambetta;7.0;55;3.29411851311715;49.8511051520841;9.947440142942227;EN PLACE
Quartier Remicourt;Boulevard Gambetta;8.0;53;3.2942187524225;49.851042583054;9.947440142942227;EN PLACE
Quartier Remicourt;Boulevard Gambetta;8.0;50;3.29431685990947;49.8509797855261;9.947440142942227;EN PLACE
Quartier Remicourt;Boulevard Gambetta;7.0;51;3.29442589595229;49.8509099937441;9.947440142942227;EN PLACE
Quartier Remicourt;Boulevard Gambetta;10.0;62;3.29456746309694;49.8508193772842;9.947440142942227;EN PLACE
Quartier Remicourt;Boulevard Gambetta;7.0;63;3.29467001183197;49.8507537371907;9.947440142942227;EN PLACE
Quartier Remicourt;Boulevard Gambetta;10.0;54;3.29477076341324;49.8506891866747;9.947440142942227;EN PLACE
Quartier Remicourt;Boulevard Gambetta;10.0;62;3.29485953744376;49.8506322910238;9.947440142942227;EN PLACE
Quartier Remicourt;Boulevard Gambetta;10.0;55;3.29495802049614;49.8505623849832;9.947440142942227;EN PLACE
Quartier Remicourt;Boulevard Gambetta;7.0;59;3.29503769051637;49.8504850864659;9.947440142942227;EN PLACE
Quartier Remicourt;Boulevard Gambetta;10.0;66;3.29509662954191;49.8504127874912;9.947440142942227;EN PLACE
Quartier Remicourt;Boulevard Gambetta;10.0;62;3.29514168538028;49.8503244015544;9.947440142942227;EN PLACE
Quartier Remicourt;Boulevard Gambetta;7.0;48;3.29516965298899;49.8502421100892;9.947440142942227;EN PLACE
Quartier Remicourt;Boulevard Gambetta;9.0;50;3.29519875860657;49.8501564703738;9.947440142942227;EN PLACE
Quartier Remicourt;Boulevard Gambetta;9.0;53;3.29522957877434;49.8500657844429;9.947440142942227;EN PLACE
Quartier Remicourt;Boulevard Gambetta;8.0;47;3.29538010049418;49.8496375667933;9.947440142942227;EN PLACE
Quartier Remicourt;Boulevard Gambetta;6.0;39;3.29543869417103;49.8494771845694;9.947440142942227;EN PLACE
Quartier Remicourt;Boulevard Gambetta;6.0;40;3.29547607604159;49.8493776856881;9.947440142942227;EN PLACE
Quartier Remicourt;Boulevard Gambetta;8.0;53;3.29550762490364;49.849292497331;9.947440142942227;EN PLACE
Quartier Remicourt;Boulevard Gambetta;12.0;53;3.29553945030487;49.8491925215228;9.947440142942227;EN PLACE
Quartier Remicourt;Boulevard Gambetta;9.0;56;3.29557709412439;49.8490908749952;9.947440142942227;EN PLACE
Quartier Remicourt;Boulevard Gambetta;9.0;56;3.29560626606931;49.8489973169953;9.947440142942227;EN PLACE
Quartier Remicourt;Boulevard Gambetta;11.0;74;3.29564030725888;49.8489054000834;9.947440142942227;EN PLACE
Quartier Remicourt;Boulevard Gambetta;8.0;62;3.29567471483264;49.8488101593304;9.947440142942227;EN PLACE
Quartier Remicourt;Boulevard Gambetta;9.0;58;3.29569729798026;49.8487167122896;9.947440142942227;EN PLACE
Quartier Remicourt;Boulevard Gambetta;7.0;53;3.29570473328207;49.8486217552227;9.947440142942227;EN PLACE
Quartier Remicourt;Boulevard Gambetta;8.0;60;3.29569137790585;49.8485194027499;9.947440142942227;EN PLACE
Quartier Remicourt;Boulevard Gambetta;9.0;71;3.29567816396071;49.848422747223;9.947440142942227;EN PLACE
Quartier Remicourt;Boulevard Gambetta;9.0;58;3.29566404013091;49.8483266810646;9.947440142942227;EN PLACE
Quartier Remicourt;Boulevard Gambetta;9.0;57;3.295644316392;49.8481378960238;9.947440142942227;EN PLACE
Quartier Remicourt;Boulevard Gambetta;8.0;47;3.29563404935806;49.8480551746947;9.947440142942227;EN PLACE
Quartier Remicourt;Boulevard Gambetta;7.0;45;3.29562500310269;49.8479606771678;9.947440142942227;EN PLACE
Quartier Remicourt;Boulevard Gambetta;8.0;58;3.29561425536555;49.8478740803176;9.947440142942227;EN PLACE
Quartier Remicourt;Boulevard Gambetta;6.0;44;3.2955279748223;49.8474721206946;9.947440142942227;EN PLACE
Quartier Remicourt;Boulevard Gambetta;7.0;54;3.29551584348485;49.8473727436401;9.947440142942227;EN PLACE
Quartier Remicourt;Boulevard Gambetta;7.0;45;3.29550321912853;49.8472824590639;9.947440142942227;EN PLACE
Quartier du Centre-Ville;Boulevard Gambetta;7.0;47;3.29549215792955;49.8471966208704;9.947440142942227;EN PLACE
Quartier du Centre-Ville;Boulevard Gambetta;7.0;45;3.29548064412536;49.8471046477619;9.947440142942227;EN PLACE
Quartier du Centre-Ville;Boulevard Gambetta;7.0;45;3.29544843306016;49.8466739286362;9.947440142942227;EN PLACE
Quartier du Centre-Ville;Boulevard Gambetta;7.0;46;3.29543571377235;49.8465883804876;9.947440142942227;EN PLACE
Quartier du Centre-Ville;Boulevard Gambetta;5.0;28;3.29525287266218;49.8457561714239;9.947440142942227;EN PLACE
Quartier du Centre-Ville;Boulevard Gambetta;5.0;30;3.2952428722825;49.8456792203448;9.947440142942227;EN PLACE
Quartier du Centre-Ville;Boulevard Gambetta;5.0;33;3.29523435023914;49.8456118144131;9.947440142942227;EN PLACE
Quartier du Centre-Ville;Boulevard Gambetta;6.0;28;3.29520998946094;49.8454257496005;9.947440142942227;EN PLACE
Quartier du Centre-Ville;Boulevard Gambetta;15.0;125;3.29504840919213;49.8451840113614;9.947440142942227;EN PLACE
Quartier du Centre-Ville;Boulevard Gambetta;8.0;55;3.29502638707735;49.8439216231943;9.947440142942227;EN PLACE
Quartier du Centre-Ville;Boulevard Gambetta;6.0;47;3.29502198514595;49.8438847810461;9.947440142942227;EN PLACE
Quartier du Centre-Ville;Boulevard Gambetta;11.0;80;3.29489880021784;49.842877226812;9.947440142942227;EN PLACE
Quartier du Centre-Ville;Boulevard Gambetta;9.0;52;3.29531434654244;49.8438567919494;9.947440142942227;EN PLACE
Quartier du Centre-Ville;Boulevard Gambetta;9.0;49;3.29534436592338;49.8440431860686;9.947440142942227;EN PLACE
Quartier du Centre-Ville;Boulevard Gambetta;9.0;48;3.29536055167096;49.8441950444687;9.947440142942227;EN PLACE
Quartier du Centre-Ville;Boulevard Gambetta;8.0;48;3.29540235232977;49.8445780054693;9.947440142942227;EN PLACE
Quartier du Centre-Ville;Boulevard Gambetta;8.0;44;3.29547211999935;49.8450985018816;9.947440142942227;EN PLACE
Quartier du Centre-Ville;Boulevard Gambetta;7.0;50;3.29552149828772;49.8455207566248;9.947440142942227;EN PLACE
Quartier du Centre-Ville;Boulevard Gambetta;7.0;50;3.2955380132926;49.8456633951622;9.947440142942227;EN PLACE
Quartier du Centre-Ville;Boulevard Gambetta;7.0;55;3.29555697249032;49.8457953971037;9.947440142942227;EN PLACE
Quartier du Centre-Ville;Boulevard Gambetta;7.0;50;3.29558249973925;49.8460504829577;9.947440142942227;EN PLACE
Quartier du Centre-Ville;Boulevard Gambetta;9.0;60;3.29564059150138;49.8464225923168;9.947440142942227;EN PLACE
Quartier du Centre-Ville;Boulevard Gambetta;8.0;55;3.29566399413502;49.8466022688943;9.947440142942227;EN PLACE
Quartier du Centre-Ville;Boulevard Gambetta;8.0;45;3.29567247283344;49.8467239849977;9.947440142942227;EN PLACE
Quartier Remicourt;Boulevard Gambetta;7.0;47;3.29572102530908;49.847064450824;9.947440142942227;EN PLACE
Quartier Remicourt;Boulevard Gambetta;7.0;50;3.29573492009015;49.8471885438433;9.947440142942227;EN PLACE
Quartier Remicourt;Boulevard Gambetta;8.0;50;3.29574852404056;49.847291122305;9.947440142942227;Essouché
Quartier Remicourt;Boulevard Gambetta;8.0;49;3.2957738871982;49.8474644519237;9.947440142942227;EN PLACE
Quartier Remicourt;Boulevard Gambetta;9.0;48;3.29581564296062;49.8478122008884;9.947440142942227;EN PLACE
Quartier Remicourt;Boulevard Gambetta;9.0;55;3.2958318538173;49.8479340934291;9.947440142942227;EN PLACE
Quartier du Centre-Ville;Boulevard Gambetta;14.0;148;3.29499485084495;49.8446347869222;9.947440142942227;EN PLACE
Quartier Remicourt;Square Marché Franc;6.0;84;3.29593383683953;49.8445825610822;9.947440142942227;EN PLACE
Quartier Remicourt;Square Marché Franc;11.0;125;3.2958848336889;49.8446162733317;9.947440142942227;EN PLACE
Quartier Remicourt;Square Marché Franc;14.0;98;3.29585443215326;49.8446605394502;9.947440142942227;EN PLACE
Quartier Remicourt;Square Marché Franc;14.0;125;3.29581948764006;49.844660827102;9.947440142942227;EN PLACE
Quartier Remicourt;Square Marché Franc;14.0;89;3.29584372495843;49.8446772816811;9.947440142942227;EN PLACE
Quartier Remicourt;Square Marché Franc;7.0;110;3.29593921407221;49.8447460120731;9.947440142942227;EN PLACE
Quartier Remicourt;Square Marché Franc;14.0;105;3.29593694034671;49.8448174073353;9.947440142942227;EN PLACE
Quartier Remicourt;Square Marché Franc;7.0;90;3.29593554701399;49.8449525137636;9.947440142942227;EN PLACE
Quartier Remicourt;Square Marché Franc;13.0;125;3.29590300290252;49.8449813314192;9.947440142942227;EN PLACE
Quartier Remicourt;Square Marché Franc;7.0;50;3.29595292003364;49.8449940072436;9.947440142942227;EN PLACE
Quartier Remicourt;Square Marché Franc;10.0;70;3.29583309818776;49.8451041936459;9.947440142942227;EN PLACE
Quartier Remicourt;Square Marché Franc;12.0;95;3.29580336808024;49.8450889738254;9.947440142942227;EN PLACE
Quartier Remicourt;Square Marché Franc;5.0;50;3.29563262592021;49.845017708725;9.947440142942227;SUPPRIMÉ
Quartier Remicourt;Square Marché Franc;18.0;230;3.29555746837606;49.8449053325897;9.947440142942227;EN PLACE
Quartier Remicourt;Square Marché Franc;17.0;205;3.29573971582948;49.8449121604616;9.947440142942227;EN PLACE
Quartier Remicourt;Square Marché Franc;17.0;180;3.29581020725893;49.8448481427036;9.947440142942227;EN PLACE
Quartier Remicourt;Square Marché Franc;17.0;170;3.29573214010602;49.8448071491482;9.947440142942227;EN PLACE
Quartier Remicourt;Square Marché Franc;17.0;160;3.2956362893348;49.8447972303402;9.947440142942227;REMPLACÉ
Quartier Remicourt;Square Marché Franc;7.0;64;3.29554463933902;49.8447472398489;9.947440142942227;EN PLACE
Quartier Remicourt;Square Marché Franc;13.0;117;3.29565194204028;49.8447258013906;9.947440142942227;EN PLACE
Quartier Remicourt;Square Marché Franc;13.0;90;3.2956310808066;49.8447126494933;9.947440142942227;EN PLACE
Quartier Remicourt;Square Marché Franc;13.0;130;3.29566626189282;49.8447056983987;9.947440142942227;EN PLACE
Quartier Remicourt;Square Marché Franc;11.0;98;3.29559057750713;49.8446759306516;9.947440142942227;EN PLACE
Quartier Remicourt;Square Marché Franc;9.0;92;3.29555040172496;49.8446534214483;9.947440142942227;EN PLACE
Quartier Remicourt;Square Marché Franc;11.0;128;3.2955363049012;49.8446849427736;9.947440142942227;EN PLACE
Quartier Remicourt;Rue Etat Major;5.0;42;3.29564052658575;49.8428697114785;9.947440142942227;EN PLACE
Quartier Remicourt;Rue Etat Major;4.0;35;3.29557246196037;49.8429216568474;9.947440142942227;EN PLACE
Quartier Remicourt;Rue Etat Major;5.0;45;3.29551974768449;49.842969588804;9.947440142942227;EN PLACE
Quartier Remicourt;Rue Etat Major;4.0;51;3.29546141446285;49.8430180671198;9.947440142942227;EN PLACE
Quartier Remicourt;Rue Etat Major;5.0;41;3.29540633053554;49.8430638418573;9.947440142942227;EN PLACE
Quartier Remicourt;Rue Etat Major;5.0;56;3.29530813371846;49.8431454454436;9.947440142942227;EN PLACE
Quartier Remicourt;Rue Etat Major;4.0;42;3.29529898948141;49.8430873318587;9.947440142942227;EN PLACE
Quartier Remicourt;Rue Etat Major;4.0;40;3.29529179806772;49.8430194298265;9.947440142942227;EN PLACE
Quartier Remicourt;Rue Etat Major;5.0;50;3.29528397885543;49.8429629482881;9.947440142942227;EN PLACE
Quartier Remicourt;Rue Etat Major;4.0;40;3.2952770305942;49.8429026444659;9.947440142942227;EN PLACE
Quartier Remicourt;Rue Etat Major;4.0;54;3.29527021768797;49.8428488935246;9.947440142942227;EN PLACE
Quartier Remicourt;Rue Etat Major;6.0;65;3.29526677052021;49.8427747956576;9.947440142942227;EN PLACE
Quartier Remicourt;Rue Etat Major;5.0;55;3.29525639267719;49.8427091870309;9.947440142942227;EN PLACE
Quartier Remicourt;Rue Etat Major;5.0;49;3.2953725799252;49.8427392343052;9.947440142942227;EN PLACE
Quartier Remicourt;Rue Etat Major;5.0;52;3.29557372606459;49.8427912535979;9.947440142942227;EN PLACE
Quartier Remicourt;Rue Etat Major;4.0;50;3.29569435407726;49.8428224491552;9.947440142942227;EN PLACE
Quartier Remicourt;Rue Etat Major;5.0;48;3.29552110655343;49.8428380453159;9.947440142942227;EN PLACE
Quartier Remicourt;Rue Etat Major;5.0;58;3.29538099359174;49.8428018495097;9.947440142942227;EN PLACE
Quartier Remicourt;Rue Etat Major;5.0;46;3.29539892891758;49.8429349204933;9.947440142942227;EN PLACE
Quartier du Centre-Ville;Place du 8 Octobre;6.0;46;3.2951802972793;49.842349689192;9.947440142942227;EN PLACE
Quartier du Centre-Ville;Place du 8 Octobre;6.0;45;3.29522806222493;49.8422710409595;9.947440142942227;EN PLACE
Quartier du Centre-Ville;Place du 8 Octobre;6.0;45;3.295274201272;49.8421950696903;9.947440142942227;REMPLACÉ
Quartier du Centre-Ville;Place du 8 Octobre;6.0;44;3.29532105325304;49.8421195434378;9.947440142942227;EN PLACE
Quartier du Centre-Ville;Place du 8 Octobre;6.0;39;3.29536746528045;49.8420450890475;9.947440142942227;EN PLACE
Quartier du Centre-Ville;Place du 8 Octobre;6.0;36;3.29527391916494;49.8420640265698;9.947440142942227;EN PLACE
Quartier du Centre-Ville;Place du 8 Octobre;6.0;32;3.29517981031668;49.8422173663388;9.947440142942227;REMPLACÉ
Quartier du Centre-Ville;Place du 8 Octobre;6.0;40;3.29513405242056;49.8422927099689;9.947440142942227;EN PLACE
Quartier du Centre-Ville;Place du 8 Octobre;6.0;36;3.29481868209472;49.8422875497857;9.947440142942227;EN PLACE
Quartier du Centre-Ville;Place du 8 Octobre;6.0;36;3.29483121808596;49.8423718776957;9.947440142942227;EN PLACE
Quartier du Centre-Ville;Place du 8 Octobre;6.0;36;3.29484323540245;49.8424527059774;9.947440142942227;EN PLACE
Quartier du Centre-Ville;Place du 8 Octobre;7.0;62;3.29485514852224;49.8425328449403;9.947440142942227;EN PLACE
Quartier du Centre-Ville;Place du 8 Octobre;7.0;55;3.29486936436846;49.8426119046415;9.947440142942227;EN PLACE
Quartier du Centre-Ville;Place du 8 Octobre;7.0;48;3.29474323904723;49.8425816345818;9.947440142942227;EN PLACE
Quartier du Centre-Ville;Place du 8 Octobre;7.0;42;3.2945597962233;49.8425346823799;9.947440142942227;EN PLACE
Quartier du Centre-Ville;Place du 8 Octobre;7.0;48;3.29443606800407;49.8425030151344;9.947440142942227;EN PLACE
Quartier du Centre-Ville;Place du 8 Octobre;7.0;40;3.29452960553722;49.8424507071215;9.947440142942227;EN PLACE
Quartier du Centre-Ville;Place du 8 Octobre;5.0;35;3.29462511186412;49.8423968504108;9.947440142942227;EN PLACE
Quartier du Centre-Ville;Place du 8 Octobre;6.0;38;3.29471980745078;49.8423434514778;9.947440142942227;EN PLACE
Quartier du Centre-Ville;Place du 8 Octobre;5.0;31;3.29457547057959;49.84220050232;9.947440142942227;EN PLACE
Quartier du Centre-Ville;Place du 8 Octobre;5.0;35;3.29443448676446;49.8423051915608;9.947440142942227;EN PLACE
Quartier du Centre-Ville;Place du 8 Octobre;7.0;48;3.29432421238797;49.8423660555338;9.947440142942227;EN PLACE
Quartier du Centre-Ville;Place du 8 Octobre;7.0;35;3.29441713746936;49.8421567028042;9.947440142942227;EN PLACE
Quartier du Centre-Ville;Place du 8 Octobre;7.0;45;3.2944635860203;49.8420802231093;9.947440142942227;EN PLACE
Quartier du Centre-Ville;Place du 8 Octobre;7.0;40;3.29451037307498;49.8420031860277;9.947440142942227;EN PLACE
Quartier du Centre-Ville;Place du 8 Octobre;7.0;44;3.29455655840941;49.8419271402961;9.947440142942227;EN PLACE
Quartier du Centre-Ville;Place du 8 Octobre;7.0;47;3.2946034979724;49.8418498510529;9.947440142942227;EN PLACE
Quartier du Centre-Ville;Place du 8 Octobre;6.0;35;3.29466087727337;49.8419114470726;9.947440142942227;EN PLACE
Quartier du Centre-Ville;Place du 8 Octobre;6.0;38;3.29461446360431;49.8419878701241;9.947440142942227;EN PLACE
Quartier du Centre-Ville;Place du 8 Octobre;6.0;40;3.29456827830245;49.8420639158765;9.947440142942227;EN PLACE
Quartier Remicourt;Jardin d'horticulture;12.0;96;3.28965831107858;49.8523199958218;9.947440142942227;EN PLACE
Quartier du Centre-Ville;Place du 8 Octobre;5.0;36;3.29452129578782;49.8421412726348;9.947440142942227;EN PLACE
Quartier du Centre-Ville;Place du 8 Octobre;5.0;32;3.29447425395605;49.8422187311136;9.947440142942227;EN PLACE
Quartier du Centre-Ville;Place du 8 Octobre;6.0;33;3.29462185009543;49.8421241360179;9.947440142942227;EN PLACE
Quartier du Centre-Ville;Place du 8 Octobre;5.0;30;3.29476089554151;49.8418951882595;9.947440142942227;EN PLACE
Quartier Remicourt;Jardin d'horticulture;16.0;129;3.29045123299353;49.8514223457071;9.947440142942227;EN PLACE
Quartier Remicourt;Jardin d'horticulture;14.0;105;3.2904098159335;49.8514615452762;9.947440142942227;EN PLACE
Quartier Remicourt;Jardin d'horticulture;16.0;113;3.29035731063044;49.8515112399255;9.947440142942227;EN PLACE
Quartier Remicourt;Jardin d'horticulture;16.0;98;3.29031242272881;49.8515537223926;9.947440142942227;EN PLACE
Quartier Remicourt;Jardin d'horticulture;16.0;108;3.29026481766941;49.8515987783552;9.947440142942227;EN PLACE
Quartier Remicourt;Jardin d'horticulture;16.0;140;3.29021442214136;49.8516464754198;9.947440142942227;EN PLACE
Quartier Remicourt;Jardin d'horticulture;16.0;129;3.29016742392013;49.8516909553459;9.947440142942227;EN PLACE
Quartier Remicourt;Jardin d'horticulture;16.0;165;3.29011879259147;49.8517369820621;9.947440142942227;EN PLACE
Quartier Remicourt;Jardin d'horticulture;7.0;44;3.29037115993367;49.8517564169697;9.947440142942227;EN PLACE
Quartier Remicourt;Jardin d'horticulture;7.0;62;3.29052405694001;49.8518227358762;9.947440142942227;EN PLACE
Quartier Remicourt;Jardin d'horticulture;13.0;270;3.29041347788118;49.8519780124442;9.947440142942227;SUPPRIMÉ
Quartier Remicourt;Jardin d'horticulture;9.0;112;3.29001576861107;49.852283430026;9.947440142942227;EN PLACE
Quartier Remicourt;Jardin d'horticulture;21.0;186;3.29000115339497;49.8524312892594;9.947440142942227;EN PLACE
Quartier Remicourt;Jardin d'horticulture;16.0;211;3.28984952689396;49.85240301176;9.947440142942227;EN PLACE
Quartier Remicourt;Jardin d'horticulture;16.0;258;3.28978276473611;49.8523759577344;9.947440142942227;EN PLACE
Quartier Remicourt;Jardin d'horticulture;19.0;202;3.28989083021023;49.8519671695136;9.947440142942227;EN PLACE
Quartier Remicourt;Jardin d'horticulture;18.0;128;3.28947049966623;49.8523649764938;9.947440142942227;EN PLACE
Quartier Remicourt;Jardin d'horticulture;18.0;135;3.2894190765433;49.8524136431114;9.947440142942227;EN PLACE
Quartier Remicourt;Jardin d'horticulture;18.0;121;3.28935812587854;49.8524713264086;9.947440142942227;EN PLACE
Quartier Remicourt;Jardin d'horticulture;14.0;152;3.289659112073;49.852590271529;9.947440142942227;EN PLACE
Quartier Remicourt;Jardin d'horticulture;14.0;122;3.2894876224514;49.8524779281065;9.947440142942227;EN PLACE
Quartier Remicourt;Jardin d'horticulture;22.0;184;3.28994233317041;49.8525470347075;9.947440142942227;EN PLACE
Quartier Remicourt;Jardin d'horticulture;17.0;267;3.28986783682158;49.8526513774792;9.947440142942227;Essouché
Quartier Remicourt;Jardin d'horticulture;9.0;74;3.28974018714569;49.852627716616;9.947440142942227;EN PLACE
Quartier Remicourt;Jardin d'horticulture;11.0;127;3.28932567443051;49.8525216094735;9.947440142942227;EN PLACE
Quartier Remicourt;Jardin d'horticulture;10.0;95;3.28942298986894;49.8525528517546;9.947440142942227;EN PLACE
Quartier Remicourt;Jardin d'horticulture;13.0;143;3.2893658572563;49.8525666428868;9.947440142942227;EN PLACE
Quartier Remicourt;Jardin d'horticulture;12.0;99;3.28939346188198;49.8526235181411;9.947440142942227;EN PLACE
Quartier Remicourt;Jardin d'horticulture;18.0;137;3.28933980902707;49.8526178640672;9.947440142942227;EN PLACE
Quartier Remicourt;Jardin d'horticulture;14.0;211;3.28925589575065;49.8526674027327;9.947440142942227;EN PLACE
Quartier Remicourt;Jardin d'horticulture;14.0;102;3.28920217067879;49.8527049572358;9.947440142942227;EN PLACE
Quartier Remicourt;Avenue du Général de Gaulle;14.0;133;3.29563190374161;49.8419539890388;9.947440142942227;REMPLACÉ
Quartier Remicourt;Avenue du Général de Gaulle;13.0;90;3.2957284832448;49.8419794129468;9.947440142942227;EN PLACE
Quartier Remicourt;Avenue du Général de Gaulle;13.0;90;3.29583793994777;49.8420082261339;9.947440142942227;EN PLACE
Quartier Remicourt;Avenue du Général de Gaulle;15.0;145;3.29593451827958;49.8420336507743;9.947440142942227;EN PLACE
Quartier Remicourt;Avenue du Général de Gaulle;15.0;120;3.29587760156653;49.8421254548972;9.947440142942227;EN PLACE
Quartier Remicourt;Avenue du Général de Gaulle;16.0;145;3.29577874647805;49.842099431781;9.947440142942227;REMPLACÉ
Quartier Remicourt;Avenue du Général de Gaulle;14.0;110;3.29566959454589;49.842070698687;9.947440142942227;EN PLACE
Quartier Remicourt;Avenue du Général de Gaulle;14.0;120;3.29557352033963;49.8420454074183;9.947440142942227;EN PLACE
Quartier du Centre-Ville;Place Danton;10.0;122;3.29345787584848;49.8459279081027;9.947440142942227;EN PLACE
Quartier du Centre-Ville;Place Danton;6.0;80;3.29352494694252;49.8460126391154;9.947440142942227;EN PLACE
Quartier du Centre-Ville;Place Danton;6.0;79;3.29364297661248;49.8460046417433;9.947440142942227;EN PLACE
Quartier du Centre-Ville;Place Danton;9.0;78;3.29371104028181;49.8460848667975;9.947440142942227;EN PLACE
Quartier du Centre-Ville;Square Churchill;11.0;80;3.29018103203034;49.8486501420698;9.947440142942227;EN PLACE
Quartier du Centre-Ville;Square Churchill;7.0;90;3.29015202031137;49.848530706106;9.947440142942227;EN PLACE
Quartier du Centre-Ville;Square Churchill;5.0;65;3.29016571874824;49.8484046734062;9.947440142942227;EN PLACE
Quartier du Centre-Ville;Square Churchill;7.0;190;3.29030654943464;49.8484414552928;9.947440142942227;Essouché
Quartier du Centre-Ville;Square Churchill;8.0;180;3.29031502368625;49.8483944030153;9.947440142942227;Essouché
Quartier du Centre-Ville;Square Churchill;18.0;160;3.29050289855801;49.8483330039882;9.947440142942227;EN PLACE
Quartier du Centre-Ville;Square Churchill;19.0;255;3.29093273401938;49.8481336738676;9.947440142942227;EN PLACE
Quartier du Centre-Ville;Square Churchill;23.0;230;3.29072731420542;49.8482798960595;9.947440142942227;EN PLACE
Quartier du Centre-Ville;Square Quentin de la Tour;9.0;145;3.29046021809235;49.8474009043474;9.947440142942227;SUPPRIMÉ
Quartier du Centre-Ville;Square Quentin de la Tour;8.0;120;3.29048430460887;49.8474344783846;9.947440142942227;SUPPRIMÉ
Quartier du Centre-Ville;Square Quentin de la Tour;10.0;260;3.29053325565206;49.8473976749288;9.947440142942227;SUPPRIMÉ
Quartier du Centre-Ville;Square Quentin de la Tour;9.0;120;3.29053817222671;49.8473669429649;9.947440142942227;SUPPRIMÉ
Quartier du Centre-Ville;Square Quentin de la Tour;10.0;170;3.29056517068201;49.8473352977529;9.947440142942227;SUPPRIMÉ
Quartier du Centre-Ville;Square Quentin de la Tour;9.0;150;3.29058544125648;49.8472994436301;9.947440142942227;SUPPRIMÉ
Quartier du Centre-Ville;Square Quentin de la Tour;10.0;160;3.29060131018973;49.8472643394216;9.947440142942227;SUPPRIMÉ
Quartier du Centre-Ville;Square Quentin de la Tour;9.0;135;3.29060378881883;49.8472229390117;9.947440142942227;SUPPRIMÉ
Quartier du Centre-Ville;Square Quentin de la Tour;9.0;170;3.29063191870416;49.8471656625285;9.947440142942227;SUPPRIMÉ
Quartier du Centre-Ville;Square Quentin de la Tour;9.0;130;3.29057334386499;49.8471890705598;9.947440142942227;SUPPRIMÉ
Quartier du Centre-Ville;Square Quentin de la Tour;10.0;150;3.29052042463451;49.8471179838084;9.947440142942227;SUPPRIMÉ
Quartier du Centre-Ville;Square Quentin de la Tour;10.0;195;3.29042289319465;49.8471023460171;9.947440142942227;SUPPRIMÉ
Quartier du Centre-Ville;Square Quentin de la Tour;10.0;195;3.29033687555159;49.8470881532218;9.947440142942227;SUPPRIMÉ
Quartier du Centre-Ville;Square Quentin de la Tour;8.0;110;3.29023684541271;49.8470710452076;9.947440142942227;SUPPRIMÉ
Quartier du Centre-Ville;Square Quentin de la Tour;10.0;140;3.29014562852846;49.8470555381209;9.947440142942227;SUPPRIMÉ
Quartier du Centre-Ville;Square Quentin de la Tour;9.0;195;3.29005608942625;49.8470418402116;9.947440142942227;SUPPRIMÉ
Quartier du Centre-Ville;Square Quentin de la Tour;9.0;140;3.29008730896619;49.8470783995535;9.947440142942227;SUPPRIMÉ
Quartier du Centre-Ville;Square Quentin de la Tour;10.0;135;3.29018892278378;49.847095760011;9.947440142942227;SUPPRIMÉ
Quartier du Centre-Ville;Square Quentin de la Tour;10.0;110;3.29027238959984;49.8471100383384;9.947440142942227;SUPPRIMÉ
Quartier du Centre-Ville;Square Quentin de la Tour;10.0;140;3.29035578259587;49.8471242862213;9.947440142942227;SUPPRIMÉ
Quartier du Centre-Ville;Square Quentin de la Tour;6.0;70;3.29036953220351;49.8472381147916;9.947440142942227;SUPPRIMÉ
Quartier du Centre-Ville;Square Quentin de la Tour;10.0;180;3.28995933524264;49.8471179594354;9.947440142942227;SUPPRIMÉ
Quartier du Centre-Ville;Square Quentin de la Tour;10.0;170;3.28989451447885;49.8472458706849;9.947440142942227;SUPPRIMÉ
Quartier du Centre-Ville;Square Quentin de la Tour;9.0;140;3.28996199046448;49.8473400993879;9.947440142942227;SUPPRIMÉ
Quartier du Centre-Ville;Square Quentin de la Tour;10.0;140;3.29006837106893;49.8473581871985;9.947440142942227;SUPPRIMÉ
Quartier du Centre-Ville;Square Quentin de la Tour;10.0;150;3.29018802346517;49.8473785095244;9.947440142942227;SUPPRIMÉ
Quartier du Centre-Ville;Square Quentin de la Tour;9.0;170;3.29030767737469;49.8473967198453;9.947440142942227;SUPPRIMÉ
Quartier du Centre-Ville;Square Quentin de la Tour;10.0;155;3.29033900986084;49.8474337346571;9.947440142942227;SUPPRIMÉ
Quartier du Centre-Ville;Square Quentin de la Tour;10.0;155;3.29024003509846;49.847416996245;9.947440142942227;SUPPRIMÉ
Quartier du Centre-Ville;Square Quentin de la Tour;10.0;170;3.29011479162438;49.8473961510532;9.947440142942227;SUPPRIMÉ
Quartier du Centre-Ville;Square Quentin de la Tour;10.0;140;3.29002312444576;49.8473805353003;9.947440142942227;SUPPRIMÉ
Quartier du Centre-Ville;Square Quentin de la Tour;10.0;185;3.28990928426924;49.8473600519081;9.947440142942227;SUPPRIMÉ
Quartier du Centre-Ville;Square rue Fréreuse;7.0;40;3.29162529177654;49.8479818099319;9.947440142942227;SUPPRIMÉ
Quartier du Centre-Ville;Square rue Fréreuse;11.0;50;3.29158612251429;49.8479711329531;9.947440142942227;SUPPRIMÉ
Quartier du Centre-Ville;Square rue Fréreuse;7.0;42;3.29156675083211;49.8479653623839;9.947440142942227;SUPPRIMÉ
Quartier du Centre-Ville;Square rue Fréreuse;7.0;42;3.29154442266707;49.8479578621802;9.947440142942227;SUPPRIMÉ
Quartier du Centre-Ville;Square rue Fréreuse;11.0;70;3.29152552099648;49.8479502275962;9.947440142942227;SUPPRIMÉ
Quartier du Centre-Ville;Square rue Fréreuse;11.0;70;3.29130228463707;49.8478994187317;9.947440142942227;EN PLACE
Quartier du Centre-Ville;Square rue Fréreuse;11.0;120;3.29121527564797;49.8478688635525;9.947440142942227;EN PLACE
Quartier du Centre-Ville;Ecole Metz;6.0;28;3.29068493918266;49.8489523289466;9.947440142942227;EN PLACE
Quartier du Centre-Ville;Ecole Metz;6.0;25;3.29066647518601;49.8489489115047;9.947440142942227;EN PLACE
Quartier du Centre-Ville;Ecole Metz;6.0;32;3.29066083012462;49.8489782625112;9.947440142942227;ABATTU
Quartier du Centre-Ville;Ecole Metz;6.0;32;3.29063896118947;49.8490281826793;9.947440142942227;EN PLACE
Quartier du Centre-Ville;Ecole Metz;6.0;32;3.29064659804719;49.8490423948989;9.947440142942227;EN PLACE
Quartier du Centre-Ville;Ecole Metz;6.0;32;3.29063402497591;49.8490579634746;9.947440142942227;EN PLACE
Quartier du Centre-Ville;Ecole Metz;6.0;35;3.29071911555804;49.8490615216371;9.947440142942227;EN PLACE
Quartier du Centre-Ville;Ecole Metz;6.0;32;3.29092518586839;49.8491028585477;9.947440142942227;EN PLACE
Quartier du Centre-Ville;Ecole Metz;6.0;47;3.29093405627702;49.8490861312453;9.947440142942227;EN PLACE
Quartier du Centre-Ville;Ecole Metz;6.0;41;3.29105637522465;49.8491115005557;9.947440142942227;EN PLACE
Quartier du Centre-Ville;Rue des Jacobins;7.0;90;3.28928570633912;49.8503084517098;9.947440142942227;Essouché
Quartier du Centre-Ville;Place Gracchus Babeuf;8.0;105;3.28616426099439;49.8479060663701;9.947440142942227;EN PLACE
Quartier du Centre-Ville;Place Gracchus Babeuf;9.0;120;3.28611344128494;49.8479482884434;9.947440142942227;EN PLACE
Quartier du Centre-Ville;Place Gracchus Babeuf;8.0;105;3.28603573792318;49.8480128437687;9.947440142942227;EN PLACE
Quartier du Centre-Ville;Place Gracchus Babeuf;9.0;110;3.28596441869127;49.848072096153;9.947440142942227;EN PLACE
Quartier du Centre-Ville;Place Gracchus Babeuf;9.0;115;3.28589986275219;49.848125728218;9.947440142942227;EN PLACE
Quartier du Centre-Ville;Place Gracchus Babeuf;11.0;170;3.28580224749891;49.8482068277145;9.947440142942227;EN PLACE
Quartier du Centre-Ville;Boulevard Victor Hugo;9.0;90;3.28735539877781;49.8409369972029;9.947440142942227;EN PLACE
Quartier du Centre-Ville;Boulevard Victor Hugo;9.0;100;3.28686884860589;49.8411205267858;9.947440142942227;EN PLACE
Quartier du Centre-Ville;Boulevard Victor Hugo;8.0;90;3.28655406186361;49.8412415202226;9.947440142942227;EN PLACE
Quartier du Centre-Ville;Boulevard Victor Hugo;9.0;100;3.28635415294009;49.841317840799;9.947440142942227;SUPPRIMÉ
Quartier du Centre-Ville;Boulevard Victor Hugo;9.0;105;3.28537815731194;49.8416901021041;9.947440142942227;EN PLACE
Quartier du Centre-Ville;Boulevard Victor Hugo;9.0;95;3.285123079267;49.8417878299424;9.947440142942227;EN PLACE
Quartier du Centre-Ville;Boulevard Victor Hugo;9.0;90;3.28490452282334;49.8418712661905;9.947440142942227;EN PLACE
Quartier du Centre-Ville;Boulevard Victor Hugo;9.0;92;3.28474658078985;49.8419315616414;9.947440142942227;EN PLACE
Quartier du Centre-Ville;Boulevard Victor Hugo;9.0;95;3.28452981588295;49.842010103769;9.947440142942227;EN PLACE
Quartier du Centre-Ville;Boulevard Victor Hugo;9.0;92;3.28434733711716;49.8420797660784;9.947440142942227;EN PLACE
Quartier du Centre-Ville;Boulevard Victor Hugo;9.0;80;3.28422498797146;49.8421264734678;9.947440142942227;EN PLACE
Quartier du Centre-Ville;Boulevard Victor Hugo;9.0;95;3.28317666902237;49.8424228950304;9.947440142942227;EN PLACE
Quartier du Centre-Ville;Boulevard Victor Hugo;9.0;85;3.28281199969862;49.8425119338059;9.947440142942227;EN PLACE
Quartier du Centre-Ville;Boulevard Victor Hugo;9.0;75;3.28266700109583;49.8425477508102;9.947440142942227;EN PLACE
Quartier du Centre-Ville;Boulevard Victor Hugo;9.0;90;3.28254118954622;49.8425812810072;9.947440142942227;EN PLACE
Quartier du Centre-Ville;Boulevard Victor Hugo;9.0;75;3.28244496688029;49.8426050489538;9.947440142942227;EN PLACE
Quartier du Centre-Ville;Boulevard Victor Hugo;8.0;72;3.28223418820331;49.8426559498019;9.947440142942227;EN PLACE
Quartier du Centre-Ville;Boulevard Victor Hugo;8.0;85;3.2821198534869;49.8426828897404;9.947440142942227;EN PLACE
Quartier du Centre-Ville;Boulevard Victor Hugo;9.0;90;3.28193358663079;49.84272821093;9.947440142942227;EN PLACE
Quartier du Centre-Ville;Boulevard Victor Hugo;9.0;85;3.28164312762036;49.8428002824229;9.947440142942227;EN PLACE
Quartier du Centre-Ville;Boulevard Victor Hugo;9.0;88;3.28150729127005;49.842833834657;9.947440142942227;EN PLACE
Quartier du Centre-Ville;Boulevard Victor Hugo;7.0;75;3.2805600481938;49.8430748754393;9.947440142942227;EN PLACE
Quartier du Centre-Ville;Boulevard Victor Hugo;6.0;60;3.28042910403814;49.8431072171837;9.947440142942227;EN PLACE
Quartier du Centre-Ville;Boulevard Victor Hugo;9.0;95;3.28030160404496;49.8431387081419;9.947440142942227;EN PLACE
Quartier du Centre-Ville;Boulevard Victor Hugo;8.0;84;3.27988274689796;49.8432412477873;9.947440142942227;EN PLACE
Quartier du Centre-Ville;Boulevard Victor Hugo;9.0;90;3.27970304369848;49.843284912587;9.947440142942227;EN PLACE
Quartier du Centre-Ville;Boulevard Victor Hugo;9.0;98;3.27930858599733;49.8432254891863;9.947440142942227;EN PLACE
Quartier du Centre-Ville;Boulevard Victor Hugo;9.0;90;3.27945560285989;49.8431883400453;9.947440142942227;EN PLACE
Quartier du Centre-Ville;Boulevard Victor Hugo;11.0;90;3.27993293255195;49.843067996055;9.947440142942227;EN PLACE
Quartier du Centre-Ville;Boulevard Victor Hugo;9.0;80;3.2802271890638;49.8429936397411;9.947440142942227;EN PLACE
Quartier du Centre-Ville;Boulevard Victor Hugo;9.0;92;3.28044638572943;49.8429382487001;9.947440142942227;EN PLACE
Quartier du Centre-Ville;Boulevard Victor Hugo;10.0;100;3.28103625523101;49.8427986639012;9.947440142942227;EN PLACE
Quartier du Centre-Ville;Boulevard Victor Hugo;8.0;85;3.28155013414953;49.8426641510679;9.947440142942227;EN PLACE
Quartier du Centre-Ville;Boulevard Victor Hugo;8.0;94;3.28177343280793;49.8426108703669;9.947440142942227;EN PLACE
Quartier du Centre-Ville;Boulevard Victor Hugo;9.0;82;3.28205601557763;49.8425350486243;9.947440142942227;EN PLACE
Quartier du Centre-Ville;Boulevard Victor Hugo;9.0;100;3.28232431142902;49.8424696024012;9.947440142942227;EN PLACE
Quartier du Centre-Ville;Boulevard Victor Hugo;9.0;85;3.28252607237674;49.8424228335737;9.947440142942227;EN PLACE
Quartier du Centre-Ville;Boulevard Victor Hugo;10.0;100;3.28276404990943;49.8423640511846;9.947440142942227;EN PLACE
Quartier du Centre-Ville;Boulevard Victor Hugo;10.0;95;3.28289937184232;49.8423306245918;9.947440142942227;EN PLACE
Quartier du Centre-Ville;Boulevard Victor Hugo;10.0;95;3.28353695400318;49.842176726851;9.947440142942227;EN PLACE
Quartier du Centre-Ville;Boulevard Victor Hugo;10.0;95;3.28382125857182;49.8421064968954;9.947440142942227;EN PLACE
Quartier du Centre-Ville;Boulevard Victor Hugo;10.0;88;3.28414127366041;49.8419972803408;9.947440142942227;EN PLACE
Quartier du Centre-Ville;Boulevard Victor Hugo;9.0;105;3.28429026958073;49.8419404013126;9.947440142942227;EN PLACE
Quartier du Centre-Ville;Boulevard Victor Hugo;9.0;98;3.28442205075483;49.8418900936516;9.947440142942227;EN PLACE
Quartier du Centre-Ville;Boulevard Victor Hugo;9.0;90;3.28457436682966;49.8418319466358;9.947440142942227;EN PLACE
Quartier du Centre-Ville;Boulevard Victor Hugo;10.0;110;3.28493266462362;49.8416923045177;9.947440142942227;EN PLACE
Quartier du Centre-Ville;Boulevard Victor Hugo;10.0;95;3.28502979545028;49.8416552235757;9.947440142942227;EN PLACE
Quartier du Centre-Ville;Boulevard Victor Hugo;10.0;96;3.28522709365987;49.8415768923365;9.947440142942227;EN PLACE
Quartier du Centre-Ville;Boulevard Victor Hugo;9.0;90;3.28617498513518;49.8412179205164;9.947440142942227;EN PLACE
Quartier du Centre-Ville;Boulevard Victor Hugo;9.0;83;3.28633905686722;49.8411552814041;9.947440142942227;EN PLACE
Quartier Remicourt;Rue de Baudreuil;17.0;120;3.29083119605815;49.8510029246768;9.947440142942227;EN PLACE
Quartier du Centre-Ville;Boulevard Victor Hugo;9.0;95;3.28650183006505;49.8410922199752;9.947440142942227;EN PLACE
Quartier du Centre-Ville;Boulevard Victor Hugo;9.0;88;3.28668216549018;49.841026142247;9.947440142942227;EN PLACE
Quartier du Centre-Ville;Boulevard Victor Hugo;9.0;80;3.28679248350438;49.8409840243706;9.947440142942227;EN PLACE
Quartier du Centre-Ville;Rue de Tour-Y-Val;10.0;105;3.28847141598514;49.8395440719198;9.947440142942227;EN PLACE
Quartier du Centre-Ville;Rue de Tour-Y-Val;10.0;100;3.288419299912;49.8396328677368;9.947440142942227;EN PLACE
Quartier du Centre-Ville;Rue de Tour-Y-Val;10.0;110;3.28832972264512;49.8397774036108;9.947440142942227;EN PLACE
Quartier du Centre-Ville;Rue de Tour-Y-Val;10.0;90;3.28827907880589;49.8398636918643;9.947440142942227;EN PLACE
Quartier du Centre-Ville;Rue de Tour-Y-Val;10.0;110;3.28821657966251;49.8399589952804;9.947440142942227;EN PLACE
Quartier du Centre-Ville;Rue de Tour-Y-Val;9.0;90;3.28781396352946;49.8406134970703;9.947440142942227;EN PLACE
Quartier du Centre-Ville;Rue de Tour-Y-Val;9.0;75;3.28780471263598;49.8402597929005;9.947440142942227;EN PLACE
Quartier du Centre-Ville;Rue de Tour-Y-Val;10.0;90;3.28803750350354;49.8398588608871;9.947440142942227;EN PLACE
Quartier du Centre-Ville;Rue de Tour-Y-Val;10.0;100;3.2882354383166;49.8395377135836;9.947440142942227;EN PLACE
Quartier du Centre-Ville;Rue de Tour-Y-Val;10.0;90;3.28829337116594;49.8394390094304;9.947440142942227;EN PLACE
Quartier du Centre-Ville;Rue de Tour-Y-Val;8.0;90;3.28833407718745;49.8393696514448;9.947440142942227;EN PLACE
Quartier du Centre-Ville;Maison de la Petite enfance;4.0;40;3.28102246599585;49.8434391968739;9.947440142942227;EN PLACE
Quartier du Centre-Ville;Maison de la Petite enfance;4.0;40;3.28100628981292;49.8434641070739;9.947440142942227;SUPPRIMÉ
Quartier du Centre-Ville;Maison de la Petite enfance;4.0;40;3.28094826430232;49.8434785832;9.947440142942227;SUPPRIMÉ
Quartier du Centre-Ville;Maison de la Petite enfance;4.0;40;3.28079885717538;49.843505649822;9.947440142942227;SUPPRIMÉ
Quartier du Centre-Ville;Maison de la Petite enfance;5.0;40;3.28076643939618;49.8434660502355;9.947440142942227;EN PLACE
Quartier du Centre-Ville;Maison de la Petite enfance;5.0;40;3.28065173242764;49.8433541700245;9.947440142942227;SUPPRIMÉ
Quartier du Centre-Ville;Maison de la Petite enfance;5.0;40;3.28056417139595;49.8432584977307;9.947440142942227;SUPPRIMÉ
Quartier du Centre-Ville;Maison de la Petite enfance;5.0;40;3.28053652129372;49.8432070074584;9.947440142942227;SUPPRIMÉ
Quartier du Centre-Ville;Maison de la Petite enfance;5.0;40;3.28062515404755;49.8432246059077;9.947440142942227;SUPPRIMÉ
Quartier du Centre-Ville;Maison de la Petite enfance;5.0;30;3.28093756748441;49.8432679132915;9.947440142942227;EN PLACE
Quartier du Centre-Ville;Maison de la Petite enfance;5.0;30;3.28092840566397;49.8432248938207;9.947440142942227;SUPPRIMÉ
Quartier du Centre-Ville;Quai Gayant;13.0;172;3.29602348627886;49.8413225905794;9.947440142942227;SUPPRIMÉ
Quartier du Centre-Ville;Quai Gayant;13.0;172;3.29596138597788;49.8412812421915;9.947440142942227;SUPPRIMÉ
Quartier du Centre-Ville;Quai Gayant;13.0;168;3.29589618533745;49.8412393792331;9.947440142942227;SUPPRIMÉ
Quartier du Centre-Ville;Quai Gayant;13.0;180;3.29583635776376;49.8412041862885;9.947440142942227;SUPPRIMÉ
Quartier du Centre-Ville;Quai Gayant;13.0;171;3.29577106225176;49.8411710011995;9.947440142942227;SUPPRIMÉ
Quartier du Centre-Ville;Quai Gayant;13.0;180;3.2956964106823;49.841136169194;9.947440142942227;SUPPRIMÉ
Quartier du Centre-Ville;Quai Gayant;13.0;185;3.29562072036732;49.8411051985105;9.947440142942227;SUPPRIMÉ
Quartier du Centre-Ville;Quai Gayant;5.0;33;3.2952675830733;49.8410095896983;9.947440142942227;EN PLACE
Quartier du Centre-Ville;Quai Gayant;5.0;35;3.29508624300683;49.8409634970056;9.947440142942227;EN PLACE
Quartier du Centre-Ville;Quai Gayant;5.0;26;3.29490296101638;49.8409169108337;9.947440142942227;EN PLACE
Quartier du Centre-Ville;Quai Gayant;5.0;35;3.29472006643143;49.8408704222992;9.947440142942227;EN PLACE
Quartier du Centre-Ville;Quai Gayant;5.0;33;3.29455618685646;49.8408287676476;9.947440142942227;EN PLACE
Quartier du Centre-Ville;Quai Gayant;5.0;29;3.29436505191199;49.8407801837554;9.947440142942227;EN PLACE
Quartier du Centre-Ville;Quai Gayant;6.0;32;3.29400119345445;49.8406876952696;9.947440142942227;EN PLACE
Quartier du Centre-Ville;Quai Gayant;5.0;24;3.29381782497381;49.8406404809767;9.947440142942227;EN PLACE
Quartier du Centre-Ville;Quai Gayant;6.0;34;3.29363555841931;49.8405947542778;9.947440142942227;EN PLACE
Quartier du Centre-Ville;Quai Gayant;6.0;33;3.29345157050511;49.8405479850965;9.947440142942227;EN PLACE
Quartier du Centre-Ville;Quai Gayant;6.0;29;3.29308773358803;49.8404554982201;9.947440142942227;EN PLACE
Quartier Remicourt;Rue de Baudreuil;17.0;102;3.29078363613518;49.8510483880223;9.947440142942227;EN PLACE
Quartier du Centre-Ville;Boulevard Richelieu;5.0;45;3.28569004999991;49.8522012115378;9.947440142942227;EN PLACE
Quartier Remicourt;Rue de Baudreuil;17.0;122;3.29073690155156;49.851093060834;9.947440142942227;EN PLACE
Quartier Remicourt;Rue de Baudreuil;17.0;108;3.29068642822864;49.8511413094263;9.947440142942227;EN PLACE
Quartier Remicourt;Rue de Baudreuil;17.0;93;3.29064496134895;49.8511809470464;9.947440142942227;EN PLACE
Quartier Remicourt;Rue de Baudreuil;17.0;121;3.29060449406219;49.8512196300796;9.947440142942227;EN PLACE
Quartier Remicourt;Rue de Baudreuil;17.0;105;3.29025830006715;49.8515328696116;9.947440142942227;EN PLACE
Quartier Remicourt;Rue de Baudreuil;17.0;117;3.2901026965907;49.8516822110738;9.947440142942227;EN PLACE
Quartier Remicourt;Rue de Baudreuil;17.0;126;3.28997402386172;49.8518046023311;9.947440142942227;EN PLACE
Quartier Remicourt;Rue de Baudreuil;17.0;112;3.28972998049793;49.8520392138557;9.947440142942227;EN PLACE
Quartier Remicourt;Rue de Baudreuil;17.0;108;3.28961121584728;49.8521493261536;9.947440142942227;Essouché
Quartier Remicourt;Rue de Baudreuil;17.0;107;3.28952228011845;49.8522364065662;9.947440142942227;EN PLACE
Quartier Remicourt;Rue de Baudreuil;17.0;117;3.28946350402453;49.8522925876385;9.947440142942227;EN PLACE
Quartier Remicourt;Rue de Baudreuil;17.0;108;3.28939913887791;49.8523541111405;9.947440142942227;EN PLACE
Quartier Remicourt;Rue de Baudreuil;17.0;123;3.28919619804583;49.8525887793022;9.947440142942227;EN PLACE
Quartier Remicourt;Rue de Baudreuil;17.0;143;3.28903297566744;49.8527037699495;9.947440142942227;EN PLACE
Quartier Remicourt;Rue de Baudreuil;17.0;139;3.28884826573481;49.8527617269932;9.947440142942227;EN PLACE
Quartier Remicourt;Rue de Baudreuil;17.0;130;3.2889163253922;49.8526966740267;9.947440142942227;EN PLACE
Quartier Remicourt;Rue de Baudreuil;17.0;121;3.28907047160332;49.8525546731766;9.947440142942227;EN PLACE
Quartier Remicourt;Rue de Baudreuil;17.0;131;3.28913517066303;49.8524928316739;9.947440142942227;EN PLACE
Quartier Remicourt;Rue de Baudreuil;17.0;111;3.28919404279169;49.8524365615296;9.947440142942227;EN PLACE
Quartier Remicourt;Rue de Baudreuil;17.0;117;3.28935365761301;49.8522789914094;9.947440142942227;EN PLACE
Quartier Remicourt;Rue de Baudreuil;17.0;112;3.28949311161794;49.8521442293895;9.947440142942227;EN PLACE
Quartier Remicourt;Rue de Baudreuil;17.0;96;3.28953228356731;49.8521067861506;9.947440142942227;EN PLACE
Quartier Remicourt;Rue de Baudreuil;17.0;123;3.28957531180642;49.8520656571605;9.947440142942227;EN PLACE
Quartier Remicourt;Rue de Baudreuil;17.0;123;3.28975528218265;49.8518950970898;9.947440142942227;REMPLACÉ
Quartier Remicourt;Rue de Baudreuil;17.0;133;3.28982600386315;49.8518274953737;9.947440142942227;EN PLACE
Quartier Remicourt;Rue de Baudreuil;17.0;110;3.28999102624329;49.8516703614124;9.947440142942227;EN PLACE
Quartier Remicourt;Rue de Baudreuil;17.0;120;3.29010942324533;49.8515508482141;9.947440142942227;EN PLACE
Quartier Remicourt;Rue de Baudreuil;17.0;111;3.29014488593286;49.8515169490003;9.947440142942227;EN PLACE
Quartier Remicourt;Rue de Baudreuil;17.0;126;3.29020610487138;49.8514584311804;9.947440142942227;EN PLACE
Quartier Remicourt;Rue de Baudreuil;17.0;142;3.29032905822548;49.8513533929267;9.947440142942227;EN PLACE
Quartier Remicourt;Rue de Baudreuil;6.0;46;3.29040952191018;49.8512764786318;9.947440142942227;EN PLACE
Quartier Remicourt;Rue de Baudreuil;6.0;41;3.29043762987432;49.8512496110291;9.947440142942227;EN PLACE
Quartier Remicourt;Rue de Baudreuil;17.0;115;3.2905102122093;49.8511809496853;9.947440142942227;EN PLACE
Quartier Remicourt;Rue de Baudreuil;17.0;109;3.2905521638397;49.8511407355195;9.947440142942227;EN PLACE
Quartier Remicourt;Rue de Baudreuil;17.0;100;3.29059640502351;49.8510983264766;9.947440142942227;EN PLACE
Quartier Remicourt;Rue de Baudreuil;17.0;101;3.29064601069017;49.8510507741391;9.947440142942227;EN PLACE
Quartier Remicourt;Rue de Baudreuil;17.0;113;3.29069160529661;49.8510070679703;9.947440142942227;EN PLACE
Quartier Remicourt;Rue de Baudreuil;17.0;91;3.29073772105867;49.8509628606187;9.947440142942227;EN PLACE
Quartier Remicourt;Rue de Baudreuil;17.0;114;3.29078680522105;49.8509158102823;9.947440142942227;Essouché
Quartier Remicourt;Rue de Baudreuil;17.0;116;3.29082568017064;49.8508755074343;9.947440142942227;SUPPRIMÉ
Quartier Remicourt;Rue de Baudreuil;7.0;62;3.29097303069624;49.8507308568844;9.947440142942227;EN PLACE
Quartier Remicourt;Rue de Baudreuil;7.0;47;3.29104390774342;49.8506628206635;9.947440142942227;EN PLACE
Quartier Remicourt;Rue de Baudreuil;7.0;55;3.29111530584449;49.8505942868279;9.947440142942227;EN PLACE
Quartier Remicourt;Rue de Baudreuil;7.0;55;3.29119122892884;49.8505214091854;9.947440142942227;EN PLACE
Quartier Remicourt;Rue de Baudreuil;7.0;58;3.29126751401583;49.8504481826592;9.947440142942227;EN PLACE
Quartier Remicourt;Rue de Baudreuil;7.0;58;3.29133584216457;49.8503825917072;9.947440142942227;EN PLACE
Quartier Remicourt;Rue de Baudreuil;7.0;65;3.29141524866548;49.8503063697792;9.947440142942227;EN PLACE
Quartier Remicourt;Rue de Baudreuil;7.0;65;3.29148746391049;49.8502323170834;9.947440142942227;EN PLACE
Quartier Remicourt;Rue de Baudreuil;7.0;47;3.29155865199256;49.8501639821746;9.947440142942227;EN PLACE
Quartier Remicourt;Rue de Baudreuil;7.0;56;3.29163279242933;49.850093884035;9.947440142942227;EN PLACE
Quartier Remicourt;Rue de Baudreuil;7.0;60;3.29170236944488;49.8500270967108;9.947440142942227;EN PLACE
Quartier Remicourt;Rue de Baudreuil;7.0;62;3.29177655378225;49.8499567340444;9.947440142942227;EN PLACE
Quartier Remicourt;Rue de Baudreuil;7.0;49;3.29184945679463;49.849886751217;9.947440142942227;EN PLACE
Quartier Remicourt;Rue de Baudreuil;7.0;56;3.29192454401885;49.849814672611;9.947440142942227;EN PLACE
Quartier Remicourt;Rue de Baudreuil;7.0;68;3.29202002768922;49.8497181276219;9.947440142942227;EN PLACE
Quartier Remicourt;Rue de Baudreuil;7.0;62;3.29208991471082;49.8496510407976;9.947440142942227;EN PLACE
Quartier Remicourt;Rue de Baudreuil;7.0;64;3.29216463761036;49.84957930997;9.947440142942227;EN PLACE
Quartier Remicourt;Rue de Baudreuil;7.0;56;3.29223995281034;49.8495083130438;9.947440142942227;EN PLACE
Quartier Remicourt;Rue de Baudreuil;6.0;52;3.29231441536096;49.8494368318014;9.947440142942227;EN PLACE
Quartier Remicourt;Rue de Baudreuil;7.0;60;3.29238386199019;49.8493692415192;9.947440142942227;EN PLACE
Quartier Remicourt;Rue de Baudreuil;7.0;55;3.29246430392143;49.8492909277592;9.947440142942227;EN PLACE
Quartier Remicourt;Rue de Baudreuil;7.0;57;3.2925350731323;49.8492229897499;9.947440142942227;EN PLACE
Quartier Remicourt;Rue de Baudreuil;7.0;58;3.29261330781214;49.8491465109563;9.947440142942227;EN PLACE
Quartier Remicourt;Rue de Baudreuil;7.0;66;3.29269359235474;49.8490694399148;9.947440142942227;EN PLACE
Quartier Remicourt;Rue de Baudreuil;7.0;53;3.2927687878646;49.8489949528003;9.947440142942227;EN PLACE
Quartier du Centre-Ville;Boulevard Richelieu;5.0;62;3.28555763342281;49.8521317788742;9.947440142942227;EN PLACE
Quartier Remicourt;Rue de Baudreuil;7.0;60;3.29284631661698;49.8489205272439;9.947440142942227;EN PLACE
Quartier Remicourt;Rue de Baudreuil;7.0;66;3.29292150597319;49.848848347913;9.947440142942227;EN PLACE
Quartier Remicourt;Rue de Baudreuil;7.0;49;3.29310236541904;49.8486750533661;9.947440142942227;EN PLACE
Quartier Remicourt;Rue de Baudreuil;7.0;51;3.29316861126356;49.8486101380768;9.947440142942227;EN PLACE
Quartier Remicourt;Rue de Baudreuil;7.0;55;3.29324078789637;49.8485397911325;9.947440142942227;EN PLACE
Quartier Remicourt;Rue de Baudreuil;7.0;70;3.29331139733842;49.8484706060386;9.947440142942227;EN PLACE
Quartier Remicourt;Rue de Baudreuil;7.0;62;3.29338518675953;49.8483986879193;9.947440142942227;EN PLACE
Quartier Remicourt;Rue de Baudreuil;7.0;55;3.29345724465786;49.8483281199634;9.947440142942227;EN PLACE
Quartier Remicourt;Rue de Baudreuil;7.0;56;3.29354240195035;49.8482451221477;9.947440142942227;EN PLACE
Quartier Remicourt;Rue de Baudreuil;7.0;57;3.29362235813347;49.8481659456692;9.947440142942227;EN PLACE
Quartier Remicourt;Rue de Baudreuil;7.0;58;3.29371150562029;49.8480790565259;9.947440142942227;EN PLACE
Quartier Remicourt;Rue de Baudreuil;7.0;62;3.29379387806679;49.8479987725368;9.947440142942227;EN PLACE
Quartier Remicourt;Rue de Baudreuil;7.0;62;3.29388242020219;49.8479130562389;9.947440142942227;EN PLACE
Quartier Remicourt;Rue de Baudreuil;7.0;53;3.29396713924463;49.8478304835475;9.947440142942227;EN PLACE
Quartier Remicourt;Rue de Baudreuil;7.0;67;3.29404152252245;49.8477579854118;9.947440142942227;EN PLACE
Quartier Remicourt;Rue de Baudreuil;7.0;61;3.29411593481261;49.8476866532275;9.947440142942227;EN PLACE
Quartier Remicourt;Rue de Baudreuil;7.0;59;3.29419033423456;49.8476141378695;9.947440142942227;EN PLACE
Quartier Remicourt;Rue de Baudreuil;7.0;66;3.29426760999388;49.8475388200909;9.947440142942227;EN PLACE
Quartier Remicourt;Boulevard Jean Bouin;4.0;40;3.30484691582367;49.8485018224351;9.947440142942227;EN PLACE
Quartier Remicourt;Boulevard Jean Bouin;4.0;40;3.30477010369204;49.8484555146512;9.947440142942227;EN PLACE
Quartier Remicourt;Boulevard Jean Bouin;4.0;35;3.30470445244142;49.8484159342476;9.947440142942227;REMPLACÉ
Quartier Remicourt;Boulevard Jean Bouin;4.0;37;3.30464159114163;49.8483780376897;9.947440142942227;EN PLACE
Quartier Remicourt;Boulevard Jean Bouin;4.0;39;3.30457019158042;49.8483349927836;9.947440142942227;EN PLACE
Quartier Remicourt;Boulevard Jean Bouin;4.0;29;3.30451312226003;49.8483005865453;9.947440142942227;EN PLACE
Quartier Remicourt;Boulevard Jean Bouin;7.0;105;3.30444840230023;49.8482615681879;9.947440142942227;EN PLACE
Quartier Remicourt;Boulevard Jean Bouin;7.0;116;3.30437882015736;49.8482196188945;9.947440142942227;EN PLACE
Quartier Remicourt;Boulevard Jean Bouin;7.0;120;3.30431215494156;49.8481794277425;9.947440142942227;EN PLACE
Quartier Remicourt;Boulevard Jean Bouin;7.0;105;3.30425428212435;49.84814453797;9.947440142942227;EN PLACE
Quartier Remicourt;Boulevard Jean Bouin;7.0;75;3.30412961747038;49.8480693799212;9.947440142942227;EN PLACE
Quartier Remicourt;Boulevard Jean Bouin;7.0;130;3.30407238129501;49.8480348723053;9.947440142942227;EN PLACE
Quartier Remicourt;Boulevard Jean Bouin;7.0;105;3.30401429807813;49.8479998543932;9.947440142942227;EN PLACE
Quartier Remicourt;Boulevard Jean Bouin;7.0;110;3.30394449615163;49.8479543999933;9.947440142942227;EN PLACE
Quartier Remicourt;Boulevard Jean Bouin;7.0;135;3.3038940637456;49.8479239959429;9.947440142942227;EN PLACE
Quartier Remicourt;Boulevard Jean Bouin;7.0;113;3.30384456363823;49.8478941513672;9.947440142942227;EN PLACE
Quartier Remicourt;Boulevard Jean Bouin;7.0;65;3.3037846204406;49.8478580125371;9.947440142942227;EN PLACE
Quartier Remicourt;Boulevard Jean Bouin;7.0;115;3.30371609589573;49.8478167002371;9.947440142942227;EN PLACE
Quartier Remicourt;Boulevard Jean Bouin;7.0;113;3.30366084482388;49.8477833893194;9.947440142942227;EN PLACE
Quartier Remicourt;Boulevard Jean Bouin;7.0;110;3.30360098841554;49.8477473014162;9.947440142942227;EN PLACE
Quartier Remicourt;Boulevard Jean Bouin;7.0;120;3.30352388277923;49.8477008146549;9.947440142942227;EN PLACE
Quartier Remicourt;Boulevard Jean Bouin;7.0;115;3.30346977354874;49.8476681920677;9.947440142942227;EN PLACE
Quartier Remicourt;Boulevard Jean Bouin;7.0;115;3.3032458593185;49.847526346834;9.947440142942227;EN PLACE
Quartier Remicourt;Boulevard Jean Bouin;7.0;100;3.30318913705734;49.8474917763195;9.947440142942227;EN PLACE
Quartier Remicourt;Boulevard Jean Bouin;7.0;110;3.30314842541678;49.8474669632383;9.947440142942227;EN PLACE
Quartier Remicourt;Boulevard Jean Bouin;7.0;95;3.30308018805574;49.8474253747105;9.947440142942227;REMPLACÉ
Quartier Remicourt;Boulevard Jean Bouin;7.0;105;3.30302430061602;49.8473913144216;9.947440142942227;EN PLACE
Quartier Remicourt;Boulevard Jean Bouin;7.0;120;3.30295044891111;49.8473463032208;9.947440142942227;EN PLACE
Quartier Remicourt;Boulevard Jean Bouin;7.0;105;3.30289741706047;49.8473139814672;9.947440142942227;EN PLACE
Quartier Remicourt;Boulevard Jean Bouin;7.0;110;3.30282937132219;49.8472725091747;9.947440142942227;EN PLACE
Quartier Remicourt;Boulevard Jean Bouin;7.0;110;3.30275455700985;49.8472269114511;9.947440142942227;EN PLACE
Quartier Remicourt;Boulevard Jean Bouin;7.0;110;3.30268166737793;49.8471824873784;9.947440142942227;EN PLACE
Quartier Remicourt;Boulevard Jean Bouin;7.0;105;3.30262594097287;49.8471485226815;9.947440142942227;EN PLACE
Quartier Remicourt;Boulevard Jean Bouin;7.0;110;3.3025765688164;49.8471184317932;9.947440142942227;EN PLACE
Quartier Remicourt;Boulevard Jean Bouin;7.0;83;3.30252164641412;49.8470849558583;9.947440142942227;EN PLACE
Quartier Remicourt;Boulevard Jean Bouin;7.0;130;3.30247432452341;49.8470561156235;9.947440142942227;REMPLACÉ
Quartier Remicourt;Boulevard Jean Bouin;7.0;70;3.30242597969774;49.8470266486659;9.947440142942227;EN PLACE
Quartier Remicourt;Boulevard Jean Bouin;7.0;140;3.30242546136475;49.8469820074103;9.947440142942227;EN PLACE
Quartier Remicourt;Boulevard Jean Bouin;7.0;55;3.30247545573367;49.8470124788587;9.947440142942227;EN PLACE
Quartier Remicourt;Boulevard Jean Bouin;7.0;95;3.30252701740885;49.8470439037406;9.947440142942227;EN PLACE
Quartier Remicourt;Boulevard Jean Bouin;7.0;83;3.30258306880466;49.8470780672382;9.947440142942227;EN PLACE
Quartier Remicourt;Boulevard Jean Bouin;7.0;90;3.30263378349765;49.847108977299;9.947440142942227;EN PLACE
Quartier Remicourt;Boulevard Jean Bouin;7.0;90;3.30268822032056;49.8471421550479;9.947440142942227;EN PLACE
Quartier Remicourt;Boulevard Jean Bouin;7.0;95;3.30275422957286;49.8471823865849;9.947440142942227;EN PLACE
Quartier Remicourt;Boulevard Jean Bouin;7.0;72;3.30290031754062;49.847271424398;9.947440142942227;EN PLACE
Quartier Remicourt;Boulevard Jean Bouin;7.0;82;3.30295724309354;49.8473061177002;9.947440142942227;EN PLACE
Quartier Remicourt;Boulevard Jean Bouin;7.0;82;3.30302228004513;49.8473457564193;9.947440142942227;EN PLACE
Quartier Remicourt;Boulevard Jean Bouin;7.0;92;3.30307984775904;49.84738084179;9.947440142942227;EN PLACE
Quartier Remicourt;Boulevard Jean Bouin;7.0;85;3.30314041753678;49.8474177579484;9.947440142942227;EN PLACE
Quartier Remicourt;Boulevard Jean Bouin;7.0;80;3.30319570218739;49.8474514520251;9.947440142942227;EN PLACE
Quartier Remicourt;Boulevard Jean Bouin;7.0;105;3.3032487260131;49.8474837691684;9.947440142942227;EN PLACE
Quartier du Centre-Ville;Boulevard Henri Martin;6.0;45;3.27972150104477;49.8486332081983;9.947440142942227;EN PLACE
Quartier du Centre-Ville;Boulevard Henri Martin;6.0;55;3.27969194659066;49.8485014081165;9.947440142942227;EN PLACE
Quartier du Centre-Ville;Boulevard Henri Martin;6.0;50;3.27966948272487;49.8483580391883;9.947440142942227;EN PLACE
Quartier du Centre-Ville;Boulevard Henri Martin;4.0;20;3.27963720443106;49.8482317864348;9.947440142942227;EN PLACE
Quartier du Centre-Ville;Boulevard Henri Martin;9.0;170;3.27942240714733;49.8472851705814;9.947440142942227;REMPLACÉ
Quartier du Centre-Ville;Boulevard Henri Martin;7.0;140;3.27939219423587;49.8471260712385;9.947440142942227;REMPLACÉ
Quartier du Centre-Ville;Boulevard Henri Martin;6.0;60;3.27938036268325;49.8470692153358;9.947440142942227;REMPLACÉ
Quartier du Centre-Ville;Boulevard Henri Martin;5.0;85;3.27936892858921;49.8470142770664;9.947440142942227;REMPLACÉ
Quartier du Centre-Ville;Boulevard Henri Martin;5.0;90;3.27934718651341;49.8469126817273;9.947440142942227;REMPLACÉ
Quartier du Centre-Ville;Boulevard Henri Martin;5.0;60;3.2793354078571;49.8468560630395;9.947440142942227;REMPLACÉ
Quartier du Centre-Ville;Boulevard Henri Martin;7.0;185;3.2793214572418;49.8467986646424;9.947440142942227;REMPLACÉ
Quartier du Centre-Ville;Boulevard Henri Martin;7.0;190;3.27928355377183;49.8466378870215;9.947440142942227;REMPLACÉ
Quartier du Centre-Ville;Boulevard Henri Martin;7.0;200;3.2792294003129;49.8464504703862;9.947440142942227;REMPLACÉ
Quartier du Centre-Ville;Boulevard Henri Martin;7.0;145;3.27921884245737;49.8463327139658;9.947440142942227;REMPLACÉ
Quartier du Centre-Ville;Boulevard Henri Martin;7.0;120;3.27920437335896;49.8462740625945;9.947440142942227;SUPPRIMÉ
Quartier du Centre-Ville;Boulevard Henri Martin;7.0;110;3.27894273311056;49.8451381211337;9.947440142942227;Non essouché
Quartier du Centre-Ville;Boulevard Henri Martin;6.0;130;3.27888934479521;49.8448969182395;9.947440142942227;EN PLACE
Quartier du Centre-Ville;Boulevard Henri Martin;6.0;70;3.27887691806793;49.8448413106372;9.947440142942227;EN PLACE
Quartier du Centre-Ville;Boulevard Henri Martin;6.0;115;3.27886318149807;49.8447795458183;9.947440142942227;EN PLACE
Quartier du Centre-Ville;Boulevard Henri Martin;7.0;135;3.27883980974143;49.8446843985904;9.947440142942227;EN PLACE
Quartier du Centre-Ville;Boulevard Henri Martin;7.0;130;3.27873668092734;49.8442237851015;9.947440142942227;EN PLACE
Quartier du Centre-Ville;Boulevard Henri Martin;6.0;140;3.27871761555068;49.8441365096206;9.947440142942227;EN PLACE
Quartier du Centre-Ville;Boulevard Henri Martin;6.0;100;3.2786934845334;49.8440260442377;9.947440142942227;EN PLACE
Quartier du Centre-Ville;Boulevard Henri Martin;5.0;55;3.27890968031885;49.8441470785728;9.947440142942227;EN PLACE
Quartier du Centre-Ville;Boulevard Henri Martin;7.0;105;3.27892406270756;49.8442129082956;9.947440142942227;EN PLACE
Quartier du Centre-Ville;Boulevard Henri Martin;7.0;130;3.27898071477091;49.8444651106208;9.947440142942227;EN PLACE
Quartier du Centre-Ville;Boulevard Henri Martin;7.0;125;3.27902019701764;49.8446458239769;9.947440142942227;EN PLACE
Quartier du Centre-Ville;Boulevard Henri Martin;6.0;85;3.27902973792389;49.8446894989761;9.947440142942227;EN PLACE
Quartier du Centre-Ville;Boulevard Henri Martin;6.0;80;3.27904221789542;49.8447466231456;9.947440142942227;Essouché
Quartier du Centre-Ville;Boulevard Henri Martin;6.0;145;3.27905575135404;49.844808571835;9.947440142942227;EN PLACE
Quartier du Centre-Ville;Boulevard Henri Martin;7.0;70;3.27912148377656;49.8451043620069;9.947440142942227;EN PLACE
Quartier du Centre-Ville;Boulevard Henri Martin;8.0;165;3.27925147208934;49.8456573932775;9.947440142942227;EN PLACE
Quartier du Centre-Ville;Boulevard Henri Martin;5.0;160;3.27934605008052;49.8460955608183;9.947440142942227;EN PLACE
Quartier du Centre-Ville;Boulevard Henri Martin;8.0;180;3.27938773995198;49.8462813869943;9.947440142942227;EN PLACE
Quartier du Centre-Ville;Boulevard Henri Martin;6.0;65;3.27940256260387;49.8463447125853;9.947440142942227;EN PLACE
Quartier du Centre-Ville;Boulevard Henri Martin;6.0;85;3.27941391515388;49.8463924289563;9.947440142942227;EN PLACE
Quartier du Centre-Ville;Boulevard Henri Martin;6.0;85;3.27944542563799;49.8465294372852;9.947440142942227;EN PLACE
Quartier du Centre-Ville;Boulevard Henri Martin;5.0;105;3.27946096876355;49.8465830162966;9.947440142942227;Essouché
Quartier du Centre-Ville;Boulevard Henri Martin;7.0;160;3.2795006394196;49.846768617044;9.947440142942227;EN PLACE
Quartier du Centre-Ville;Boulevard Henri Martin;6.0;100;3.27957628553444;49.8471336219838;9.947440142942227;Non essouché
Quartier du Centre-Ville;Boulevard Henri Martin;8.0;60;3.27990287834441;49.8484344545635;9.947440142942227;EN PLACE
Quartier du Centre-Ville;Boulevard Henri Martin;8.0;65;3.27993073678931;49.84857840126;9.947440142942227;EN PLACE
Quartier du Centre-Ville;Boulevard Richelieu;7.0;182;3.28581079751993;49.8522643763922;9.947440142942227;EN PLACE
Quartier du Centre-Ville;Boulevard Richelieu;6.0;162;3.28547440352072;49.8520822411863;9.947440142942227;Non essouché
Quartier du Centre-Ville;Boulevard Richelieu;6.0;130;3.28456711029722;49.8515718461247;9.947440142942227;Non essouché
Quartier du Centre-Ville;Boulevard Richelieu;6.0;50;3.28415890393584;49.8513592998675;9.947440142942227;EN PLACE
Quartier du Centre-Ville;Boulevard Richelieu;8.0;200;3.28408124791238;49.85131688707;9.947440142942227;EN PLACE
Quartier du Centre-Ville;Boulevard Richelieu;8.0;75;3.28304379677915;49.8507328370995;9.947440142942227;EN PLACE
Quartier du Centre-Ville;Boulevard Richelieu;8.0;99;3.28291763729824;49.8506608663029;9.947440142942227;EN PLACE
Quartier du Centre-Ville;Boulevard Richelieu;8.0;125;3.28284952661497;49.8506228781958;9.947440142942227;Non essouché
Quartier du Centre-Ville;Boulevard Richelieu;6.0;55;3.28278192010419;49.8505845328094;9.947440142942227;EN PLACE
Quartier du Centre-Ville;Boulevard Richelieu;6.0;50;3.28259548946311;49.8504961345691;9.947440142942227;EN PLACE
Quartier du Centre-Ville;Boulevard Richelieu;8.0;190;3.28228743233479;49.850316263975;9.947440142942227;EN PLACE
Quartier du Centre-Ville;Boulevard Richelieu;7.0;60;3.2821675928041;49.8502485755422;9.947440142942227;EN PLACE
Quartier du Centre-Ville;Boulevard Richelieu;8.0;178;3.28208452610703;49.8502049921606;9.947440142942227;EN PLACE
Quartier du Centre-Ville;Boulevard Richelieu;9.0;145;3.28202739833007;49.8501725558086;9.947440142942227;EN PLACE
Quartier du Centre-Ville;Boulevard Richelieu;4.0;35;3.28196394294601;49.8501365258256;9.947440142942227;EN PLACE
Quartier du Centre-Ville;Boulevard Richelieu;4.0;32;3.28152794404188;49.8498951028585;9.947440142942227;EN PLACE
Quartier du Centre-Ville;Boulevard Richelieu;8.0;190;3.28147200444381;49.8498636397563;9.947440142942227;EN PLACE
Quartier du Centre-Ville;Boulevard Richelieu;6.0;90;3.28134036054328;49.8497980555836;9.947440142942227;Non essouché
Quartier du Centre-Ville;Boulevard Richelieu;8.0;184;3.28127334216645;49.8497610007496;9.947440142942227;EN PLACE
Quartier du Centre-Ville;Boulevard Richelieu;8.0;46;3.28120243225006;49.8497217911766;9.947440142942227;EN PLACE
Quartier du Centre-Ville;Boulevard Richelieu;7.0;54;3.28114150954483;49.8496881048041;9.947440142942227;EN PLACE
Quartier du Centre-Ville;Boulevard Richelieu;8.0;178;3.28107343137598;49.8496504617148;9.947440142942227;EN PLACE
Quartier du Centre-Ville;Boulevard Richelieu;6.0;50;3.28097452454604;49.8495957725952;9.947440142942227;EN PLACE
Quartier du Centre-Ville;Boulevard Richelieu;9.0;205;3.28088175194336;49.8495439043304;9.947440142942227;EN PLACE
Quartier du Centre-Ville;Boulevard Richelieu;5.0;33;3.2807904757156;49.8494918076495;9.947440142942227;EN PLACE
Quartier du Centre-Ville;Boulevard Richelieu;9.0;198;3.28068422522504;49.8494305367945;9.947440142942227;EN PLACE
Quartier du Centre-Ville;Boulevard Richelieu;6.0;45;3.28061341948031;49.8493913850518;9.947440142942227;EN PLACE
Quartier du Centre-Ville;Boulevard Richelieu;8.0;90;3.28042465817516;49.8492885501118;9.947440142942227;EN PLACE
Quartier du Centre-Ville;Boulevard Richelieu;4.0;32;3.28033700620816;49.8492400837865;9.947440142942227;EN PLACE
Quartier du Centre-Ville;Boulevard Richelieu;8.0;192;3.28027041894232;49.8492032637964;9.947440142942227;EN PLACE
Quartier du Centre-Ville;Boulevard Richelieu;5.0;50;3.2801715485961;49.8491485613202;9.947440142942227;EN PLACE
Quartier du Centre-Ville;Boulevard Richelieu;5.0;40;3.28028335788641;49.8490597925238;9.947440142942227;EN PLACE
Quartier du Centre-Ville;Boulevard Richelieu;5.0;50;3.28037080165786;49.8491081452095;9.947440142942227;EN PLACE
Quartier du Centre-Ville;Boulevard Richelieu;6.0;50;3.28042645767623;49.8491389208453;9.947440142942227;EN PLACE
Quartier du Centre-Ville;Boulevard Richelieu;7.0;140;3.28061227420678;49.8492328783799;9.947440142942227;EN PLACE
Quartier du Centre-Ville;Boulevard Richelieu;5.0;40;3.28067498136735;49.8492675533204;9.947440142942227;Essouché
Quartier du Centre-Ville;Boulevard Richelieu;5.0;37;3.28075820792923;49.8493135728636;9.947440142942227;EN PLACE
Quartier du Centre-Ville;Boulevard Richelieu;6.0;45;3.28090487271311;49.8493936450683;9.947440142942227;EN PLACE
Quartier du Centre-Ville;Boulevard Richelieu;8.0;175;3.28108344225629;49.8494843412417;9.947440142942227;EN PLACE
Quartier du Centre-Ville;Boulevard Richelieu;7.0;150;3.28116564367169;49.8495255467191;9.947440142942227;EN PLACE
Quartier du Centre-Ville;Boulevard Richelieu;6.0;40;3.28122505837683;49.8495613135063;9.947440142942227;EN PLACE
Quartier du Centre-Ville;Boulevard Richelieu;5.0;40;3.28128422467862;49.8496020022762;9.947440142942227;EN PLACE
Quartier du Centre-Ville;Boulevard Richelieu;5.0;37;3.28143564424095;49.8496872670398;9.947440142942227;EN PLACE
Quartier du Centre-Ville;Boulevard Richelieu;8.0;70;3.28149560888838;49.8497204242167;9.947440142942227;EN PLACE
Quartier du Centre-Ville;Boulevard Richelieu;8.0;135;3.28156600293467;49.8497593471533;9.947440142942227;EN PLACE
Quartier du Centre-Ville;Boulevard Richelieu;6.0;32;3.28215095681378;49.8500723489611;9.947440142942227;EN PLACE
Quartier du Centre-Ville;Boulevard Richelieu;8.0;125;3.28225688264248;49.8501326968314;9.947440142942227;EN PLACE
Quartier du Centre-Ville;Boulevard Richelieu;4.0;32;3.28234752383919;49.8501814835779;9.947440142942227;EN PLACE
Quartier du Centre-Ville;Boulevard Richelieu;8.0;112;3.28247878813052;49.8502567988804;9.947440142942227;EN PLACE
Quartier du Centre-Ville;Boulevard Richelieu;6.0;92;3.28252871455605;49.8502847768557;9.947440142942227;EN PLACE
Quartier du Centre-Ville;Boulevard Richelieu;6.0;50;3.28260668632035;49.8503294168864;9.947440142942227;SUPPRIMÉ
Quartier du Centre-Ville;Boulevard Richelieu;6.0;42;3.28287543283694;49.8504779846332;9.947440142942227;EN PLACE
Quartier du Centre-Ville;Boulevard Richelieu;9.0;96;3.28296260877749;49.8505291635381;9.947440142942227;EN PLACE
Quartier du Centre-Ville;Boulevard Richelieu;8.0;84;3.28304639190233;49.8505747458604;9.947440142942227;EN PLACE
Quartier du Centre-Ville;Boulevard Richelieu;7.0;55;3.28313101330345;49.8506205131039;9.947440142942227;EN PLACE
Quartier du Centre-Ville;Boulevard Richelieu;6.0;40;3.28320684000234;49.8506628671179;9.947440142942227;EN PLACE
Quartier du Centre-Ville;Boulevard Richelieu;5.0;49;3.28370951946544;49.8509396038208;9.947440142942227;EN PLACE
Quartier du Centre-Ville;Boulevard Richelieu;8.0;140;3.28377078980487;49.8509729589569;9.947440142942227;Essouché
Quartier du Centre-Ville;Boulevard Richelieu;10.0;73;3.28392966611801;49.8510650999848;9.947440142942227;EN PLACE
Quartier du Centre-Ville;Boulevard Richelieu;7.0;55;3.2839927084662;49.8510992185099;9.947440142942227;EN PLACE
Quartier du Centre-Ville;Boulevard Richelieu;8.0;159;3.28415957457139;49.8511895606721;9.947440142942227;Essouché
Quartier du Centre-Ville;Boulevard Richelieu;6.0;46;3.28434754196065;49.8512943451234;9.947440142942227;EN PLACE
Quartier Remicourt;Boulevard Roosevelt;9.0;85;3.29484518661004;49.8533420422496;9.947440142942227;REMPLACÉ
Quartier Remicourt;Boulevard Roosevelt;8.0;68;3.29465754350871;49.8533438169227;9.947440142942227;REMPLACÉ
Quartier Remicourt;Boulevard Roosevelt;9.0;88;3.29396032506971;49.8533424475324;9.947440142942227;REMPLACÉ
Quartier Remicourt;Boulevard Roosevelt;7.0;90;3.29207671744322;49.8533551722613;9.947440142942227;Non essouché
Quartier Remicourt;Boulevard Roosevelt;7.0;98;3.29146999636884;49.8533151841856;9.947440142942227;EN PLACE
Quartier Remicourt;Boulevard Roosevelt;6.0;73;3.29131013950117;49.8532905881481;9.947440142942227;EN PLACE
Quartier Remicourt;Boulevard Roosevelt;4.0;44;3.29120830098196;49.8532769585012;9.947440142942227;Non essouché
Quartier Remicourt;Boulevard Roosevelt;6.0;80;3.29113464886693;49.8532659587344;9.947440142942227;EN PLACE
Quartier Remicourt;Boulevard Roosevelt;5.0;61;3.29094744320747;49.853242503481;9.947440142942227;Non essouché
Quartier Remicourt;Boulevard Roosevelt;4.0;62;3.29082100724176;49.8532250208721;9.947440142942227;Non essouché
Quartier Remicourt;Boulevard Roosevelt;5.0;86;3.290734318432;49.8532132062364;9.947440142942227;EN PLACE
Quartier Remicourt;Boulevard Roosevelt;5.0;58;3.29064749933953;49.8532014565911;9.947440142942227;EN PLACE
Quartier Remicourt;Boulevard Roosevelt;7.0;92;3.29056564866789;49.8531897107694;9.947440142942227;EN PLACE
Quartier Remicourt;Boulevard Roosevelt;6.0;86;3.29050364434314;49.8531811370937;9.947440142942227;EN PLACE
Quartier Remicourt;Boulevard Roosevelt;6.0;83;3.29041833938005;49.8531705172378;9.947440142942227;EN PLACE
Quartier Remicourt;Boulevard Roosevelt;7.0;85;3.29035038410526;49.8531613153779;9.947440142942227;EN PLACE
Quartier Remicourt;Boulevard Roosevelt;7.0;105;3.29027306875684;49.8531506244131;9.947440142942227;EN PLACE
Quartier Remicourt;Boulevard Roosevelt;7.0;94;3.29003917229743;49.8531190711884;9.947440142942227;EN PLACE
Quartier Remicourt;Boulevard Roosevelt;4.0;36;3.2899564337752;49.853107630116;9.947440142942227;Non essouché
Quartier Remicourt;Boulevard Roosevelt;7.0;70;3.28988045737265;49.8530971234883;9.947440142942227;Non essouché
Quartier Remicourt;Boulevard Roosevelt;6.0;77;3.28980030109778;49.8530866190367;9.947440142942227;Non essouché
Quartier Remicourt;Boulevard Roosevelt;6.0;84;3.28872925944822;49.8529363495533;9.947440142942227;EN PLACE
Quartier du Centre-Ville;Boulevard Roosevelt;6.0;75;3.28864317230021;49.8529252331561;9.947440142942227;EN PLACE
Quartier du Centre-Ville;Boulevard Roosevelt;5.0;47;3.28848677292368;49.8529021810371;9.947440142942227;EN PLACE
Quartier du Centre-Ville;Boulevard Roosevelt;8.0;93;3.28839720635064;49.8528916960518;9.947440142942227;EN PLACE
Quartier du Centre-Ville;Boulevard Roosevelt;6.0;82;3.28823848353803;49.852868389483;9.947440142942227;Non essouché
Quartier du Centre-Ville;Boulevard Roosevelt;4.0;34;3.28816131617955;49.8528578783738;9.947440142942227;Non essouché
Quartier du Centre-Ville;Boulevard Roosevelt;7.0;102;3.28808158111062;49.8528479336236;9.947440142942227;EN PLACE
Quartier du Centre-Ville;Boulevard Roosevelt;6.0;56;3.28799864550989;49.8528366364036;9.947440142942227;EN PLACE
Quartier du Centre-Ville;Boulevard Roosevelt;5.0;69;3.28781862968258;49.8528094679192;9.947440142942227;Non essouché
Quartier du Centre-Ville;Boulevard Roosevelt;7.0;90;3.28751100191953;49.8527634951611;9.947440142942227;EN PLACE
Quartier du Centre-Ville;Boulevard Roosevelt;6.0;77;3.28743194059065;49.8527526762395;9.947440142942227;EN PLACE
Quartier du Centre-Ville;Boulevard Roosevelt;7.0;90;3.28734236795158;49.8527401190483;9.947440142942227;EN PLACE
Quartier du Centre-Ville;Boulevard Roosevelt;9.0;85;3.28726691963676;49.8527298404946;9.947440142942227;EN PLACE
Quartier du Centre-Ville;Boulevard Roosevelt;9.0;96;3.28717225860693;49.8527169458916;9.947440142942227;Non essouché
Quartier du Centre-Ville;Boulevard Roosevelt;6.0;64;3.2870744734333;49.8527036255076;9.947440142942227;Non essouché
Quartier du Centre-Ville;Boulevard Roosevelt;8.0;80;3.28687191809044;49.8526797355802;9.947440142942227;EN PLACE
Quartier du Centre-Ville;Boulevard Roosevelt;9.0;80;3.28725847053409;49.8526040945247;9.947440142942227;EN PLACE
Quartier du Centre-Ville;Boulevard Roosevelt;9.0;96;3.28732895249943;49.8526140265156;9.947440142942227;Non essouché
Quartier du Centre-Ville;Boulevard Roosevelt;9.0;87;3.2874073252422;49.8526246017508;9.947440142942227;EN PLACE
Quartier du Centre-Ville;Boulevard Roosevelt;9.0;100;3.28748279667373;49.8526345762782;9.947440142942227;EN PLACE
Quartier du Centre-Ville;Boulevard Roosevelt;7.0;83;3.2878964257279;49.8526934387855;9.947440142942227;EN PLACE
Quartier du Centre-Ville;Boulevard Roosevelt;7.0;85;3.28800288918743;49.8527083977487;9.947440142942227;Essouché
Quartier du Centre-Ville;Boulevard Roosevelt;7.0;80;3.28807648297603;49.8527180159804;9.947440142942227;EN PLACE
Quartier du Centre-Ville;Boulevard Roosevelt;7.0;80;3.28817090210408;49.8527308771837;9.947440142942227;EN PLACE
Quartier du Centre-Ville;Boulevard Roosevelt;7.0;84;3.28824332737062;49.8527394534798;9.947440142942227;EN PLACE
Quartier du Centre-Ville;Boulevard Roosevelt;6.0;63;3.28834068987895;49.8527527154906;9.947440142942227;EN PLACE
Quartier du Centre-Ville;Boulevard Roosevelt;6.0;75;3.28840805168582;49.852761890302;9.947440142942227;Non essouché
Quartier Remicourt;Boulevard Roosevelt;7.0;70;3.28900750651725;49.8528401856322;9.947440142942227;EN PLACE
Quartier Remicourt;Boulevard Roosevelt;7.0;60;3.2891591910235;49.8528625851693;9.947440142942227;EN PLACE
Quartier Remicourt;Boulevard Roosevelt;7.0;72;3.28924254409009;49.8528738814409;9.947440142942227;EN PLACE
Quartier Remicourt;Boulevard Roosevelt;7.0;79;3.2894851443172;49.8529107578613;9.947440142942227;Non essouché
Quartier Remicourt;Boulevard Roosevelt;7.0;89;3.28967298228349;49.8529368400168;9.947440142942227;Non essouché
Quartier Remicourt;Boulevard Roosevelt;6.0;75;3.29003972533749;49.8529914628244;9.947440142942227;EN PLACE
Quartier Remicourt;Boulevard Roosevelt;6.0;60;3.29020459619953;49.8530130013096;9.947440142942227;EN PLACE
Quartier Remicourt;Boulevard Roosevelt;7.0;76;3.2903675985863;49.8530352859024;9.947440142942227;EN PLACE
Quartier Remicourt;Boulevard Roosevelt;7.0;77;3.29053530779239;49.8530579973601;9.947440142942227;EN PLACE
Quartier Remicourt;Boulevard Roosevelt;7.0;78;3.29071214912731;49.8530847667667;9.947440142942227;EN PLACE
Quartier Remicourt;Boulevard Roosevelt;6.0;95;3.29155231265768;49.8531976004388;9.947440142942227;EN PLACE
Quartier Remicourt;Boulevard Roosevelt;6.0;90;3.29171634019893;49.8532194994168;9.947440142942227;EN PLACE
Quartier Remicourt;Boulevard Roosevelt;7.0;99;3.29253985369828;49.853259260049;9.947440142942227;EN PLACE
Quartier Remicourt;Boulevard Roosevelt;7.0;92;3.29277377804865;49.853257570259;9.947440142942227;Non essouché
Quartier Remicourt;Boulevard Roosevelt;7.0;69;3.29330474654161;49.8532529446688;9.947440142942227;REMPLACÉ
Quartier Remicourt;Boulevard Roosevelt;8.0;94;3.29345778574238;49.8532520579059;9.947440142942227;REMPLACÉ
Quartier Remicourt;Boulevard Roosevelt;8.0;88;3.29360826832211;49.853250568678;9.947440142942227;REMPLACÉ
Quartier Remicourt;Boulevard Roosevelt;8.0;80;3.2938296225813;49.8532514947903;9.947440142942227;REMPLACÉ
Quartier Remicourt;Boulevard Roosevelt;8.0;85;3.29398965238828;49.8532499820805;9.947440142942227;REMPLACÉ
Quartier Remicourt;Boulevard Roosevelt;8.0;83;3.29415299146202;49.8532484383857;9.947440142942227;REMPLACÉ
Quartier Remicourt;Boulevard Roosevelt;9.0;98;3.29447911643678;49.8532465573312;9.947440142942227;REMPLACÉ
Quartier Remicourt;Boulevard Roosevelt;9.0;98;3.29480065920731;49.8532418332831;9.947440142942227;REMPLACÉ
Quartier Remicourt;Boulevard Roosevelt;9.0;82;3.29495517860471;49.8532403726506;9.947440142942227;REMPLACÉ
Quartier Remicourt;Boulevard Roosevelt;9.0;100;3.2951317602501;49.8532391620395;9.947440142942227;REMPLACÉ
Quartier Remicourt;Boulevard Roosevelt;9.0;88;3.29526474378733;49.8532237137272;9.947440142942227;REMPLACÉ
Quartier du Centre-Ville;Square André Malraux;10.0;115;3.28277535457914;49.8456554322069;9.947440142942227;EN PLACE
Quartier du Centre-Ville;Square André Malraux;8.0;115;3.28273334810124;49.8456900337147;9.947440142942227;EN PLACE
Quartier du Centre-Ville;Square André Malraux;12.0;100;3.28270305745618;49.8457216859651;9.947440142942227;EN PLACE
Quartier du Centre-Ville;Square André Malraux;9.0;125;3.28266601467028;49.8457616635302;9.947440142942227;EN PLACE
Quartier du Centre-Ville;Square André Malraux;11.0;105;3.28262378130587;49.8458047004758;9.947440142942227;EN PLACE
Quartier du Centre-Ville;Square André Malraux;9.0;130;3.2825866202225;49.8458412978527;9.947440142942227;EN PLACE
Quartier du Centre-Ville;Square André Malraux;11.0;120;3.28224247083913;49.8461269741749;9.947440142942227;EN PLACE
Quartier du Centre-Ville;Square André Malraux;8.0;130;3.28220340676819;49.846161551328;9.947440142942227;EN PLACE
Quartier du Centre-Ville;Square André Malraux;9.0;80;3.28215417083148;49.8462028733488;9.947440142942227;EN PLACE
Quartier du Centre-Ville;Square André Malraux;5.0;85;3.28218473006398;49.8463097433502;9.947440142942227;EN PLACE
Quartier du Centre-Ville;Square André Malraux;5.0;45;3.28211608660709;49.8463791831818;9.947440142942227;REMPLACÉ
Quartier du Centre-Ville;Square André Malraux;7.0;100;3.28237072460476;49.8462635828022;9.947440142942227;EN PLACE
Quartier du Centre-Ville;Square André Malraux;13.0;270;3.2827879758398;49.8463244622009;9.947440142942227;EN PLACE
Quartier du Centre-Ville;Square André Malraux;13.0;250;3.28286528897073;49.8461873238411;9.947440142942227;EN PLACE
Quartier du Centre-Ville;Square André Malraux;11.0;80;3.28299246602217;49.8463755949646;9.947440142942227;EN PLACE
Quartier du Centre-Ville;Square André Malraux;10.0;65;3.28311532649237;49.8461597296977;9.947440142942227;EN PLACE
Quartier du Centre-Ville;Square André Malraux;7.0;90;3.28323314703702;49.8461079125837;9.947440142942227;EN PLACE
Quartier du Centre-Ville;Square André Malraux;7.0;130;3.28317980932229;49.8460608085124;9.947440142942227;EN PLACE
Quartier du Centre-Ville;Square André Malraux;8.0;50;3.28288308211914;49.8459906379124;9.947440142942227;SUPPRIMÉ
Quartier du Centre-Ville;Parking Arthur Gibert;12.0;90;3.2847217477891;49.8465842289693;9.947440142942227;Essouché
Quartier du Centre-Ville;Parking Arthur Gibert;9.0;65;3.28442257902285;49.8468895538395;9.947440142942227;EN PLACE
Quartier du Centre-Ville;Parking Arthur Gibert;10.0;70;3.28450027889169;49.8470119399641;9.947440142942227;EN PLACE
Quartier du Centre-Ville;Parking Arthur Gibert;10.0;125;3.28448440634837;49.8469902995271;9.947440142942227;EN PLACE
Quartier du Centre-Ville;Parking Arthur Gibert;15.0;150;3.2842051626837;49.8468255857957;9.947440142942227;EN PLACE
Quartier du Centre-Ville;Parking Arthur Gibert;15.0;100;3.28425025065489;49.8468170111387;9.947440142942227;EN PLACE
Quartier du Centre-Ville;Parking Arthur Gibert;13.0;80;3.28422416743627;49.8467811777384;9.947440142942227;SUPPRIMÉ
Quartier du Centre-Ville;Parking Arthur Gibert;12.0;85;3.28424950257622;49.8467598519607;9.947440142942227;EN PLACE
Quartier du Centre-Ville;Parking Arthur Gibert;13.0;120;3.28428406606142;49.8467777718372;9.947440142942227;EN PLACE
Quartier du Centre-Ville;Place Edouard Branly;9.0;95;3.28391421616729;49.8488940063561;9.947440142942227;EN PLACE
Quartier du Centre-Ville;Place Edouard Branly;10.0;70;3.28385419121933;49.8489046308668;9.947440142942227;EN PLACE
Quartier du Centre-Ville;Place Edouard Branly;10.0;240;3.28382746268631;49.8488924764477;9.947440142942227;EN PLACE
Quartier du Centre-Ville;Place Edouard Branly;13.0;88;3.28346413560104;49.8486771920489;9.947440142942227;REMPLACÉ
Quartier du Centre-Ville;Place de l'Hôtel de ville;12.0;110;3.28824823704565;49.8465480610436;9.947440142942227;EN PLACE
Quartier du Centre-Ville;Place de l'Hôtel de ville;12.0;110;3.28813394522956;49.8466510442338;9.947440142942227;EN PLACE
Quartier du Centre-Ville;Place de l'Hôtel de ville;12.0;110;3.28800924685879;49.8467643299319;9.947440142942227;EN PLACE
Quartier du Centre-Ville;Place de l'Hôtel de ville;12.0;110;3.28789044132732;49.8468714047553;9.947440142942227;EN PLACE
Quartier Saint-Jean;Place du 87ème Régiment d'Infanterie;10.0;97;3.27839540434193;49.8523267357356;9.947440142942227;EN PLACE
Quartier Saint-Jean;Place du 87ème Régiment d'Infanterie;6.0;22;3.27882216531571;49.8523179966199;9.947440142942227;EN PLACE
Quartier Saint-Jean;Place du 87ème Régiment d'Infanterie;7.0;54;3.27891775451609;49.852318329693;9.947440142942227;EN PLACE
Quartier Saint-Jean;Place du 87ème Régiment d'Infanterie;11.0;96;3.27923019756476;49.8524405315413;9.947440142942227;EN PLACE
Quartier Saint-Jean;Place du 87ème Régiment d'Infanterie;10.0;91;3.27926010955524;49.8525032421096;9.947440142942227;EN PLACE
Quartier Saint-Jean;Place du 87ème Régiment d'Infanterie;8.0;42;3.27929056061038;49.8525670814949;9.947440142942227;EN PLACE
Quartier Saint-Jean;Place du 87ème Régiment d'Infanterie;10.0;80;3.27932010543668;49.8526290197333;9.947440142942227;EN PLACE
Quartier Saint-Jean;Place du 87ème Régiment d'Infanterie;7.0;73;3.27934568736698;49.8526826493619;9.947440142942227;EN PLACE
Quartier Saint-Jean;Place du 87ème Régiment d'Infanterie;6.0;72;3.27937227136511;49.8527383812802;9.947440142942227;EN PLACE
Quartier Saint-Jean;Rue Emile Billon;6.0;160;3.27981496552045;49.8531608920598;9.947440142942227;EN PLACE
Quartier Saint-Jean;Rue Emile Billon;6.0;225;3.27978654666174;49.8532307855438;9.947440142942227;EN PLACE
Quartier Saint-Jean;Rue Emile Billon;6.0;237;3.27962283228313;49.8533720183018;9.947440142942227;EN PLACE
Quartier Saint-Jean;Rue Emile Billon;6.0;225;3.27954775504263;49.853436784952;9.947440142942227;EN PLACE
Quartier Saint-Jean;Rue Emile Billon;6.0;218;3.2794552411031;49.8535165937314;9.947440142942227;EN PLACE
Quartier Saint-Jean;Rue Emile Billon;6.0;240;3.27937451359847;49.853586234886;9.947440142942227;EN PLACE
Quartier Saint-Jean;Rue Emile Billon;5.0;208;3.27929007048541;49.853659078252;9.947440142942227;EN PLACE
Quartier Saint-Jean;Rue Emile Billon;5.0;215;3.2792049034475;49.8537325508139;9.947440142942227;EN PLACE
Quartier Saint-Jean;Rue Emile Billon;5.0;235;3.27911957145916;49.8538061603589;9.947440142942227;EN PLACE
Quartier Saint-Jean;Rue Emile Billon;5.0;228;3.27902786012995;49.8538640012498;9.947440142942227;EN PLACE
Quartier Saint-Jean;Rue Emile Billon;5.0;153;3.27895780451527;49.8540157127337;9.947440142942227;EN PLACE
Quartier Saint-Jean;Rue Emile Billon;6.0;194;3.27901262879546;49.8540444096572;9.947440142942227;EN PLACE
Quartier Saint-Jean;Rue Emile Billon;6.0;163;3.27898241088596;49.8541134279185;9.947440142942227;EN PLACE
Quartier Saint-Jean;Rue Emile Billon;6.0;210;3.27897463143129;49.8541864556732;9.947440142942227;EN PLACE
Quartier Saint-Jean;Rue Emile Billon;6.0;195;3.27897194570218;49.8542551037312;9.947440142942227;EN PLACE
Quartier Saint-Jean;Rue Emile Billon;6.0;187;3.27897749140132;49.8543304832069;9.947440142942227;EN PLACE
Quartier Saint-Jean;Rue Emile Billon;6.0;195;3.2789889746482;49.8544036315115;9.947440142942227;EN PLACE
Quartier Saint-Jean;Rue Emile Billon;5.0;190;3.27900834648;49.8544711330069;9.947440142942227;EN PLACE
Quartier Saint-Jean;Rue Emile Billon;5.0;160;3.27903628613458;49.8545475273312;9.947440142942227;EN PLACE
Quartier Saint-Jean;Rue Emile Billon;5.0;154;3.27906324902173;49.8546086391974;9.947440142942227;EN PLACE
Quartier Saint-Jean;Rue Emile Billon;5.0;218;3.27935645190461;49.8547511410746;9.947440142942227;EN PLACE
Quartier Saint-Jean;Rue Emile Billon;5.0;210;3.27928466598327;49.8546806796793;9.947440142942227;EN PLACE
Quartier Saint-Jean;Rue Emile Billon;6.0;215;3.27911618135054;49.8544101502975;9.947440142942227;EN PLACE
Quartier Saint-Jean;Rue Emile Billon;6.0;240;3.2791068221181;49.8541329590341;9.947440142942227;EN PLACE
Quartier Saint-Jean;Rue Emile Billon;5.0;248;3.27913400441641;49.8540253300995;9.947440142942227;EN PLACE
Quartier Saint-Jean;Rue Emile Billon;5.0;230;3.27917863491896;49.8539411231157;9.947440142942227;EN PLACE
Quartier Saint-Jean;Rue Emile Billon;5.0;236;3.27937682265759;49.8537119392906;9.947440142942227;EN PLACE
Quartier Saint-Jean;Rue Emile Billon;5.0;237;3.27945978063949;49.8536395848864;9.947440142942227;EN PLACE
Quartier Saint-Jean;Rue Emile Billon;5.0;257;3.27953534261224;49.8535743999851;9.947440142942227;EN PLACE
Quartier Saint-Jean;Rue Emile Billon;6.0;190;3.27997551829251;49.85323935618;9.947440142942227;EN PLACE
Quartier Saint-Jean;Rue de Phalsbourg;5.0;162;3.27973963463878;49.8549670062292;9.947440142942227;EN PLACE
Quartier Saint-Jean;Rue de Phalsbourg;5.0;145;3.27963419744681;49.8549170705413;9.947440142942227;EN PLACE
Quartier Saint-Jean;Rue de Phalsbourg;5.0;141;3.27952596632859;49.8548668069622;9.413698630136986;EN PLACE
Quartier Saint-Jean;Rue de Phalsbourg;5.0;172;3.27945546264045;49.854829899708;9.947440142942227;EN PLACE
Quartier Saint-Jean;Rue de Phalsbourg;5.0;136;3.2789080013184;49.8546019271378;9.947440142942227;EN PLACE
Quartier Saint-Jean;Rue de Phalsbourg;5.0;136;3.27883442180032;49.8545673364772;9.947440142942227;EN PLACE
Quartier Saint-Jean;Rue de Phalsbourg;5.0;148;3.2787687201334;49.8545364527358;9.947440142942227;EN PLACE
Quartier Saint-Jean;Rue de Phalsbourg;5.0;183;3.27846452144281;49.8543994371995;9.947440142942227;EN PLACE
Quartier Saint-Jean;Rue de Phalsbourg;5.0;185;3.27837810403478;49.8543588116963;9.947440142942227;EN PLACE
Quartier Saint-Jean;Rue de Phalsbourg;4.0;23;3.27828359702243;49.8543918564868;9.947440142942227;EN PLACE
Quartier Saint-Jean;Rue de Phalsbourg;4.0;23;3.27840162004103;49.8544502973473;9.947440142942227;EN PLACE
Quartier Saint-Jean;Rue de Phalsbourg;4.0;23;3.27852445491303;49.8545080415972;9.947440142942227;EN PLACE
Quartier Saint-Jean;Rue de Phalsbourg;4.0;23;3.27865551660493;49.8545633261693;9.947440142942227;EN PLACE
Quartier Saint-Jean;Rue de Phalsbourg;4.0;23;3.27877466547237;49.8546180985486;9.947440142942227;EN PLACE
Quartier Saint-Jean;Rue Charles Gomart;5.0;118;3.27875447947209;49.8540673507456;9.947440142942227;EN PLACE
Quartier Saint-Jean;Rue Charles Gomart;5.0;140;3.2786635361221;49.854092602501;9.947440142942227;EN PLACE
Quartier Saint-Jean;Rue Charles Gomart;5.0;118;3.27843986286445;49.8541430835261;9.947440142942227;EN PLACE
Quartier Saint-Jean;Rue Charles Gomart;5.0;130;3.27836854839072;49.8541698249814;9.947440142942227;EN PLACE
Quartier Saint-Jean;Accueil de loisirs Kergomard;16.0;148;3.27891394934677;49.8541118841631;9.947440142942227;EN PLACE
Quartier Saint-Jean;Accueil de loisirs Kergomard;16.0;147;3.27887122175462;49.8541779535509;9.947440142942227;EN PLACE
Quartier Saint-Jean;Accueil de loisirs Kergomard;16.0;172;3.27877905949043;49.8541311142537;9.947440142942227;EN PLACE
Quartier Saint-Jean;Rue Albert Thomas;14.0;190;3.2836689458108;49.8528006830859;9.947440142942227;REMPLACÉ
Quartier Saint-Jean;Rue Albert Thomas;10.0;97;3.28428575374356;49.8518703460839;9.947440142942227;EN PLACE
Quartier Saint-Jean;Rue Albert Thomas;10.0;84;3.28433284783777;49.8518361885217;9.947440142942227;EN PLACE
Quartier Saint-Jean;Rue Albert Thomas;10.0;100;3.28437977708822;49.8518021500141;9.947440142942227;EN PLACE
Quartier Saint-Jean;Rue Albert Thomas;11.0;115;3.28443016516865;49.8517656019437;9.947440142942227;EN PLACE
Quartier Saint-Jean;Rue Albert Thomas;10.0;100;3.284476784117;49.8517317880118;9.947440142942227;EN PLACE
Quartier Saint-Jean;Square Albert Thomas;13.0;100;3.28445991875009;49.8516014761277;9.947440142942227;Essouché
Quartier Saint-Jean;Square Albert Thomas;8.0;100;3.28433389092747;49.8515558595835;9.947440142942227;EN PLACE
Quartier Saint-Jean;Square Albert Thomas;7.0;95;3.28436859983162;49.8516359737203;9.947440142942227;EN PLACE
Quartier Saint-Jean;Espace Matisse;12.0;70;3.28038423855177;49.8531056133884;9.947440142942227;EN PLACE
Quartier Saint-Jean;Espace Matisse;10.0;101;3.28037164571479;49.8531014323001;9.947440142942227;EN PLACE
Quartier Saint-Jean;Espace Matisse;13.0;180;3.27992823252279;49.8526828146118;9.947440142942227;EN PLACE
Quartier Saint-Jean;Espace Matisse;13.0;202;3.27993075233016;49.8526609058977;9.947440142942227;Essouché
Quartier Saint-Jean;Rue des Glacis;12.0;82;3.28315335249141;49.851007891708;9.947440142942227;EN PLACE
Quartier Saint-Jean;Rue des Glacis;12.0;95;3.28313858940311;49.8510056329279;9.947440142942227;EN PLACE
Quartier Saint-Jean;Rue des Glacis;16.0;130;3.28305786346278;49.8509791643639;9.947440142942227;EN PLACE
Quartier Saint-Jean;Rue des Glacis;16.0;180;3.28303806113267;49.8509826563745;9.947440142942227;EN PLACE
Quartier Saint-Martin - Oëstres;Rue du Parvis St Martin;8.0;160;3.27563622080875;49.8415121978141;9.947440142942227;EN PLACE
Quartier Saint-Martin - Oëstres;Rue du Parvis St Martin;8.0;150;3.27560950661989;49.8415641702464;9.947440142942227;EN PLACE
Quartier Saint-Martin - Oëstres;Rue du Parvis St Martin;8.0;160;3.27558285975149;49.841616010352;9.947440142942227;EN PLACE
Quartier Saint-Martin - Oëstres;Rue du Parvis St Martin;8.0;170;3.27555554173972;49.8416691565562;9.947440142942227;EN PLACE
Quartier Saint-Martin - Oëstres;Rue du Parvis St Martin;8.0;110;3.27552925095002;49.8417203071341;9.947440142942227;EN PLACE
Quartier Saint-Martin - Oëstres;Rue du Parvis St Martin;8.0;170;3.27550191905655;49.8417734776303;9.947440142942227;EN PLACE
Quartier Saint-Martin - Oëstres;Rue du Parvis St Martin;8.0;170;3.27547561300432;49.8418246534031;9.947440142942227;EN PLACE
Quartier Saint-Martin - Oëstres;Rue du Parvis St Martin;8.0;155;3.27542737994302;49.8419223060753;9.947440142942227;EN PLACE
Quartier Saint-Martin - Oëstres;Rue du Parvis St Martin;8.0;160;3.27539796733388;49.8419723706902;9.947440142942227;EN PLACE
Quartier Saint-Martin - Oëstres;Rue du Parvis St Martin;8.0;95;3.2753717875827;49.8420232997971;9.947440142942227;EN PLACE
Quartier Saint-Martin - Oëstres;Rue du Parvis St Martin;8.0;95;3.27534531763303;49.8420747977811;9.947440142942227;EN PLACE
Quartier Saint-Martin - Oëstres;Rue du Parvis St Martin;8.0;110;3.27522178983779;49.8420511491989;9.947440142942227;EN PLACE
Quartier Saint-Martin - Oëstres;Rue du Parvis St Martin;8.0;110;3.27524953887581;49.8419971677478;9.947440142942227;EN PLACE
Quartier Saint-Martin - Oëstres;Rue du Parvis St Martin;8.0;155;3.27530591531518;49.8418946474452;9.947440142942227;EN PLACE
Quartier Saint-Martin - Oëstres;Rue du Parvis St Martin;8.0;140;3.2753307129801;49.8418476450725;9.947440142942227;EN PLACE
Quartier Saint-Martin - Oëstres;Rue du Parvis St Martin;8.0;135;3.27535464009201;49.8418010960618;9.947440142942227;EN PLACE
Quartier Saint-Martin - Oëstres;Rue du Parvis St Martin;8.0;115;3.27538151558634;49.8417488122419;9.947440142942227;EN PLACE
Quartier Saint-Martin - Oëstres;Rue du Parvis St Martin;8.0;140;3.27543357297723;49.8416424810093;9.947440142942227;EN PLACE
Quartier Saint-Martin - Oëstres;Rue du Parvis St Martin;8.0;130;3.27545999172954;49.8415910838095;9.947440142942227;EN PLACE
Quartier Saint-Martin - Oëstres;Rue du Parvis St Martin;8.0;140;3.27548641042149;49.8415396857036;9.947440142942227;EN PLACE
Quartier Saint-Martin - Oëstres;Rue du Parvis St Martin;8.0;150;3.27553869347874;49.8414379741341;9.947440142942227;EN PLACE
Quartier Saint-Martin - Oëstres;Rue de Touraine;14.0;155;3.27479589825028;49.8421742828044;9.947440142942227;EN PLACE
Quartier Saint-Martin - Oëstres;Rue de Touraine;6.0;35;3.27448107462612;49.8426726395621;9.947440142942227;EN PLACE
Quartier Saint-Martin - Oëstres;Rue du Très Révérend Père Léon Jean Dehon;12.0;80;3.275461780568;49.8424616957868;9.947440142942227;EN PLACE
Quartier Saint-Martin - Oëstres;Rue du Très Révérend Père Léon Jean Dehon;11.0;110;3.27550714033572;49.8423754085398;9.947440142942227;EN PLACE
Quartier Saint-Martin - Oëstres;Rue du Très Révérend Père Léon Jean Dehon;9.0;115;3.27557632163773;49.8421425551946;9.947440142942227;EN PLACE
Quartier Saint-Martin - Oëstres;Rue du Très Révérend Père Léon Jean Dehon;8.0;110;3.27539989518391;49.8421898981584;9.947440142942227;EN PLACE
Quartier Saint-Martin - Oëstres;Rue du Très Révérend Père Léon Jean Dehon;9.0;110;3.27544601734882;49.8422543907091;9.947440142942227;EN PLACE
Quartier Saint-Martin - Oëstres;Rue du Très Révérend Père Léon Jean Dehon;8.0;110;3.27547998582566;49.8422979799427;9.947440142942227;EN PLACE
Quartier Saint-Martin - Oëstres;Rue du Très Révérend Père Léon Jean Dehon;8.0;110;3.27546269292702;49.8423552202577;9.947440142942227;EN PLACE
Quartier Saint-Martin - Oëstres;Rue du Très Révérend Père Léon Jean Dehon;8.0;110;3.27544052079518;49.8424083345624;9.947440142942227;EN PLACE
Quartier Saint-Martin - Oëstres;Rue de Ham;7.0;48;3.26635552078811;49.8377651439179;9.947440142942227;EN PLACE
Quartier du Centre-Ville;Parking Michelet;13.0;220;3.29263074928723;49.8452008909746;9.947440142942227;EN PLACE
Quartier Saint-Martin - Oëstres;Cimetière de la Tombelle;13.0;110;3.26094871544982;49.8374190602438;9.947440142942227;EN PLACE
Quartier Saint-Martin - Oëstres;Cimetière de la Tombelle;6.0;60;3.26088901299016;49.8374428777202;9.947440142942227;EN PLACE
Quartier Saint-Martin - Oëstres;Cimetière de la Tombelle;9.0;80;3.26078936774121;49.8374826306999;9.947440142942227;EN PLACE
Quartier Saint-Martin - Oëstres;Cimetière de la Tombelle;14.0;115;3.26080445716945;49.8375967495585;9.947440142942227;EN PLACE
Quartier Saint-Martin - Oëstres;Cimetière de la Tombelle;14.0;120;3.26063222208059;49.8376654595684;9.947440142942227;EN PLACE
Quartier Saint-Martin - Oëstres;Cimetière de la Tombelle;14.0;100;3.26044169357569;49.837634965702;9.947440142942227;EN PLACE
Quartier Saint-Martin - Oëstres;Cimetière de la Tombelle;15.0;120;3.26038177698977;49.8376588688026;9.947440142942227;EN PLACE
Quartier Saint-Martin - Oëstres;Cimetière de la Tombelle;15.0;100;3.26030360402222;49.837690054265;9.947440142942227;EN PLACE
Quartier Saint-Martin - Oëstres;Cimetière de la Tombelle;15.0;120;3.2602234986455;49.8377220099554;9.947440142942227;EN PLACE
Quartier Saint-Martin - Oëstres;Cimetière de la Tombelle;12.0;105;3.26014914174466;49.8378590148536;9.947440142942227;EN PLACE
Quartier Saint-Martin - Oëstres;Cimetière de la Tombelle;12.0;90;3.26005271603854;49.8378974816029;9.947440142942227;EN PLACE
Quartier Saint-Martin - Oëstres;Cimetière de la Tombelle;16.0;130;3.25995628879603;49.8379359491745;9.947440142942227;EN PLACE
Quartier Saint-Martin - Oëstres;Cimetière de la Tombelle;17.0;140;3.25944679212558;49.8381409798559;9.947440142942227;EN PLACE
Quartier Saint-Martin - Oëstres;Cimetière de la Tombelle;16.0;110;3.25935444500573;49.838177818707;9.947440142942227;EN PLACE
Quartier Saint-Martin - Oëstres;Cimetière de la Tombelle;9.0;65;3.25928529138832;49.8382054053057;9.947440142942227;EN PLACE
Quartier Saint-Martin - Oëstres;Cimetière de la Tombelle;7.0;50;3.25935872164035;49.8380579487958;9.947440142942227;EN PLACE
Quartier Saint-Martin - Oëstres;Cimetière de la Tombelle;10.0;120;3.25885176765224;49.837697884335;9.947440142942227;EN PLACE
Quartier Saint-Martin - Oëstres;Cimetière de la Tombelle;10.0;105;3.258914125013;49.8376698364761;9.947440142942227;EN PLACE
Quartier Saint-Martin - Oëstres;Cimetière de la Tombelle;10.0;100;3.25898009629678;49.8376401641053;9.947440142942227;EN PLACE
Quartier Saint-Martin - Oëstres;Cimetière de la Tombelle;10.0;90;3.25904677753198;49.8376101709648;9.947440142942227;EN PLACE
Quartier Saint-Martin - Oëstres;Cimetière de la Tombelle;10.0;100;3.25911545982756;49.8375792779077;9.947440142942227;EN PLACE
Quartier Saint-Martin - Oëstres;Rue du Docteur Cordier;12.0;170;3.26454477821921;49.8424122740612;9.947440142942227;EN PLACE
Quartier Saint-Martin - Oëstres;Avenue du Cimetière de La Tombelle;7.0;110;3.25852968347309;49.8409670775868;9.947440142942227;EN PLACE
Quartier Saint-Martin - Oëstres;Avenue du Cimetière de La Tombelle;7.0;110;3.25857373104822;49.8408989265441;9.947440142942227;EN PLACE
Quartier Saint-Martin - Oëstres;Avenue du Cimetière de La Tombelle;5.0;25;3.25816296555587;49.8410948358332;9.947440142942227;EN PLACE
Quartier Saint-Martin - Oëstres;Avenue du Cimetière de La Tombelle;4.0;22;3.25815264558465;49.8410159268358;9.947440142942227;EN PLACE
Quartier Saint-Martin - Oëstres;Avenue du Cimetière de La Tombelle;4.0;25;3.25815870944586;49.8409458455942;9.947440142942227;EN PLACE
Quartier Saint-Martin - Oëstres;Avenue du Cimetière de La Tombelle;4.0;22;3.2582055212171;49.8408845726807;9.947440142942227;EN PLACE
Quartier Saint-Martin - Oëstres;Avenue du Cimetière de La Tombelle;5.0;26;3.25828011138781;49.8408449742016;9.947440142942227;EN PLACE
Quartier Saint-Martin - Oëstres;Avenue du Cimetière de La Tombelle;5.0;25;3.25837373107196;49.8408137390625;9.947440142942227;EN PLACE
Quartier Saint-Martin - Oëstres;Rue Gabriel Voisin;7.0;100;3.25778910305299;49.8361694189226;9.947440142942227;EN PLACE
Quartier Saint-Martin - Oëstres;Avenue du Cimetière de La Tombelle;5.0;22;3.25849420325982;49.8407914838257;9.947440142942227;EN PLACE
Quartier Saint-Martin - Oëstres;Avenue du Cimetière de La Tombelle;5.0;25;3.25859645352263;49.8407516561058;9.947440142942227;EN PLACE
Quartier Saint-Martin - Oëstres;Avenue du Cimetière de La Tombelle;6.0;120;3.25870657211659;49.8406933839065;9.947440142942227;EN PLACE
Quartier Saint-Martin - Oëstres;Avenue du Cimetière de La Tombelle;6.0;80;3.25875054748597;49.8406253417332;9.947440142942227;EN PLACE
Quartier Saint-Martin - Oëstres;Avenue du Cimetière de La Tombelle;6.0;130;3.25879640067715;49.840555684293;9.947440142942227;EN PLACE
Quartier Saint-Martin - Oëstres;Avenue du Cimetière de La Tombelle;5.0;70;3.25884513444748;49.8404802800085;9.947440142942227;EN PLACE
Quartier Saint-Martin - Oëstres;Avenue du Cimetière de La Tombelle;7.0;130;3.25888808720713;49.8404118876017;9.947440142942227;EN PLACE
Quartier Saint-Martin - Oëstres;Avenue du Cimetière de La Tombelle;6.0;130;3.25892816390301;49.840349878525;9.947440142942227;EN PLACE
Quartier Saint-Martin - Oëstres;Avenue du Cimetière de La Tombelle;6.0;110;3.25898396462081;49.8402659993686;9.947440142942227;EN PLACE
Quartier Saint-Martin - Oëstres;Avenue du Cimetière de La Tombelle;6.0;115;3.25902442026822;49.840203402335;9.947440142942227;EN PLACE
Quartier Saint-Martin - Oëstres;Avenue du Cimetière de La Tombelle;6.0;125;3.25906977389986;49.8401274767581;9.947440142942227;EN PLACE
Quartier Saint-Martin - Oëstres;Avenue du Cimetière de La Tombelle;6.0;130;3.25911090359249;49.8400638343986;9.947440142942227;EN PLACE
Quartier Saint-Martin - Oëstres;Avenue du Cimetière de La Tombelle;6.0;120;3.25915310813638;49.8400028958087;9.947440142942227;EN PLACE
Quartier Saint-Martin - Oëstres;Avenue du Cimetière de La Tombelle;6.0;80;3.25919935785734;49.8399329936702;9.947440142942227;EN PLACE
Quartier Saint-Martin - Oëstres;Avenue du Cimetière de La Tombelle;6.0;80;3.25924284916871;49.8398680514028;9.947440142942227;EN PLACE
Quartier Saint-Martin - Oëstres;Avenue du Cimetière de La Tombelle;7.0;120;3.25928764001266;49.8397967652032;9.947440142942227;EN PLACE
Quartier Saint-Martin - Oëstres;Avenue du Cimetière de La Tombelle;6.0;110;3.25932811395525;49.8397293562612;9.947440142942227;EN PLACE
Quartier Saint-Martin - Oëstres;Avenue du Cimetière de La Tombelle;6.0;115;3.25936790826728;49.839663838621;9.947440142942227;EN PLACE
Quartier Saint-Martin - Oëstres;Avenue du Cimetière de La Tombelle;6.0;120;3.25940813160891;49.8395998205421;9.947440142942227;EN PLACE
Quartier Saint-Martin - Oëstres;Avenue du Cimetière de La Tombelle;7.0;120;3.25946032421012;49.8395195435293;9.947440142942227;EN PLACE
Quartier Saint-Martin - Oëstres;Avenue du Cimetière de La Tombelle;7.0;115;3.25949987458409;49.83945659588;9.947440142942227;EN PLACE
Quartier Saint-Martin - Oëstres;Avenue du Cimetière de La Tombelle;7.0;110;3.25954157397788;49.8393902243523;9.947440142942227;EN PLACE
Quartier Saint-Martin - Oëstres;Avenue du Cimetière de La Tombelle;6.0;90;3.26089725320643;49.8381682752628;9.947440142942227;EN PLACE
Quartier Saint-Martin - Oëstres;Avenue du Cimetière de La Tombelle;5.0;100;3.26111724716725;49.8380806045249;9.947440142942227;EN PLACE
Quartier Saint-Martin - Oëstres;Avenue du Cimetière de La Tombelle;5.0;90;3.26123891085985;49.8380319213919;9.947440142942227;EN PLACE
Quartier Saint-Martin - Oëstres;Avenue du Cimetière de La Tombelle;6.0;95;3.261351781227;49.8379867568404;9.947440142942227;EN PLACE
Quartier Saint-Martin - Oëstres;Avenue du Cimetière de La Tombelle;6.0;95;3.26146700258412;49.8379406510238;9.947440142942227;EN PLACE
Quartier Saint-Martin - Oëstres;Avenue du Cimetière de La Tombelle;6.0;90;3.26159189205556;49.8378906755822;9.947440142942227;EN PLACE
Quartier Saint-Martin - Oëstres;Avenue du Cimetière de La Tombelle;6.0;105;3.2617083007498;49.837839214793;9.947440142942227;EN PLACE
Quartier Saint-Martin - Oëstres;Avenue du Cimetière de La Tombelle;6.0;100;3.26183811264541;49.8377872699645;9.947440142942227;EN PLACE
Quartier Saint-Martin - Oëstres;Avenue du Cimetière de La Tombelle;6.0;105;3.26248284609348;49.8375329773284;9.947440142942227;EN PLACE
Quartier Saint-Martin - Oëstres;Avenue du Cimetière de La Tombelle;6.0;110;3.26261439440819;49.8374803354738;9.947440142942227;EN PLACE
Quartier Saint-Martin - Oëstres;Rue du Général Raymond Appert;9.0;50;3.26357098730799;49.8382422064752;9.947440142942227;EN PLACE
Quartier Saint-Martin - Oëstres;Rue d'Amiens prolongée;5.0;50;3.26474874678006;49.8393410245972;9.947440142942227;EN PLACE
Quartier Saint-Martin - Oëstres;Rue d'Amiens prolongée;5.0;45;3.2646098074147;49.8392763486816;9.947440142942227;SUPPRIMÉ
Quartier Saint-Martin - Oëstres;Rue d'Amiens prolongée;5.0;40;3.26445587813482;49.8392157080746;9.947440142942227;SUPPRIMÉ
Quartier Saint-Martin - Oëstres;Rue d'Amiens prolongée;6.0;55;3.26434388544254;49.8391248948897;9.947440142942227;EN PLACE
Quartier Saint-Martin - Oëstres;Rue d'Amiens prolongée;7.0;60;3.26418608716158;49.8389997238547;9.947440142942227;EN PLACE
Quartier Saint-Martin - Oëstres;Rue Henri Farman;13.0;250;3.2585974829809;49.8361229629126;9.947440142942227;EN PLACE
Quartier Saint-Martin - Oëstres;Rue Gabriel Voisin;8.0;105;3.25769521830393;49.8361453541283;9.947440142942227;EN PLACE
Quartier Saint-Martin - Oëstres;Rue Gabriel Voisin;8.0;90;3.25759004383323;49.8361183956952;9.947440142942227;EN PLACE
Quartier Saint-Martin - Oëstres;Rue Gabriel Voisin;8.0;75;3.25748542764201;49.8360915815905;9.947440142942227;EN PLACE
Quartier Saint-Martin - Oëstres;Rue Gabriel Voisin;7.0;85;3.25737762547687;49.8360639499429;9.947440142942227;EN PLACE
Quartier Saint-Martin - Oëstres;Rue Gabriel Voisin;8.0;90;3.25728885361475;49.8360411952263;9.947440142942227;EN PLACE
Quartier Saint-Martin - Oëstres;Rue Gabriel Voisin;8.0;110;3.25719862172707;49.8360180669366;9.947440142942227;EN PLACE
Quartier Saint-Martin - Oëstres;Rue Gabriel Voisin;8.0;90;3.25709361622508;49.835991151742;9.947440142942227;EN PLACE
Quartier Saint-Martin - Oëstres;Rue Hélène Boucher;5.0;35;3.2585535071173;49.8353042798084;9.947440142942227;EN PLACE
Quartier du Vermandois;Rue de Lille;13.0;170;3.26593053420639;49.8638019876765;9.947440142942227;EN PLACE
Quartier du Vermandois;Rue de Lille;10.0;140;3.26583465040425;49.8637636976677;9.947440142942227;EN PLACE
Quartier du Vermandois;Rue de Lille;13.0;155;3.26577399710292;49.8637309406084;9.947440142942227;EN PLACE
Quartier du Vermandois;Rue de Lille;10.0;175;3.26562910486734;49.8636995446402;9.947440142942227;EN PLACE
Quartier du Vermandois;Rue de Tourcoing;12.0;155;3.26525262948468;49.8652557024948;9.947440142942227;EN PLACE
Quartier du Vermandois;Rue Salvador Allende;10.0;145;3.26390499950426;49.8595665967396;9.947440142942227;EN PLACE
Quartier du Vermandois;Rue Salvador Allende;10.0;95;3.26397851968655;49.859492221315;9.947440142942227;EN PLACE
Quartier du Vermandois;Rue Salvador Allende;9.0;110;3.26392487701747;49.8594137893041;9.947440142942227;EN PLACE
Quartier du Vermandois;Rue Salvador Allende;12.0;59;3.26377659134676;49.8595194999844;9.947440142942227;EN PLACE
Quartier du Vermandois;Rue Salvador Allende;12.0;90;3.26379133633189;49.8595473193914;9.947440142942227;EN PLACE
Quartier du Vermandois;Rue Salvador Allende;10.0;70;3.26373253941257;49.8595482354263;9.947440142942227;EN PLACE
Quartier du Vermandois;Rue Salvador Allende;12.0;120;3.26366076268982;49.8595752332082;9.947440142942227;EN PLACE
Quartier du Vermandois;Rue Salvador Allende;10.0;78;3.26363065019891;49.8595165560741;9.947440142942227;EN PLACE
Quartier du Vermandois;Rue d'Artois Terrain de jeu;9.0;60;3.27074854808952;49.8582152219344;9.947440142942227;EN PLACE
Quartier du Vermandois;Rue d'Artois Terrain de jeu;9.0;50;3.27078665807617;49.8582679172551;9.947440142942227;EN PLACE
Quartier du Vermandois;Rue d'Artois Terrain de jeu;7.0;55;3.27024212869154;49.8581229754383;9.947440142942227;EN PLACE
Quartier du Vermandois;Rue d'Artois Terrain de jeu;8.0;70;3.27041657894765;49.8580610500769;9.947440142942227;EN PLACE
Quartier du Vermandois;Parking Ecole Ferdinand Buisson;7.0;162;3.27250714396573;49.8609254819969;9.947440142942227;REMPLACÉ
Quartier du Vermandois;Parking Ecole Ferdinand Buisson;7.0;89;3.2726311733351;49.8608105510447;9.947440142942227;EN PLACE
Quartier du Vermandois;Parking Ecole Ferdinand Buisson;6.0;28;3.27279125451038;49.8608550400198;9.947440142942227;EN PLACE
Quartier du Vermandois;Parking Ecole Ferdinand Buisson;6.0;28;3.272881189563;49.8608767669573;9.947440142942227;EN PLACE
Quartier du Vermandois;Parking Ecole Ferdinand Buisson;6.0;25;3.27287860651653;49.8607578836749;9.947440142942227;EN PLACE
Quartier du Vermandois;Parking Ecole Ferdinand Buisson;5.0;22;3.27298790576498;49.8606975417324;9.947440142942227;EN PLACE
Quartier du Vermandois;Parking Ecole Ferdinand Buisson;5.0;20;3.27300676041394;49.8607381124223;9.947440142942227;EN PLACE
Quartier du Vermandois;Parking Ecole Ferdinand Buisson;5.0;22;3.27300397265924;49.8607832349602;9.947440142942227;EN PLACE
Quartier du Vermandois;Rue de Champagne;6.0;40;3.2744753529344;49.8562603927658;9.947440142942227;EN PLACE
Quartier du Vermandois;Rue de Champagne;6.0;40;3.27453921745507;49.8563743572363;9.947440142942227;EN PLACE
Quartier du Vermandois;Rue de Champagne;6.0;30;3.27458446266494;49.8564588853473;9.947440142942227;EN PLACE
Quartier du Vermandois;Rue de Champagne;6.0;30;3.27461977407936;49.8565221561497;9.947440142942227;EN PLACE
Quartier du Vermandois;Rue de Champagne;6.0;35;3.27465870319145;49.8565974612568;9.947440142942227;EN PLACE
Quartier du Vermandois;Rue de Champagne;6.0;40;3.27469888458527;49.8566726249656;9.947440142942227;EN PLACE
Quartier du Vermandois;Rue de Champagne;6.0;50;3.27475666949512;49.8567824651939;9.947440142942227;EN PLACE
Quartier du Vermandois;Rue de Champagne;6.0;40;3.27480051255767;49.8568672859834;9.947440142942227;Essouché
Quartier Saint-Martin - Oëstres;Rue Pontoile;8.0;100;3.27451752702549;49.8462178879497;9.947440142942227;EN PLACE
Quartier Saint-Martin - Oëstres;Rue Pontoile;8.0;120;3.27472768391225;49.846126262795;9.947440142942227;EN PLACE
Quartier Saint-Martin - Oëstres;Rue Alexandre Dumas;7.0;75;3.27461713394901;49.8464340339883;9.947440142942227;EN PLACE
Quartier Saint-Martin - Oëstres;Rue Alexandre Dumas;9.0;75;3.27456870861919;49.8464636245464;9.947440142942227;EN PLACE
Quartier Saint-Martin - Oëstres;Rue Alexandre Dumas;8.0;60;3.27452198244477;49.8464930061264;9.947440142942227;EN PLACE
Quartier Saint-Martin - Oëstres;Rue Alexandre Dumas;8.0;75;3.27447059132993;49.8465235772538;9.947440142942227;EN PLACE
Quartier Saint-Martin - Oëstres;Rue Alexandre Dumas;8.0;55;3.27441181672287;49.8465594898159;9.947440142942227;EN PLACE
Quartier Saint-Martin - Oëstres;Rue Alexandre Dumas;8.0;65;3.27436115476869;49.8465904457831;9.947440142942227;EN PLACE
Quartier Saint-Martin - Oëstres;Rue Alexandre Dumas;8.0;85;3.27431064932456;49.8466213060625;9.947440142942227;EN PLACE
Quartier Saint-Martin - Oëstres;Rue Alexandre Dumas;8.0;70;3.27425195068508;49.8466571707151;9.947440142942227;EN PLACE
Quartier Saint-Martin - Oëstres;Rue Alexandre Dumas;8.0;70;3.27420113473557;49.846688222271;9.947440142942227;EN PLACE
Quartier Saint-Martin - Oëstres;Rue Alexandre Dumas;8.0;70;3.27414916609094;49.8467187694296;9.947440142942227;EN PLACE
Quartier Saint-Martin - Oëstres;Rue Alexandre Dumas;8.0;80;3.2741020866058;49.8467479610636;9.947440142942227;EN PLACE
Quartier Saint-Martin - Oëstres;Rue Alexandre Dumas;8.0;65;3.27404805739075;49.8467817540774;9.947440142942227;EN PLACE
Quartier Saint-Martin - Oëstres;Rue Alexandre Dumas;8.0;75;3.27399859215659;49.8468119788568;9.947440142942227;EN PLACE
Quartier Saint-Martin - Oëstres;Rue Alexandre Dumas;8.0;65;3.27394949613438;49.8468411068063;9.947440142942227;EN PLACE
Quartier Saint-Martin - Oëstres;Rue Alexandre Dumas;8.0;75;3.27381268942123;49.8469244769806;9.947440142942227;EN PLACE
Quartier Saint-Martin - Oëstres;Rue Alexandre Dumas;8.0;70;3.2737619782164;49.8469554624662;9.947440142942227;EN PLACE
Quartier Saint-Martin - Oëstres;Rue Alexandre Dumas;8.0;70;3.27371674572618;49.8469830996656;9.947440142942227;EN PLACE
Quartier Saint-Martin - Oëstres;Rue Alexandre Dumas;8.0;70;3.27366682282373;49.8470136031764;9.947440142942227;EN PLACE
Quartier Saint-Martin - Oëstres;Rue Alexandre Dumas;8.0;60;3.27360506515852;49.8470513374679;9.947440142942227;EN PLACE
Quartier Saint-Martin - Oëstres;Rue Alexandre Dumas;8.0;110;3.27351624015295;49.8471040734708;9.947440142942227;EN PLACE
Quartier Saint-Martin - Oëstres;Rue Alexandre Dumas;8.0;80;3.27345412001037;49.8471411728942;9.947440142942227;EN PLACE
Quartier Saint-Martin - Oëstres;Rue Alexandre Dumas;10.0;125;3.27309983483856;49.8473585329085;9.947440142942227;EN PLACE
Quartier Saint-Martin - Oëstres;Rue Alexandre Dumas;8.0;70;3.27304528863407;49.8473918609414;9.947440142942227;EN PLACE
Quartier Saint-Martin - Oëstres;Rue Alexandre Dumas;8.0;90;3.27299601199507;49.8474219679719;9.947440142942227;EN PLACE
Quartier Saint-Martin - Oëstres;Rue Alexandre Dumas;8.0;90;3.2729519561846;49.8474445863117;9.947440142942227;EN PLACE
Quartier Saint-Martin - Oëstres;Rue Alexandre Dumas;8.0;80;3.27289595257504;49.8474793957064;9.947440142942227;EN PLACE
Quartier Saint-Martin - Oëstres;Rue Alexandre Dumas;8.0;80;3.27285922898726;49.8475026802476;9.947440142942227;EN PLACE
Quartier Saint-Martin - Oëstres;Rue Alexandre Dumas;8.0;115;3.2728035491822;49.847539237504;9.947440142942227;EN PLACE
Quartier Saint-Martin - Oëstres;Rue Alexandre Dumas;8.0;75;3.2727541520799;49.8475604791413;9.947440142942227;EN PLACE
Quartier Saint-Martin - Oëstres;Rue Alexandre Dumas;8.0;85;3.27270830363976;49.8475908181307;9.947440142942227;EN PLACE
Quartier Saint-Martin - Oëstres;Rue Alexandre Dumas;8.0;100;3.27260135614681;49.8476601030446;9.947440142942227;EN PLACE
Quartier Saint-Martin - Oëstres;Rue Alexandre Dumas;9.0;80;3.27255873018756;49.8476861469043;9.947440142942227;EN PLACE
Quartier Saint-Martin - Oëstres;Rue Alexandre Dumas;8.0;85;3.27249048120107;49.8477214897969;9.947440142942227;EN PLACE
Quartier Saint-Martin - Oëstres;Rue Alexandre Dumas;8.0;95;3.27244120528127;49.847751596587;9.947440142942227;EN PLACE
Quartier Saint-Martin - Oëstres;Rue Alexandre Dumas;8.0;65;3.27239125309233;49.8477821166916;9.947440142942227;EN PLACE
Quartier Saint-Martin - Oëstres;Rue Alexandre Dumas;8.0;80;3.27234847310486;49.847808254332;9.947440142942227;EN PLACE
Quartier Saint-Martin - Oëstres;Rue Alexandre Dumas;8.0;80;3.2722964843571;49.8478378539934;9.947440142942227;EN PLACE
Quartier Saint-Martin - Oëstres;Rue Alexandre Dumas;8.0;60;3.27224350426947;49.847870222318;9.947440142942227;EN PLACE
Quartier Saint-Martin - Oëstres;Rue Alexandre Dumas;8.0;80;3.27218916209494;49.8479034424826;9.947440142942227;EN PLACE
Quartier Saint-Martin - Oëstres;Rue Alexandre Dumas;6.0;55;3.27210934599707;49.8479455593632;9.947440142942227;EN PLACE
Quartier Saint-Martin - Oëstres;Rue Alexandre Dumas;7.0;55;3.27207037068608;49.8479726105103;9.947440142942227;EN PLACE
Quartier Saint-Martin - Oëstres;Rue Alexandre Dumas;9.0;90;3.27203044221879;49.8480017928115;9.947440142942227;EN PLACE
Quartier Saint-Martin - Oëstres;Rue Alexandre Dumas;8.0;70;3.27193975298874;49.8480572012015;9.947440142942227;EN PLACE
Quartier Saint-Martin - Oëstres;Rue Alexandre Dumas;11.0;160;3.2698211730336;49.8490972457683;9.947440142942227;EN PLACE
Quartier Saint-Martin - Oëstres;Rue Alexandre Dumas;10.0;135;3.27058789402307;49.8486154614151;9.947440142942227;ABATTU
Quartier Saint-Martin - Oëstres;Rue Alexandre Dumas;9.0;125;3.27087798930188;49.8484383424576;9.947440142942227;EN PLACE
Quartier Saint-Martin - Oëstres;Rue Alexandre Dumas;7.0;130;3.27116810026697;49.8482473260601;9.947440142942227;EN PLACE
Quartier Saint-Martin - Oëstres;Rue Alexandre Dumas;9.0;65;3.27127743532924;49.848183282038;9.947440142942227;EN PLACE
Quartier Saint-Martin - Oëstres;Rue Alexandre Dumas;13.0;210;3.27181017024683;49.8478747938223;9.947440142942227;EN PLACE
Quartier Saint-Martin - Oëstres;Rue Alexandre Dumas;13.0;175;3.27190243916859;49.8478184567428;9.947440142942227;EN PLACE
Quartier Saint-Martin - Oëstres;Rue Alexandre Dumas;8.0;140;3.27199657142584;49.8477581855085;9.947440142942227;SUPPRIMÉ
Quartier Saint-Martin - Oëstres;Rue Alexandre Dumas;14.0;140;3.27231987160987;49.8475641206159;9.947440142942227;EN PLACE
Quartier Saint-Martin - Oëstres;Rue Alexandre Dumas;14.0;155;3.27240420362634;49.8475126285614;9.947440142942227;EN PLACE
Quartier Saint-Martin - Oëstres;Rue Alexandre Dumas;18.0;210;3.27249885175571;49.8474548362061;9.947440142942227;EN PLACE
Quartier Saint-Martin - Oëstres;Rue Alexandre Dumas;9.0;140;3.2726108301685;49.847386463025;9.947440142942227;EN PLACE
Quartier Saint-Martin - Oëstres;Rue Alexandre Dumas;13.0;145;3.27281639562532;49.8472609451021;9.947440142942227;EN PLACE
Quartier Saint-Martin - Oëstres;Rue Alexandre Dumas;13.0;180;3.27290213485053;49.847201917137;9.947440142942227;EN PLACE
Quartier Saint-Martin - Oëstres;Rue Alexandre Dumas;13.0;145;3.27301803633979;49.8471349072934;9.947440142942227;EN PLACE
Quartier Saint-Martin - Oëstres;Rue Alexandre Dumas;16.0;160;3.27317537895422;49.8470365192277;9.947440142942227;EN PLACE
Quartier Saint-Martin - Oëstres;Rue Alexandre Dumas;13.0;150;3.27347462319998;49.8468583384887;9.947440142942227;EN PLACE
Quartier Saint-Martin - Oëstres;Rue Alexandre Dumas;10.0;150;3.27357350468503;49.8467979595934;9.947440142942227;Essouché
Quartier Saint-Martin - Oëstres;Rue Alexandre Dumas;15.0;150;3.27377588784351;49.8466810863738;9.947440142942227;EN PLACE
Quartier Saint-Martin - Oëstres;Rue Alexandre Dumas;13.0;155;3.27387809131395;49.8466186774958;9.947440142942227;EN PLACE
Quartier Saint-Martin - Oëstres;Rue Alexandre Dumas;8.0;105;3.27407788225354;49.8464937353845;9.947440142942227;EN PLACE
Quartier Saint-Martin - Oëstres;Rue Alexandre Dumas;17.0;210;3.274174188975;49.8464418598421;9.947440142942227;EN PLACE
Quartier Saint-Martin - Oëstres;Rue Alexandre Dumas;13.0;125;3.27427452780045;49.8463805886723;9.947440142942227;EN PLACE
Quartier Saint-Martin - Oëstres;Rue Alexandre Dumas;15.0;200;3.27439231076625;49.8463095974255;9.947440142942227;EN PLACE
Quartier Saint-Martin - Oëstres;Boulevard de Verdun;10.0;110;3.27659126250252;49.8450831722273;9.947440142942227;SUPPRIMÉ
Quartier Saint-Martin - Oëstres;Boulevard de Verdun;9.0;80;3.27652515418878;49.8451296319874;9.947440142942227;SUPPRIMÉ
Quartier Saint-Martin - Oëstres;Boulevard de Verdun;10.0;110;3.27641768936679;49.8452108143924;9.947440142942227;SUPPRIMÉ
Quartier Saint-Martin - Oëstres;Boulevard de Verdun;8.0;70;3.27634754578527;49.8452599420555;9.947440142942227;SUPPRIMÉ
Quartier Saint-Martin - Oëstres;Boulevard de Verdun;10.0;70;3.27627899893633;49.8453193412146;9.947440142942227;SUPPRIMÉ
Quartier Saint-Martin - Oëstres;Boulevard de Verdun;9.0;50;3.27619572137313;49.8453806710959;9.947440142942227;SUPPRIMÉ
Quartier Saint-Martin - Oëstres;Boulevard de Verdun;9.0;65;3.27613201373811;49.8454274477394;9.947440142942227;SUPPRIMÉ
Quartier Saint-Martin - Oëstres;Boulevard de Verdun;10.0;90;3.27605710187257;49.8454824518714;9.947440142942227;SUPPRIMÉ
Quartier Saint-Martin - Oëstres;Boulevard de Verdun;9.0;70;3.27594380753376;49.8455594669304;9.947440142942227;SUPPRIMÉ
Quartier Saint-Martin - Oëstres;Boulevard de Verdun;10.0;100;3.27579085844922;49.8456671896494;9.947440142942227;SUPPRIMÉ
Quartier Saint-Martin - Oëstres;Boulevard de Verdun;9.0;80;3.27571620752115;49.8457220005457;9.947440142942227;SUPPRIMÉ
Quartier Saint-Martin - Oëstres;Boulevard de Verdun;9.0;70;3.27563725031113;49.8457799762862;9.947440142942227;SUPPRIMÉ
Quartier Saint-Martin - Oëstres;Boulevard de Verdun;8.0;65;3.27557436320971;49.8458264881661;9.947440142942227;SUPPRIMÉ
Quartier Saint-Martin - Oëstres;Boulevard de Verdun;8.0;65;3.27550964328342;49.8458712187901;9.947440142942227;SUPPRIMÉ
Quartier Saint-Martin - Oëstres;Boulevard de Verdun;9.0;80;3.2753480793964;49.8459960746321;9.947440142942227;SUPPRIMÉ
Quartier Saint-Martin - Oëstres;Boulevard de Verdun;10.0;95;3.27527488963658;49.8460460925476;9.947440142942227;SUPPRIMÉ
Quartier Saint-Martin - Oëstres;Boulevard de Verdun;10.0;100;3.27519778406115;49.8461027159576;9.947440142942227;SUPPRIMÉ
Quartier Saint-Martin - Oëstres;Boulevard de Verdun;11.0;115;3.27513434858934;49.8461520006635;9.947440142942227;SUPPRIMÉ
Quartier Saint-Martin - Oëstres;Boulevard de Verdun;17.0;235;3.2748528740101;49.8460961292503;9.947440142942227;SUPPRIMÉ
Quartier Saint-Martin - Oëstres;Boulevard de Verdun;17.0;180;3.27494161370617;49.8460309764635;9.947440142942227;EN PLACE
Quartier Saint-Martin - Oëstres;Boulevard de Verdun;17.0;200;3.27502528680103;49.8459695404803;9.947440142942227;EN PLACE
Quartier Saint-Martin - Oëstres;Boulevard de Verdun;17.0;190;3.27509492449042;49.8459227586483;9.947440142942227;EN PLACE
Quartier Saint-Martin - Oëstres;Boulevard de Verdun;17.0;180;3.27516219288265;49.845869020948;9.947440142942227;EN PLACE
Quartier Saint-Martin - Oëstres;Boulevard de Verdun;17.0;195;3.27524406127513;49.8458089106434;9.947440142942227;EN PLACE
Quartier Saint-Martin - Oëstres;Boulevard de Verdun;17.0;180;3.27532377638801;49.8457503804733;9.947440142942227;EN PLACE
Quartier Saint-Martin - Oëstres;Boulevard de Verdun;17.0;180;3.27539216460231;49.845702787745;9.947440142942227;EN PLACE
Quartier Saint-Martin - Oëstres;Boulevard de Verdun;17.0;175;3.27546090345828;49.8456493224273;9.947440142942227;EN PLACE
Quartier Saint-Martin - Oëstres;Boulevard de Verdun;17.0;185;3.27553215882718;49.8455973786553;9.947440142942227;EN PLACE
Quartier Saint-Martin - Oëstres;Boulevard de Verdun;17.0;190;3.27560625592576;49.8455429737478;9.947440142942227;EN PLACE
Quartier Saint-Martin - Oëstres;Boulevard de Verdun;17.0;210;3.2756774728952;49.8454906838386;9.947440142942227;EN PLACE
Quartier Saint-Martin - Oëstres;Boulevard de Verdun;17.0;210;3.27575290857149;49.8454352948233;9.947440142942227;EN PLACE
Quartier Saint-Martin - Oëstres;Boulevard de Verdun;17.0;215;3.27582042836042;49.8453857187642;9.947440142942227;EN PLACE
Quartier Saint-Martin - Oëstres;Rue de la Chaussée Romaine;7.0;170;3.26713926896628;49.847727875899;9.947440142942227;EN PLACE
Quartier Saint-Martin - Oëstres;Rue de la Chaussée Romaine;7.0;170;3.26701281213914;49.8477568065183;9.947440142942227;EN PLACE
Quartier Saint-Martin - Oëstres;Rue de la Chaussée Romaine;7.0;175;3.26676034119193;49.8478166451568;9.947440142942227;Non essouché
Quartier Saint-Martin - Oëstres;Rue de la Chaussée Romaine;7.0;150;3.26662231378144;49.8478487519265;9.947440142942227;EN PLACE
Quartier Saint-Martin - Oëstres;Rue de la Chaussée Romaine;7.0;140;3.26649727342125;49.8478777354111;9.947440142942227;EN PLACE
Quartier Saint-Martin - Oëstres;Rue de la Chaussée Romaine;7.0;160;3.26624275126508;49.8479400364976;9.947440142942227;EN PLACE
Quartier Saint-Martin - Oëstres;Rue de la Chaussée Romaine;7.0;155;3.26610415824456;49.8479746280218;9.947440142942227;EN PLACE
Quartier Saint-Martin - Oëstres;Rue de la Chaussée Romaine;7.0;120;3.26597974192385;49.8480013726932;9.947440142942227;SUPPRIMÉ
Quartier Saint-Martin - Oëstres;Rue de la Chaussée Romaine;7.0;145;3.26519446150048;49.8481869749699;9.947440142942227;EN PLACE
Quartier Saint-Martin - Oëstres;Rue de la Chaussée Romaine;7.0;145;3.26506191232798;49.8482176820797;9.947440142942227;EN PLACE
Quartier Saint-Martin - Oëstres;Rue de la Chaussée Romaine;7.0;140;3.2645456727826;49.8483429589522;9.947440142942227;EN PLACE
Quartier Saint-Martin - Oëstres;Rue de la Chaussée Romaine;7.0;120;3.2644191620568;49.848372267184;9.947440142942227;EN PLACE
Quartier Saint-Martin - Oëstres;Rue de la Chaussée Romaine;7.0;130;3.26429095979587;49.8484019674776;9.947440142942227;EN PLACE
Quartier Saint-Martin - Oëstres;Rue de la Chaussée Romaine;7.0;175;3.26415585963775;49.8484352829593;9.947440142942227;EN PLACE
Quartier Saint-Martin - Oëstres;Rue de la Chaussée Romaine;7.0;150;3.26388579933914;49.8484978008703;9.947440142942227;EN PLACE
Quartier Saint-Martin - Oëstres;Rue de la Chaussée Romaine;7.0;130;3.26375472872436;49.8485284033782;9.947440142942227;EN PLACE
Quartier Saint-Martin - Oëstres;Rue de la Chaussée Romaine;7.0;145;3.26363676768889;49.8485558448999;9.947440142942227;EN PLACE
Quartier Saint-Martin - Oëstres;Rue de la Chaussée Romaine;7.0;195;3.26349259699187;49.8485878421914;9.947440142942227;EN PLACE
Quartier Saint-Martin - Oëstres;Rue de la Chaussée Romaine;7.0;160;3.26310506814907;49.8486746463698;9.947440142942227;Essouché
Quartier Saint-Martin - Oëstres;Rue de la Chaussée Romaine;7.0;125;3.26297358437873;49.8487038311207;9.947440142942227;EN PLACE
Quartier Saint-Martin - Oëstres;Rue de la Chaussée Romaine;7.0;130;3.26286634385028;49.8487276354564;9.947440142942227;EN PLACE
Quartier Saint-Martin - Oëstres;Rue de la Chaussée Romaine;7.0;130;3.26272327483625;49.8487593910829;9.947440142942227;EN PLACE
Quartier Saint-Martin - Oëstres;Rue de la Chaussée Romaine;7.0;125;3.26259727479659;49.8487873584079;9.947440142942227;EN PLACE
Quartier Saint-Martin - Oëstres;Rue de la Chaussée Romaine;7.0;130;3.26203640600274;49.8488987698035;9.947440142942227;SUPPRIMÉ
Quartier Saint-Martin - Oëstres;Rue de la Chaussée Romaine;7.0;140;3.26189216330822;49.8489262547333;9.947440142942227;EN PLACE
Quartier Saint-Martin - Oëstres;Rue de la Chaussée Romaine;7.0;150;3.26176987853334;49.848948933641;9.947440142942227;EN PLACE
Quartier Saint-Martin - Oëstres;Rue de la Chaussée Romaine;7.0;140;3.26163832760599;49.8489754558431;9.947440142942227;EN PLACE
Quartier Saint-Martin - Oëstres;Rue de la Chaussée Romaine;7.0;130;3.26136021581867;49.8490266622901;9.947440142942227;EN PLACE
Quartier Saint-Martin - Oëstres;Rue de la Chaussée Romaine;7.0;195;3.26124331826011;49.8490480115421;9.947440142942227;EN PLACE
Quartier Saint-Martin - Oëstres;Rue de la Chaussée Romaine;7.0;160;3.26110728768847;49.8490728546938;9.947440142942227;EN PLACE
Quartier Saint-Martin - Oëstres;Rue de la Chaussée Romaine;7.0;120;3.26096620522991;49.8490976244057;9.947440142942227;EN PLACE
Quartier Saint-Martin - Oëstres;Rue de la Chaussée Romaine;7.0;170;3.26083780033608;49.8491210747429;9.947440142942227;EN PLACE
Quartier Saint-Martin - Oëstres;Rue de la Chaussée Romaine;7.0;135;3.26070608504091;49.8491422235231;9.947440142942227;EN PLACE
Quartier Saint-Martin - Oëstres;Rue de la Chaussée Romaine;7.0;160;3.26056479493335;49.8491680262235;9.947440142942227;EN PLACE
Quartier Saint-Martin - Oëstres;Rue de la Chaussée Romaine;7.0;170;3.26044862039697;49.8491892427142;9.947440142942227;EN PLACE
Quartier Saint-Martin - Oëstres;Rue de la Chaussée Romaine;7.0;175;3.26016761874733;49.8492400122009;9.947440142942227;EN PLACE
Quartier Saint-Martin - Oëstres;Rue de la Chaussée Romaine;7.0;175;3.2599110555932;49.8492857434652;9.947440142942227;EN PLACE
Quartier Saint-Martin - Oëstres;Rue de la Chaussée Romaine;7.0;150;3.25977113680541;49.8493109838596;9.947440142942227;EN PLACE
Quartier Saint-Martin - Oëstres;Rue de la Chaussée Romaine;7.0;140;3.25965016094373;49.8493330759683;9.947440142942227;EN PLACE
Quartier Saint-Martin - Oëstres;Rue de la Chaussée Romaine;7.0;160;3.2593756009659;49.8493854458025;9.947440142942227;EN PLACE
Quartier Saint-Martin - Oëstres;Rue de la Chaussée Romaine;7.0;160;3.25924660419854;49.849409001789;9.947440142942227;EN PLACE
Quartier Saint-Martin - Oëstres;Rue de la Chaussée Romaine;7.0;135;3.25898550780566;49.8494570803678;9.947440142942227;EN PLACE
Quartier Saint-Martin - Oëstres;Rue de la Chaussée Romaine;7.0;135;3.2588569704506;49.8494805521984;9.947440142942227;EN PLACE
Quartier Saint-Martin - Oëstres;Rue de la Chaussée Romaine;7.0;160;3.25872264882663;49.8495050804342;9.947440142942227;EN PLACE
Quartier Saint-Martin - Oëstres;Rue de la Chaussée Romaine;7.0;200;3.25868053371501;49.8494313466452;9.947440142942227;EN PLACE
Quartier Saint-Martin - Oëstres;Rue de la Chaussée Romaine;7.0;180;3.2588258808035;49.8494067474;9.947440142942227;EN PLACE
Quartier Saint-Martin - Oëstres;Rue de la Chaussée Romaine;7.0;190;3.25895566815136;49.8493830471831;9.947440142942227;EN PLACE
Quartier Saint-Martin - Oëstres;Rue de la Chaussée Romaine;7.0;160;3.25909478998139;49.8493576422976;9.947440142942227;EN PLACE
Quartier Saint-Martin - Oëstres;Rue de la Chaussée Romaine;7.0;180;3.25947833198484;49.8492873299644;9.947440142942227;EN PLACE
Quartier Saint-Martin - Oëstres;Rue de la Chaussée Romaine;7.0;145;3.25962433645244;49.8492615172507;9.947440142942227;EN PLACE
Quartier Saint-Martin - Oëstres;Rue de la Chaussée Romaine;7.0;170;3.25974807223404;49.8492389209865;9.947440142942227;EN PLACE
Quartier Saint-Martin - Oëstres;Rue de la Chaussée Romaine;7.0;105;3.26013742779788;49.8491742522674;9.947440142942227;EN PLACE
Quartier Saint-Martin - Oëstres;Rue de la Chaussée Romaine;7.0;135;3.26026397187747;49.8491464338309;9.947440142942227;EN PLACE
Quartier Saint-Martin - Oëstres;Rue de la Chaussée Romaine;7.0;150;3.26040723170215;49.8491205201363;9.947440142942227;EN PLACE
Quartier Saint-Martin - Oëstres;Rue de la Chaussée Romaine;7.0;115;3.26052846639086;49.8490986298551;9.947440142942227;EN PLACE
Quartier Saint-Martin - Oëstres;Rue de la Chaussée Romaine;7.0;170;3.26079690639659;49.8490492602569;9.947440142942227;EN PLACE
Quartier Saint-Martin - Oëstres;Rue de la Chaussée Romaine;7.0;115;3.26093339475173;49.8490242024729;9.947440142942227;EN PLACE
Quartier Saint-Martin - Oëstres;Rue de la Chaussée Romaine;7.0;140;3.261204086767;49.8489741166835;9.947440142942227;EN PLACE
Quartier Saint-Martin - Oëstres;Rue de la Chaussée Romaine;7.0;125;3.26146522214433;49.8489251061401;9.947440142942227;EN PLACE
Quartier Saint-Martin - Oëstres;Rue de la Chaussée Romaine;7.0;170;3.26159158342003;49.8489015985307;9.947440142942227;EN PLACE
Quartier Saint-Martin - Oëstres;Rue de la Chaussée Romaine;7.0;100;3.26200083371988;49.8488234519277;9.947440142942227;EN PLACE
Quartier Saint-Martin - Oëstres;Rue de la Chaussée Romaine;7.0;115;3.26212305366095;49.8487999062352;9.947440142942227;EN PLACE
Quartier Saint-Martin - Oëstres;Rue de la Chaussée Romaine;7.0;140;3.26228119261947;49.8487708049454;9.947440142942227;EN PLACE
Quartier Saint-Martin - Oëstres;Rue de la Chaussée Romaine;7.0;160;3.26242162010205;49.8487439744811;9.947440142942227;EN PLACE
Quartier Saint-Martin - Oëstres;Rue de la Chaussée Romaine;16.0;265;3.26255586016914;49.8487101279911;9.947440142942227;EN PLACE
Quartier Saint-Martin - Oëstres;Rue de la Chaussée Romaine;15.0;185;3.26264632595627;49.848683262432;9.947440142942227;EN PLACE
Quartier Saint-Martin - Oëstres;Rue de la Chaussée Romaine;16.0;215;3.26276339134377;49.8486553582041;9.947440142942227;Essouché
Quartier Saint-Martin - Oëstres;Rue de la Chaussée Romaine;14.0;195;3.26288496981103;49.8486123927084;9.947440142942227;EN PLACE
Quartier Saint-Martin - Oëstres;Rue de la Chaussée Romaine;12.0;225;3.26300564912927;49.8485765549934;9.947440142942227;EN PLACE
Quartier Saint-Martin - Oëstres;Rue de la Chaussée Romaine;12.0;155;3.26311399151021;49.8485661772127;9.947440142942227;EN PLACE
Quartier Saint-Martin - Oëstres;Rue de la Chaussée Romaine;7.0;130;3.26319618862236;49.8485770189569;9.947440142942227;EN PLACE
Quartier Saint-Martin - Oëstres;Rue de la Chaussée Romaine;7.0;140;3.26333612604952;49.8485406756132;9.947440142942227;EN PLACE
Quartier Saint-Martin - Oëstres;Rue de la Chaussée Romaine;7.0;155;3.26345792896664;49.8485119563097;9.947440142942227;EN PLACE
Quartier Saint-Martin - Oëstres;Rue de la Chaussée Romaine;7.0;120;3.26358327828637;49.8484831722767;9.947440142942227;EN PLACE
Quartier Saint-Martin - Oëstres;Rue de la Chaussée Romaine;7.0;165;3.26371194404662;49.8484531876165;9.947440142942227;EN PLACE
Quartier Saint-Martin - Oëstres;Rue de la Chaussée Romaine;7.0;130;3.26384236251063;49.8484231242543;9.947440142942227;EN PLACE
Quartier Saint-Martin - Oëstres;Rue de la Chaussée Romaine;7.0;175;3.26397793760848;49.8483930302719;9.947440142942227;EN PLACE
Quartier Saint-Martin - Oëstres;Rue de la Chaussée Romaine;7.0;175;3.26425313296483;49.8483296734577;9.947440142942227;EN PLACE
Quartier Saint-Martin - Oëstres;Rue de la Chaussée Romaine;7.0;155;3.26437726718766;49.848300306024;9.947440142942227;EN PLACE
Quartier Saint-Martin - Oëstres;Rue de la Chaussée Romaine;7.0;120;3.26450934886382;49.8482694182352;9.947440142942227;EN PLACE
Quartier Saint-Martin - Oëstres;Rue de la Chaussée Romaine;7.0;180;3.26464434017103;49.8482392519714;9.947440142942227;EN PLACE
Quartier Saint-Martin - Oëstres;Rue de la Chaussée Romaine;7.0;150;3.26477158536126;49.8482088063336;9.947440142942227;EN PLACE
Quartier Saint-Martin - Oëstres;Rue de la Chaussée Romaine;7.0;155;3.26516224741381;49.8481151117883;9.947440142942227;EN PLACE
Quartier Saint-Martin - Oëstres;Rue de la Chaussée Romaine;7.0;160;3.2652829210249;49.8480862106241;9.947440142942227;EN PLACE
Quartier Saint-Martin - Oëstres;Rue de la Chaussée Romaine;7.0;125;3.26542239093075;49.8480539439413;9.947440142942227;EN PLACE
Quartier Saint-Martin - Oëstres;Rue de la Chaussée Romaine;7.0;165;3.26592842073592;49.8479308835991;9.947440142942227;SUPPRIMÉ
Quartier Saint-Martin - Oëstres;Rue de la Chaussée Romaine;7.0;170;3.2660770501215;49.8478953821703;9.947440142942227;EN PLACE
Quartier Saint-Martin - Oëstres;Rue de la Chaussée Romaine;7.0;160;3.26658672545872;49.8477782939129;9.947440142942227;EN PLACE
Quartier Saint-Martin - Oëstres;Rue de la Chaussée Romaine;7.0;160;3.26671479637083;49.8477487703076;9.947440142942227;EN PLACE
Quartier Saint-Martin - Oëstres;Rue de la Chaussée Romaine;7.0;165;3.2668527327908;49.8477173801794;9.947440142942227;EN PLACE
Quartier Saint-Martin - Oëstres;Rue de la Chaussée Romaine;7.0;145;3.26697604188335;49.8476887185147;9.947440142942227;EN PLACE
Quartier Saint-Martin - Oëstres;Rue de la Chaussée Romaine;7.0;160;3.26710260305971;49.8476582961667;9.947440142942227;EN PLACE
Quartier Saint-Martin - Oëstres;Square Romain Tricoteaux;11.0;103;3.27784841417097;49.8433023010655;9.947440142942227;EN PLACE
Quartier Saint-Martin - Oëstres;Square Romain Tricoteaux;13.0;93;3.27780339631999;49.8433115905624;9.947440142942227;EN PLACE
Quartier Saint-Martin - Oëstres;Square Romain Tricoteaux;11.0;90;3.27779296912736;49.8432859786666;9.947440142942227;EN PLACE
Quartier Saint-Martin - Oëstres;Square Romain Tricoteaux;8.0;90;3.27775141512838;49.8432791812359;9.947440142942227;EN PLACE
Quartier Saint-Martin - Oëstres;Square Romain Tricoteaux;5.0;55;3.27771093701776;49.8432691581308;9.947440142942227;EN PLACE
Quartier Saint-Martin - Oëstres;Square Romain Tricoteaux;8.0;45;3.27772308112872;49.84329796661;9.947440142942227;EN PLACE
Quartier Saint-Martin - Oëstres;Square Romain Tricoteaux;8.0;80;3.27772253096124;49.8433294888014;9.947440142942227;EN PLACE
Quartier Saint-Martin - Oëstres;Square Romain Tricoteaux;8.0;65;3.27768538270344;49.8433175428214;9.947440142942227;EN PLACE
Quartier Saint-Martin - Oëstres;Square Romain Tricoteaux;10.0;115;3.27765667193002;49.8432881540745;9.947440142942227;EN PLACE
Quartier Saint-Martin - Oëstres;Square Romain Tricoteaux;10.0;180;3.27762030059327;49.8432623922465;9.947440142942227;EN PLACE
Quartier Saint-Martin - Oëstres;Square Romain Tricoteaux;9.0;65;3.27754647228904;49.8432701395674;9.947440142942227;EN PLACE
Quartier Saint-Martin - Oëstres;Square Romain Tricoteaux;10.0;55;3.27759383979647;49.8432893941241;9.947440142942227;EN PLACE
Quartier Saint-Martin - Oëstres;Square Romain Tricoteaux;10.0;70;3.27761983983333;49.8433212913687;9.947440142942227;EN PLACE
Quartier Saint-Martin - Oëstres;Square Romain Tricoteaux;6.0;65;3.27766882241887;49.8433458707778;9.947440142942227;EN PLACE
Quartier Saint-Martin - Oëstres;Square Romain Tricoteaux;9.0;85;3.27761602557307;49.8433523708515;9.947440142942227;EN PLACE
Quartier Saint-Martin - Oëstres;Square Romain Tricoteaux;10.0;85;3.2775664581886;49.8433288590831;9.947440142942227;EN PLACE
Quartier Saint-Martin - Oëstres;Square Romain Tricoteaux;10.0;85;3.27752237858837;49.8433088667097;9.947440142942227;EN PLACE
Quartier Saint-Martin - Oëstres;Square Romain Tricoteaux;6.0;45;3.27748306905094;49.8432731484514;9.947440142942227;EN PLACE
Quartier Saint-Martin - Oëstres;Square Romain Tricoteaux;10.0;60;3.2774946039731;49.8433280058327;9.947440142942227;EN PLACE
Quartier Saint-Martin - Oëstres;Square Romain Tricoteaux;9.0;60;3.27743736381957;49.8432781572307;9.947440142942227;EN PLACE
Quartier Saint-Martin - Oëstres;Square Romain Tricoteaux;10.0;120;3.2773823952633;49.8432607564434;9.947440142942227;EN PLACE
Quartier Saint-Martin - Oëstres;Square Romain Tricoteaux;10.0;75;3.27739259721426;49.8432745930772;9.947440142942227;EN PLACE
Quartier Saint-Martin - Oëstres;Square Romain Tricoteaux;10.0;90;3.2774269470593;49.8433106943968;9.947440142942227;EN PLACE
Quartier Saint-Martin - Oëstres;Square Romain Tricoteaux;10.0;110;3.27747820256697;49.8433645399656;9.947440142942227;EN PLACE
Quartier Saint-Martin - Oëstres;Square Romain Tricoteaux;12.0;115;3.27746804954863;49.8433817530076;9.947440142942227;EN PLACE
Quartier Saint-Martin - Oëstres;Square Romain Tricoteaux;10.0;90;3.27739253101022;49.8433288170751;9.947440142942227;EN PLACE
Quartier Saint-Martin - Oëstres;Square Romain Tricoteaux;9.0;75;3.27733880725449;49.8432903529488;9.947440142942227;EN PLACE
Quartier Saint-Martin - Oëstres;Square Romain Tricoteaux;10.0;80;3.27729436336894;49.8433035589785;9.947440142942227;EN PLACE
Quartier Saint-Martin - Oëstres;Square Romain Tricoteaux;18.0;230;3.27723875294664;49.8433854423484;9.947440142942227;EN PLACE
Quartier Saint-Martin - Oëstres;Square Romain Tricoteaux;16.0;170;3.27714891413685;49.8433961185914;9.947440142942227;EN PLACE
Quartier Saint-Martin - Oëstres;Square Romain Tricoteaux;19.0;180;3.27721241844453;49.8434220565415;9.947440142942227;EN PLACE
Quartier Saint-Martin - Oëstres;Square Romain Tricoteaux;21.0;240;3.27714699678888;49.8434396733687;9.947440142942227;EN PLACE
Quartier Saint-Martin - Oëstres;Square Romain Tricoteaux;4.0;40;3.2771498955777;49.8433611358205;9.947440142942227;EN PLACE
Quartier Saint-Martin - Oëstres;Square Romain Tricoteaux;4.0;40;3.27711886579426;49.8433831559204;9.947440142942227;EN PLACE
Quartier Saint-Martin - Oëstres;Square Romain Tricoteaux;5.0;65;3.27708729784204;49.8434058947285;9.947440142942227;EN PLACE
Quartier Saint-Martin - Oëstres;Square Romain Tricoteaux;10.0;95;3.27703950433017;49.8435279320455;9.947440142942227;EN PLACE
Quartier Saint-Martin - Oëstres;Square Romain Tricoteaux;11.0;85;3.27703899355133;49.8435586288035;9.947440142942227;EN PLACE
Quartier Saint-Martin - Oëstres;Square Romain Tricoteaux;12.0;70;3.27700676693146;49.8436014072908;9.947440142942227;EN PLACE
Quartier Saint-Martin - Oëstres;Square Romain Tricoteaux;12.0;140;3.27702224707996;49.8436723026408;9.947440142942227;EN PLACE
Quartier Saint-Martin - Oëstres;Square Romain Tricoteaux;10.0;60;3.27705606661493;49.8437112490266;9.947440142942227;EN PLACE
Quartier Saint-Martin - Oëstres;Square Romain Tricoteaux;9.0;40;3.27709835279497;49.8436984545566;9.947440142942227;EN PLACE
Quartier Saint-Martin - Oëstres;Square Romain Tricoteaux;10.0;90;3.27709164262629;49.8437591557376;9.947440142942227;EN PLACE
Quartier Saint-Martin - Oëstres;Square Romain Tricoteaux;12.0;110;3.27713601883903;49.8437373271075;9.947440142942227;EN PLACE
Quartier Saint-Martin - Oëstres;Square Romain Tricoteaux;13.0;145;3.27716611285645;49.8438088217681;9.947440142942227;EN PLACE
Quartier Saint-Martin - Oëstres;Square Romain Tricoteaux;13.0;105;3.27725283662878;49.8437845681454;9.947440142942227;EN PLACE
Quartier Saint-Martin - Oëstres;Square Romain Tricoteaux;9.0;50;3.27724250310841;49.8438210537422;9.947440142942227;EN PLACE
Quartier Saint-Martin - Oëstres;Square Romain Tricoteaux;10.0;80;3.27727280844007;49.8438472184012;9.947440142942227;EN PLACE
Quartier Saint-Martin - Oëstres;Square Romain Tricoteaux;13.0;85;3.27733462312153;49.8438161116117;9.947440142942227;EN PLACE
Quartier Saint-Martin - Oëstres;Square Romain Tricoteaux;9.0;115;3.27734482860319;49.8438588555662;9.947440142942227;EN PLACE
Quartier Saint-Martin - Oëstres;Square Romain Tricoteaux;12.0;80;3.27738171554385;49.8438257245312;9.947440142942227;EN PLACE
Quartier Saint-Martin - Oëstres;Square Romain Tricoteaux;14.0;100;3.27741423229692;49.8437922504827;9.947440142942227;EN PLACE
Quartier Saint-Martin - Oëstres;Square Romain Tricoteaux;10.0;80;3.27743358707384;49.8438541685403;9.947440142942227;EN PLACE
Quartier Saint-Martin - Oëstres;Square Romain Tricoteaux;16.0;120;3.27750223471202;49.8438082893175;9.947440142942227;EN PLACE
Quartier Saint-Martin - Oëstres;Square Romain Tricoteaux;10.0;85;3.27753972597883;49.8438351103135;9.947440142942227;EN PLACE
Quartier Saint-Martin - Oëstres;Square Romain Tricoteaux;15.0;120;3.27754940342954;49.8437932768617;9.947440142942227;EN PLACE
Quartier Saint-Martin - Oëstres;Square Romain Tricoteaux;12.0;70;3.27758389617013;49.8437790810344;9.947440142942227;EN PLACE
Quartier Saint-Martin - Oëstres;Square Romain Tricoteaux;12.0;100;3.27761324909931;49.8437845534007;9.947440142942227;EN PLACE
Quartier Saint-Martin - Oëstres;Square Romain Tricoteaux;7.0;75;3.27761054480523;49.8438159808837;9.947440142942227;EN PLACE
Quartier Saint-Martin - Oëstres;Square Romain Tricoteaux;8.0;50;3.27745395718441;49.8437658538349;9.947440142942227;EN PLACE
Quartier Saint-Martin - Oëstres;Square Romain Tricoteaux;10.0;90;3.27745438091441;49.843731607812;9.947440142942227;EN PLACE
Quartier Saint-Martin - Oëstres;Square Romain Tricoteaux;12.0;70;3.27763619110386;49.8437429942501;9.947440142942227;EN PLACE
Quartier Saint-Martin - Oëstres;Square Romain Tricoteaux;10.0;60;3.27767344580802;49.8437562535124;9.947440142942227;EN PLACE
Quartier Saint-Martin - Oëstres;Square Romain Tricoteaux;7.0;65;3.27771831179308;49.8437362620715;9.947440142942227;EN PLACE
Quartier Saint-Martin - Oëstres;Square Romain Tricoteaux;12.0;80;3.27766662906055;49.8437188374628;9.947440142942227;EN PLACE
Quartier Saint-Martin - Oëstres;Square Romain Tricoteaux;9.0;55;3.27757633412986;49.8437027834933;9.947440142942227;EN PLACE
Quartier Saint-Martin - Oëstres;Square Romain Tricoteaux;15.0;120;3.27752911802281;49.8437152984968;9.947440142942227;EN PLACE
Quartier Saint-Martin - Oëstres;Square Romain Tricoteaux;12.0;190;3.27756045194104;49.8436804282719;9.947440142942227;EN PLACE
Quartier Saint-Martin - Oëstres;Square Romain Tricoteaux;8.0;70;3.27766129926152;49.8436731969319;9.947440142942227;EN PLACE
Quartier Saint-Martin - Oëstres;Square Romain Tricoteaux;10.0;55;3.27774385512393;49.8436618209832;9.947440142942227;EN PLACE
Quartier Saint-Martin - Oëstres;Square Romain Tricoteaux;12.0;85;3.27780164505993;49.8436824101662;9.947440142942227;EN PLACE
Quartier Saint-Martin - Oëstres;Square Romain Tricoteaux;6.0;55;3.27785014529294;49.8436791639725;9.947440142942227;EN PLACE
Quartier Saint-Martin - Oëstres;Square Romain Tricoteaux;12.0;85;3.27779995671201;49.8436520890202;9.947440142942227;EN PLACE
Quartier Saint-Martin - Oëstres;Square Romain Tricoteaux;14.0;75;3.27767161109066;49.8436356405714;9.947440142942227;EN PLACE
Quartier Saint-Martin - Oëstres;Square Romain Tricoteaux;7.0;60;3.2776057289512;49.843626917315;9.947440142942227;EN PLACE
Quartier Saint-Martin - Oëstres;Square Romain Tricoteaux;12.0;105;3.27764688434097;49.8436148077037;9.947440142942227;EN PLACE
Quartier Saint-Martin - Oëstres;Square Romain Tricoteaux;12.0;95;3.27769423347307;49.8436069071892;9.947440142942227;EN PLACE
Quartier Saint-Martin - Oëstres;Square Romain Tricoteaux;12.0;85;3.2776710855476;49.8435818054723;9.947440142942227;EN PLACE
Quartier Saint-Martin - Oëstres;Square Romain Tricoteaux;10.0;80;3.27769086972457;49.8435495122501;9.947440142942227;EN PLACE
Quartier Saint-Martin - Oëstres;Square Romain Tricoteaux;12.0;85;3.27771313872283;49.8435406488263;9.947440142942227;EN PLACE
Quartier Saint-Martin - Oëstres;Square Romain Tricoteaux;12.0;80;3.27772736584222;49.8435144688353;9.947440142942227;EN PLACE
Quartier Saint-Martin - Oëstres;Square Romain Tricoteaux;12.0;75;3.27776455380585;49.8434970380678;9.947440142942227;EN PLACE
Quartier Saint-Martin - Oëstres;Square Romain Tricoteaux;13.0;115;3.27778284484175;49.8434726222902;9.947440142942227;EN PLACE
Quartier Saint-Martin - Oëstres;Square Romain Tricoteaux;14.0;135;3.2778513474855;49.8434651427591;9.947440142942227;EN PLACE
Quartier Saint-Martin - Oëstres;Square Romain Tricoteaux;13.0;75;3.27793983515402;49.8434370679572;9.947440142942227;EN PLACE
Quartier Saint-Martin - Oëstres;Square Romain Tricoteaux;13.0;90;3.27801371990753;49.8434338541935;9.947440142942227;EN PLACE
Quartier Saint-Martin - Oëstres;Square Romain Tricoteaux;14.0;150;3.27805076043941;49.8434468782922;9.947440142942227;SUPPRIMÉ
Quartier Saint-Martin - Oëstres;Square Romain Tricoteaux;6.0;30;3.27808972957296;49.8434523475418;9.947440142942227;EN PLACE
Quartier Saint-Martin - Oëstres;Square Romain Tricoteaux;6.0;40;3.27808264957308;49.8434666799754;9.947440142942227;EN PLACE
Quartier Saint-Martin - Oëstres;Square Romain Tricoteaux;5.0;40;3.27805376540014;49.8434759538242;9.947440142942227;EN PLACE
Quartier Saint-Martin - Oëstres;Square Romain Tricoteaux;6.0;60;3.27806202158549;49.8434844528197;9.947440142942227;EN PLACE
Quartier Saint-Martin - Oëstres;Square Romain Tricoteaux;8.0;65;3.27804211248233;49.8435012682615;9.947440142942227;EN PLACE
Quartier Saint-Martin - Oëstres;Square Romain Tricoteaux;6.0;80;3.2780194813565;49.843510492228;9.947440142942227;EN PLACE
Quartier Saint-Martin - Oëstres;Square Romain Tricoteaux;10.0;75;3.27803145043385;49.8435206259057;9.947440142942227;EN PLACE
Quartier Saint-Martin - Oëstres;Square Romain Tricoteaux;3.0;20;3.2780186075574;49.8434583203052;9.947440142942227;EN PLACE
Quartier Saint-Martin - Oëstres;Square Romain Tricoteaux;12.0;120;3.27799030249943;49.8434785342731;9.947440142942227;EN PLACE
Quartier Saint-Martin - Oëstres;Square Romain Tricoteaux;15.0;65;3.27794314386148;49.8435131759651;9.947440142942227;EN PLACE
Quartier Saint-Martin - Oëstres;Square Romain Tricoteaux;8.0;90;3.2778410640445;49.843504245447;9.947440142942227;EN PLACE
Quartier Saint-Martin - Oëstres;Square Romain Tricoteaux;14.0;120;3.2777738481172;49.8435288183672;9.947440142942227;EN PLACE
Quartier Saint-Martin - Oëstres;Square Romain Tricoteaux;14.0;125;3.27775711386927;49.8435767758242;9.947440142942227;EN PLACE
Quartier Saint-Martin - Oëstres;Square Romain Tricoteaux;10.0;85;3.27778435405177;49.8436061770138;9.947440142942227;EN PLACE
Quartier Saint-Martin - Oëstres;Square Romain Tricoteaux;10.0;40;3.27781682148468;49.8435952620672;9.947440142942227;EN PLACE
Quartier Saint-Martin - Oëstres;Square Romain Tricoteaux;12.0;80;3.27787619374621;49.8436026340505;9.947440142942227;EN PLACE
Quartier Saint-Martin - Oëstres;Square Romain Tricoteaux;12.0;110;3.27790814638975;49.8435997578535;9.947440142942227;EN PLACE
Quartier Saint-Martin - Oëstres;Square Romain Tricoteaux;8.0;45;3.2779004954468;49.8436227791999;9.947440142942227;EN PLACE
Quartier Saint-Martin - Oëstres;Square Romain Tricoteaux;8.0;100;3.27793562009743;49.8436222582042;9.947440142942227;EN PLACE
Quartier Saint-Martin - Oëstres;Square Romain Tricoteaux;8.0;40;3.27792459818161;49.8436325784846;9.947440142942227;EN PLACE
Quartier Saint-Martin - Oëstres;Square Romain Tricoteaux;10.0;85;3.27791170674799;49.8436412471295;9.947440142942227;EN PLACE
Quartier Saint-Martin - Oëstres;Square Romain Tricoteaux;10.0;80;3.2778844800128;49.8436488699422;9.947440142942227;EN PLACE
Quartier Saint-Jean;Centre multi-sport Pierre Arnould;12.0;230;3.27818780547333;49.8540510804778;9.947440142942227;EN PLACE
Quartier Saint-Jean;Rue du Président John Fitzgerald Kennedy;10.0;155;3.27705172054076;49.8601176364802;9.947440142942227;EN PLACE
Quartier Saint-Jean;Rue du Président John Fitzgerald Kennedy;10.0;160;3.27678363882923;49.8606376312254;9.947440142942227;EN PLACE
Quartier Saint-Jean;Rue du Président John Fitzgerald Kennedy;12.0;170;3.27660392308823;49.8609862139893;9.947440142942227;EN PLACE
Quartier Saint-Jean;Rue du Président John Fitzgerald Kennedy;10.0;125;3.27652532177538;49.8611386736651;9.947440142942227;EN PLACE
Quartier Saint-Jean;Rue du Président John Fitzgerald Kennedy;10.0;130;3.27643352672983;49.8613167170925;9.947440142942227;EN PLACE
Quartier Saint-Jean;Rue du Président John Fitzgerald Kennedy;10.0;130;3.27632438849046;49.8615284013803;9.947440142942227;EN PLACE
Quartier Saint-Jean;Rue du Président John Fitzgerald Kennedy;10.0;150;3.27625370243766;49.8616666642164;9.947440142942227;EN PLACE
Quartier Saint-Jean;Rue du Président John Fitzgerald Kennedy;10.0;140;3.27616985222319;49.861828137223;9.947440142942227;EN PLACE
Quartier Saint-Jean;Rue du Président John Fitzgerald Kennedy;10.0;130;3.27590485695131;49.8623421040433;9.947440142942227;EN PLACE
Quartier Saint-Jean;Rue du Président John Fitzgerald Kennedy;11.0;135;3.27581893757047;49.8625087466385;9.947440142942227;EN PLACE
Quartier Saint-Jean;Rue du Président John Fitzgerald Kennedy;10.0;140;3.27573287825976;49.8626785595289;9.947440142942227;EN PLACE
Quartier Saint-Jean;Rue du Président John Fitzgerald Kennedy;10.0;115;3.27564045324429;49.8628549143712;9.947440142942227;EN PLACE
Quartier Saint-Jean;Rue du Président John Fitzgerald Kennedy;11.0;170;3.27555264580436;49.8630252130937;9.947440142942227;EN PLACE
Quartier Saint-Jean;Rue du Président John Fitzgerald Kennedy;11.0;170;3.27546850218249;49.8631892538615;9.947440142942227;EN PLACE
Quartier Saint-Jean;Rue du Président John Fitzgerald Kennedy;11.0;165;3.27529684342659;49.8635267794843;9.947440142942227;EN PLACE
Quartier Saint-Jean;Rue du Président John Fitzgerald Kennedy;12.0;150;3.2752104447761;49.863698476208;9.947440142942227;EN PLACE
Quartier Saint-Jean;Rue du Président John Fitzgerald Kennedy;10.0;140;3.27256583487281;49.8684846519209;9.947440142942227;EN PLACE
Quartier Saint-Jean;Rue du Président John Fitzgerald Kennedy;11.0;145;3.27399753540519;49.8656923986232;9.947440142942227;EN PLACE
Quartier Saint-Jean;Rue du Président John Fitzgerald Kennedy;10.0;127;3.27407344357842;49.865542635413;9.947440142942227;EN PLACE
Quartier Saint-Jean;Rue du Président John Fitzgerald Kennedy;11.0;200;3.2749357365524;49.863847264686;9.947440142942227;EN PLACE
Quartier Saint-Jean;Rue du Président John Fitzgerald Kennedy;10.0;130;3.27502775241866;49.8636668549408;9.947440142942227;EN PLACE
Quartier Saint-Jean;Rue du Président John Fitzgerald Kennedy;10.0;190;3.27511538878479;49.8634950340797;9.947440142942227;SUPPRIMÉ
Quartier Saint-Jean;Rue du Président John Fitzgerald Kennedy;11.0;113;3.27528881001113;49.8631474451433;9.947440142942227;EN PLACE
Quartier Saint-Jean;Rue du Président John Fitzgerald Kennedy;11.0;180;3.27556258329309;49.8626401032871;9.947440142942227;EN PLACE
Quartier Saint-Jean;Rue du Président John Fitzgerald Kennedy;10.0;170;3.2756504806319;49.8624686058847;9.947440142942227;EN PLACE
Quartier Saint-Jean;Rue du Président John Fitzgerald Kennedy;10.0;145;3.2757347757092;49.8623051156913;9.947440142942227;EN PLACE
Quartier Saint-Jean;Rue du Président John Fitzgerald Kennedy;11.0;172;3.27583211678145;49.8621163234376;9.947440142942227;EN PLACE
Quartier Saint-Jean;Rue du Président John Fitzgerald Kennedy;10.0;178;3.27591275081505;49.8619628498926;9.947440142942227;EN PLACE
Quartier Saint-Jean;Rue du Président John Fitzgerald Kennedy;10.0;120;3.27599715373743;49.8617896647791;9.947440142942227;EN PLACE
Quartier Saint-Jean;Rue du Président John Fitzgerald Kennedy;11.0;185;3.27625199501867;49.8612813261724;9.947440142942227;EN PLACE
Quartier Saint-Jean;Rue du Président John Fitzgerald Kennedy;11.0;175;3.2763432623561;49.8611043036484;9.947440142942227;EN PLACE
Quartier Saint-Jean;Rue du Président John Fitzgerald Kennedy;9.0;150;3.27651951219915;49.8607624435641;9.947440142942227;EN PLACE
Quartier Saint-Jean;Rue du Président John Fitzgerald Kennedy;7.0;195;3.27661636472997;49.8605798407213;9.947440142942227;EN PLACE
Quartier Saint-Jean;Rue du Président John Fitzgerald Kennedy;7.0;160;3.27669380064194;49.8604243889585;9.947440142942227;EN PLACE
Quartier Saint-Jean;Rue du Président John Fitzgerald Kennedy;7.0;200;3.27677670616944;49.8602635784966;9.947440142942227;EN PLACE
Quartier Saint-Jean;Rue du Président John Fitzgerald Kennedy;7.0;148;3.27687666393817;49.8600696904049;9.947440142942227;EN PLACE
Quartier Saint-Jean;Square Alfred Clin;5.0;95;3.28681239639482;49.8568556670836;9.947440142942227;EN PLACE
Quartier Saint-Jean;Square Alfred Clin;5.0;70;3.28672561387937;49.8568918221704;9.947440142942227;EN PLACE
Quartier Saint-Jean;Square Alfred Clin;5.0;95;3.28663818448799;49.8569272451459;9.947440142942227;EN PLACE
Quartier Saint-Jean;Square Alfred Clin;5.0;85;3.28667563580374;49.8569651278225;9.947440142942227;EN PLACE
Quartier Saint-Jean;Square Alfred Clin;5.0;80;3.28676280441477;49.8569298106456;9.947440142942227;EN PLACE
Quartier Saint-Jean;Square Alfred Clin;5.0;85;3.28685170986475;49.8568937905979;9.947440142942227;EN PLACE
Quartier Saint-Jean;Square Alfred Clin;5.0;85;3.28691417567446;49.8569582536591;9.947440142942227;EN PLACE
Quartier Saint-Jean;Square Alfred Clin;5.0;65;3.28682634119207;49.8569938404916;9.947440142942227;EN PLACE
Quartier Saint-Jean;Square Alfred Clin;5.0;85;3.28673824575569;49.8570295321847;9.947440142942227;EN PLACE
Quartier Saint-Jean;Square Alfred Clin;5.0;85;3.28677451243391;49.8570678960162;9.947440142942227;EN PLACE
Quartier Saint-Jean;Square Alfred Clin;5.0;85;3.28686379270387;49.8570317231071;9.947440142942227;EN PLACE
Quartier Saint-Jean;Square Alfred Clin;5.0;95;3.28695151207913;49.8569961832792;9.947440142942227;EN PLACE
Quartier Saint-Jean;Square Alfred Clin;7.0;30;3.28695909704787;49.8572172161237;9.947440142942227;EN PLACE
Quartier Saint-Jean;Rue des Arts;7.0;100;3.28553102696873;49.8569766410458;9.947440142942227;EN PLACE
Quartier Saint-Jean;Square Saint Jean;8.0;110;3.27739759751351;49.857250494277;9.947440142942227;Essouché
Quartier du Vermandois;Square Saint Jean;9.0;110;3.27687250216934;49.8575019275124;9.947440142942227;EN PLACE
Quartier du Vermandois;Square Saint Jean;9.0;99;3.27681620367694;49.8574985728276;9.947440142942227;EN PLACE
Quartier du Vermandois;Square Saint Jean;9.0;110;3.27684729614215;49.857530681023;9.947440142942227;EN PLACE
Quartier du Vermandois;Rue Emilie et Raymond Pierret;6.0;54;3.27675429787492;49.8574056580749;9.947440142942227;EN PLACE
Quartier Saint-Jean;Rue Emilie et Raymond Pierret;6.0;48;3.27625435739751;49.857243036464;9.947440142942227;EN PLACE
Quartier Saint-Jean;Rue Emilie et Raymond Pierret;6.0;43;3.27582378825195;49.8570148852474;9.947440142942227;EN PLACE
Quartier Saint-Jean;Rue Emilie et Raymond Pierret;6.0;41;3.27549656609084;49.8567601873992;9.947440142942227;EN PLACE
Quartier Saint-Jean;Rue Emilie et Raymond Pierret;6.0;35;3.27522925856843;49.8564711114621;9.947440142942227;EN PLACE
Quartier Saint-Jean;Rue Emilie et Raymond Pierret;5.0;24;3.27497087562416;49.856180910854;9.947440142942227;EN PLACE
Quartier Saint-Jean;Rue Emilie et Raymond Pierret;6.0;36;3.27471975042767;49.8558981475953;9.947440142942227;EN PLACE
Quartier Saint-Jean;Rue Emilie et Raymond Pierret;6.0;48;3.27445153187821;49.8556133469185;9.947440142942227;EN PLACE
Quartier Saint-Jean;Rue Emilie et Raymond Pierret;6.0;51;3.27416089186605;49.8553412484979;9.947440142942227;EN PLACE
Quartier Saint-Jean;Rue Emilie et Raymond Pierret;6.0;51;3.27386757355523;49.8550680659304;9.947440142942227;EN PLACE
Quartier Saint-Jean;Rue Emilie et Raymond Pierret;6.0;48;3.27357480586419;49.854794537885;9.947440142942227;EN PLACE
Quartier Saint-Jean;Rue Emilie et Raymond Pierret;5.0;41;3.27326372128186;49.8544072120686;9.947440142942227;EN PLACE
Quartier Saint-Jean;Rue Emilie et Raymond Pierret;5.0;38;3.27321872509961;49.8543696690133;9.947440142942227;ABATTU
Quartier Saint-Jean;Rue Emilie et Raymond Pierret;5.0;35;3.27317668602919;49.8543332536631;9.947440142942227;EN PLACE
Quartier Saint-Jean;Rue Emilie et Raymond Pierret;5.0;38;3.27313852871312;49.8543002025076;9.947440142942227;EN PLACE
Quartier du Vermandois;Rue Emilie et Raymond Pierret;6.0;48;3.27269484188603;49.85396130882;9.947440142942227;EN PLACE
Quartier du Vermandois;Rue Emilie et Raymond Pierret;6.0;45;3.27242872313625;49.8536802609879;9.947440142942227;EN PLACE
Quartier du Vermandois;Rue Emilie et Raymond Pierret;6.0;51;3.27217414171844;49.8533893996069;9.947440142942227;EN PLACE
Quartier du Vermandois;Rue Emilie et Raymond Pierret;6.0;55;3.27193832486933;49.8530941283915;9.947440142942227;EN PLACE
Quartier du Vermandois;Rue Emilie et Raymond Pierret;6.0;41;3.27171110551267;49.8527933085072;9.947440142942227;EN PLACE
Quartier du Vermandois;Rue Emilie et Raymond Pierret;6.0;45;3.27150180515465;49.8524697789239;9.947440142942227;EN PLACE
Quartier du Vermandois;Rue Emilie et Raymond Pierret;6.0;43;3.27131073029117;49.8521837808912;9.947440142942227;EN PLACE
Quartier Saint-Jean;Rue Emilie et Raymond Pierret;6.0;38;3.27110174759624;49.8518785499907;9.947440142942227;EN PLACE
Quartier Saint-Jean;Rue Emilie et Raymond Pierret;6.0;38;3.27089594904762;49.8515693105554;9.947440142942227;EN PLACE
Quartier Saint-Jean;Rue Emilie et Raymond Pierret;6.0;45;3.27069046781168;49.8512662078219;9.947440142942227;EN PLACE
Quartier Saint-Jean;Rue Emilie et Raymond Pierret;6.0;40;3.27047971341718;49.8509527085139;9.947440142942227;EN PLACE
Quartier Saint-Jean;Rue Emilie et Raymond Pierret;6.0;38;3.27027445477387;49.850661822593;9.947440142942227;EN PLACE
Quartier du Vermandois;Rue Emilie et Raymond Pierret;7.0;54;3.26966326190667;49.8500649525623;9.947440142942227;EN PLACE
Quartier du Vermandois;Rue Emilie et Raymond Pierret;7.0;58;3.26954176127956;49.8499869654346;9.947440142942227;EN PLACE
Quartier du Vermandois;Rue Emilie et Raymond Pierret;7.0;70;3.26943334122235;49.8499326049355;9.947440142942227;EN PLACE
Quartier du Vermandois;Rue Emilie et Raymond Pierret;6.0;46;3.26930291805945;49.849923655612;9.947440142942227;EN PLACE
Quartier Saint-Jean;Rue Emilie et Raymond Pierret;6.0;38;3.26975931322382;49.8498928806874;9.947440142942227;EN PLACE
Quartier Saint-Jean;Rue Emilie et Raymond Pierret;6.0;40;3.27051618630237;49.8507742668793;9.947440142942227;EN PLACE
Quartier Saint-Jean;Rue Emilie et Raymond Pierret;6.0;35;3.27071495945544;49.8510665078088;9.947440142942227;EN PLACE
Quartier Saint-Jean;Rue Emilie et Raymond Pierret;6.0;36;3.27092699711754;49.8513788646233;9.947440142942227;EN PLACE
Quartier Saint-Jean;Rue Emilie et Raymond Pierret;6.0;35;3.27113531330224;49.8516888722983;9.947440142942227;EN PLACE
Quartier Saint-Jean;Rue Emilie et Raymond Pierret;6.0;43;3.27134170231159;49.8519941361284;9.947440142942227;EN PLACE
Quartier Saint-Jean;Rue Emilie et Raymond Pierret;6.0;38;3.27154420816992;49.8522887242097;9.947440142942227;EN PLACE
Quartier Saint-Jean;Rue Emilie et Raymond Pierret;6.0;42;3.27171233165474;49.8525171969966;9.947440142942227;EN PLACE
Quartier Saint-Jean;Rue Emilie et Raymond Pierret;6.0;48;3.27197521267731;49.8529001435943;9.947440142942227;EN PLACE
Quartier Saint-Jean;Rue Emilie et Raymond Pierret;6.0;42;3.27220051968454;49.8531982576506;9.947440142942227;EN PLACE
Quartier Saint-Jean;Rue Emilie et Raymond Pierret;6.0;38;3.27244391685094;49.8534892375507;9.947440142942227;EN PLACE
Quartier Saint-Jean;Rue Emilie et Raymond Pierret;6.0;40;3.27270226449351;49.8537688190846;9.947440142942227;EN PLACE
Quartier Saint-Jean;Rue Emilie et Raymond Pierret;6.0;40;3.27297114053525;49.854043216791;9.947440142942227;EN PLACE
Quartier Saint-Jean;Rue Emilie et Raymond Pierret;5.0;35;3.27320014984643;49.8542704623836;9.947440142942227;EN PLACE
Quartier Saint-Jean;Rue Emilie et Raymond Pierret;5.0;35;3.27323810449985;49.854302825318;9.947440142942227;EN PLACE
Quartier Saint-Jean;Rue Emilie et Raymond Pierret;5.0;40;3.27328032802724;49.8543393993495;9.947440142942227;EN PLACE
Quartier Saint-Jean;Rue Emilie et Raymond Pierret;5.0;46;3.27332531129603;49.8543783656097;9.947440142942227;EN PLACE
Quartier Saint-Jean;Rue Emilie et Raymond Pierret;7.0;45;3.27386101132074;49.8548661822722;9.947440142942227;EN PLACE
Quartier Saint-Jean;Rue Emilie et Raymond Pierret;7.0;45;3.27415398370787;49.8551438789201;9.947440142942227;EN PLACE
Quartier Saint-Jean;Rue Emilie et Raymond Pierret;7.0;40;3.2744444323481;49.8554175313853;9.947440142942227;EN PLACE
Quartier Saint-Jean;Rue Emilie et Raymond Pierret;7.0;45;3.27474102923003;49.855696391307;9.947440142942227;EN PLACE
Quartier Saint-Jean;Rue Emilie et Raymond Pierret;7.0;38;3.27499444748466;49.8559815415463;9.947440142942227;EN PLACE
Quartier Saint-Jean;Rue Emilie et Raymond Pierret;7.0;42;3.27524294560412;49.8562698602085;9.947440142942227;EN PLACE
Quartier Saint-Jean;Rue Emilie et Raymond Pierret;7.0;40;3.27549709128248;49.8565616650684;9.947440142942227;EN PLACE
Quartier Saint-Jean;Rue Emilie et Raymond Pierret;7.0;41;3.27580871276926;49.8568157504642;9.947440142942227;EN PLACE
Quartier Saint-Jean;Rue Emilie et Raymond Pierret;7.0;40;3.27614159725383;49.8570275197625;9.947440142942227;EN PLACE
Quartier Saint-Jean;Rue Emilie et Raymond Pierret;7.0;45;3.27660027535829;49.8572186058962;9.947440142942227;EN PLACE
Quartier Saint-Jean;Rue Emilie et Raymond Pierret;7.0;105;3.27363711333208;49.8546291875814;9.947440142942227;EN PLACE
Quartier Saint-Jean;Rue Emilie et Raymond Pierret;8.0;95;3.27359016350899;49.8546139537811;9.947440142942227;EN PLACE
Quartier Saint-Jean;Rue Emilie et Raymond Pierret;6.0;60;3.2736093068988;49.8545831733166;9.947440142942227;EN PLACE
Quartier Saint-Jean;Rue Emilie et Raymond Pierret;8.0;80;3.27356533371441;49.854575313779;9.947440142942227;EN PLACE
Quartier Saint-Jean;Rue Emilie et Raymond Pierret;8.0;100;3.27358002485311;49.8545425981452;9.947440142942227;EN PLACE
Quartier Saint-Jean;Rue Emilie et Raymond Pierret;8.0;110;3.27353192302049;49.854521745239;9.947440142942227;EN PLACE
Quartier Saint-Jean;Rue Emilie et Raymond Pierret;7.0;42;3.27348482584959;49.8541371437687;9.947440142942227;EN PLACE
Quartier Saint-Jean;Rue Emilie et Raymond Pierret;7.0;40;3.27353231828514;49.8540794093515;9.947440142942227;EN PLACE
Quartier Saint-Jean;Rue Emilie et Raymond Pierret;7.0;35;3.27350678470154;49.8540361903021;9.947440142942227;EN PLACE
Quartier Saint-Jean;Square rue du Blanc Mont;9.0;123;3.2754886108332;49.854085849094;9.947440142942227;EN PLACE
Quartier Saint-Jean;Rue Emilie et Raymond Pierret;7.0;38;3.27347833255462;49.8539932486587;9.947440142942227;EN PLACE
Quartier Saint-Jean;Rue Emilie et Raymond Pierret;7.0;38;3.27341577041065;49.8540024972511;9.947440142942227;EN PLACE
Quartier Saint-Jean;Rue Emilie et Raymond Pierret;7.0;36;3.27335273562392;49.8540280053534;9.947440142942227;EN PLACE
Quartier Saint-Jean;Rue Emilie et Raymond Pierret;7.0;35;3.2732949274077;49.8540516851729;9.947440142942227;EN PLACE
Quartier Saint-Jean;Rue Emilie et Raymond Pierret;7.0;35;3.27325323544803;49.8540768306724;9.947440142942227;EN PLACE
Quartier Saint-Jean;Rue Emilie et Raymond Pierret;7.0;35;3.27338631569349;49.8541000949147;9.947440142942227;EN PLACE
Quartier Saint-Jean;Rue Emilie et Raymond Pierret;7.0;35;3.27219648945253;49.8530559983781;9.947440142942227;EN PLACE
Quartier Saint-Jean;Rue Emilie et Raymond Pierret;7.0;33;3.27214064676379;49.8529798846506;9.947440142942227;EN PLACE
Quartier Saint-Jean;Rue Emilie et Raymond Pierret;7.0;35;3.27207879630084;49.8528973359187;9.947440142942227;EN PLACE
Quartier Saint-Jean;Rue Emilie et Raymond Pierret;7.0;33;3.27201610697017;49.8528191962464;9.947440142942227;EN PLACE
Quartier Saint-Jean;Rue Emilie et Raymond Pierret;7.0;35;3.27195343134948;49.8527294407587;9.947440142942227;EN PLACE
Quartier Saint-Jean;Rue Emilie et Raymond Pierret;7.0;30;3.271897497356;49.852640223439;9.947440142942227;EN PLACE
Quartier Saint-Jean;Rue Emilie et Raymond Pierret;7.0;32;3.27184205750055;49.8525593463478;9.947440142942227;EN PLACE
Quartier Saint-Jean;Rue Emilie et Raymond Pierret;7.0;30;3.27175389633792;49.8524332453424;9.947440142942227;EN PLACE
Quartier Saint-Jean;Rue Emilie et Raymond Pierret;7.0;35;3.27168389514647;49.8523326901603;9.947440142942227;EN PLACE
Quartier Saint-Jean;Rue Emilie et Raymond Pierret;7.0;40;3.27161473086455;49.8521797857002;9.947440142942227;EN PLACE
Quartier du Vermandois;Rue de la Mayenne;7.0;104;3.27436029038484;49.8638019040135;9.947440142942227;EN PLACE
Quartier du Vermandois;Rue de la Mayenne;8.0;151;3.27437680011146;49.8637418144657;9.947440142942227;EN PLACE
Quartier du Vermandois;Rue de la Mayenne;8.0;140;3.27432008968111;49.8636632811872;9.947440142942227;EN PLACE
Quartier Saint-Jean;Square rue du Blanc Mont;9.0;160;3.27524097850799;49.8540496460521;9.947440142942227;EN PLACE
Quartier Saint-Jean;Square rue du Blanc Mont;9.0;120;3.27540348444965;49.8540732894537;9.947440142942227;EN PLACE
Quartier du Vermandois;Chemin Saint Laurent;15.0;140;3.27251896997404;49.8592508358255;9.947440142942227;EN PLACE
Quartier du Vermandois;Chemin Saint Laurent;15.0;220;3.2729682733567;49.8595325009668;9.947440142942227;EN PLACE
Quartier du Vermandois;Chemin Saint Laurent;14.0;210;3.27330734930799;49.8596492764435;9.947440142942227;EN PLACE
Quartier du Vermandois;Chemin Saint Laurent;16.0;195;3.2732781313745;49.8595994840797;9.947440142942227;EN PLACE
Quartier du Vermandois;Chemin Saint Laurent;25.0;136;3.27320423947341;49.8595436335686;9.947440142942227;EN PLACE
Quartier du Vermandois;Chemin Saint Laurent;10.0;120;3.2731674614852;49.8595150160862;9.947440142942227;EN PLACE
Quartier du Vermandois;Chemin Saint Laurent;13.0;136;3.27291721509777;49.8593324607393;9.947440142942227;EN PLACE
Quartier du Vermandois;Chemin Saint Laurent;14.0;185;3.27282304483936;49.8593041293562;9.947440142942227;EN PLACE
Quartier du Vermandois;Entrée du Centre Hospitalier;5.0;22;3.26936140897273;49.8624842574309;9.947440142942227;EN PLACE
Quartier du Vermandois;Entrée du Centre Hospitalier;5.0;22;3.26945558842328;49.8625563248179;9.947440142942227;EN PLACE
Quartier du Vermandois;Entrée du Centre Hospitalier;5.0;20;3.26951486544123;49.8626026812504;9.947440142942227;EN PLACE
Quartier du Vermandois;Entrée du Centre Hospitalier;5.0;23;3.26957613439766;49.8626505947257;9.947440142942227;EN PLACE
Quartier du Vermandois;Entrée du Centre Hospitalier;5.0;23;3.26987949438696;49.8625731858304;9.947440142942227;EN PLACE
Quartier du Vermandois;Entrée du Centre Hospitalier;5.0;26;3.26998832417274;49.8624761639771;9.947440142942227;Essouché
Quartier du Vermandois;Entrée du Centre Hospitalier;5.0;28;3.27028975769775;49.8621864123207;9.947440142942227;EN PLACE
Quartier du Vermandois;Entrée du Centre Hospitalier;5.0;25;3.27041121230424;49.862071398918;9.947440142942227;EN PLACE
Quartier du Vermandois;Entrée du Centre Hospitalier;6.0;26;3.26998468673439;49.862288493406;9.947440142942227;EN PLACE
Quartier du Vermandois;Entrée du Centre Hospitalier;6.0;28;3.269936810433;49.8623249133088;9.947440142942227;EN PLACE
Quartier du Vermandois;Entrée du Centre Hospitalier;5.0;27;3.2698891298496;49.8623617822653;9.947440142942227;EN PLACE
Quartier du Vermandois;Entrée du Centre Hospitalier;5.0;29;3.26984061615636;49.8624011884309;9.947440142942227;EN PLACE
Quartier du Vermandois;Entrée du Centre Hospitalier;6.0;23;3.26979056453802;49.8624393960818;9.947440142942227;EN PLACE
Quartier du Vermandois;Entrée du Centre Hospitalier;5.0;24;3.26973565184529;49.8623222090656;9.947440142942227;EN PLACE
Quartier du Vermandois;Entrée du Centre Hospitalier;5.0;30;3.26980484834556;49.8622707423486;9.947440142942227;EN PLACE
Quartier du Vermandois;Entrée du Centre Hospitalier;5.0;29;3.26985346324611;49.8622345842228;9.947440142942227;EN PLACE
Quartier du Vermandois;Entrée du Centre Hospitalier;5.0;22;3.26990603395817;49.8621954824921;9.947440142942227;EN PLACE
HARLY;Stade Marcel Bienfait;4.0;80;3.32114480898581;49.8371133799385;9.947440142942227;EN PLACE
HARLY;Stade Marcel Bienfait;4.0;100;3.32121709979444;49.8371197488596;9.947440142942227;EN PLACE
HARLY;Stade Marcel Bienfait;4.0;70;3.32128913747382;49.8371260941545;9.947440142942227;EN PLACE
HARLY;Stade Marcel Bienfait;4.0;85;3.32135627929302;49.8371320095729;9.947440142942227;EN PLACE
HARLY;Stade Marcel Bienfait;4.0;80;3.32141854219029;49.837137110279;9.947440142942227;EN PLACE
HARLY;Stade Marcel Bienfait;4.0;75;3.32148795134682;49.837143464448;9.947440142942227;EN PLACE
HARLY;Stade Marcel Bienfait;4.0;95;3.32155184757314;49.8371498327798;9.947440142942227;EN PLACE
HARLY;Stade Marcel Bienfait;4.0;90;3.32161757701772;49.8371553050851;9.947440142942227;EN PLACE
HARLY;Stade Marcel Bienfait;4.0;100;3.32176087089433;49.8371685573963;9.947440142942227;EN PLACE
HARLY;Stade Marcel Bienfait;4.0;70;3.32188581392134;49.8371796095113;9.947440142942227;EN PLACE
HARLY;Stade Marcel Bienfait;4.0;85;3.32195210715685;49.8371851933649;9.947440142942227;EN PLACE
HARLY;Stade Marcel Bienfait;4.0;70;3.32201755767617;49.8371907246505;9.947440142942227;EN PLACE
HARLY;Stade Marcel Bienfait;4.0;75;3.32209902121618;49.8371980586274;9.947440142942227;EN PLACE
HARLY;Stade Marcel Bienfait;4.0;75;3.32216535652474;49.8372034795154;9.947440142942227;EN PLACE
HARLY;Stade Marcel Bienfait;4.0;70;3.32222432350938;49.8372089709413;9.947440142942227;EN PLACE
HARLY;Stade Marcel Bienfait;4.0;100;3.3222790291568;49.8372147698288;9.947440142942227;EN PLACE
HARLY;Stade Marcel Bienfait;4.0;90;3.32242750075551;49.8372283424595;9.947440142942227;EN PLACE
HARLY;Stade Marcel Bienfait;4.0;70;3.32245808627968;49.8374676763219;9.947440142942227;EN PLACE
HARLY;Stade Marcel Bienfait;4.0;70;3.32244038938717;49.8375051851701;9.947440142942227;EN PLACE
HARLY;Stade Marcel Bienfait;4.0;80;3.322425587491;49.8375358397211;9.947440142942227;EN PLACE
HARLY;Stade Marcel Bienfait;4.0;80;3.32240584670456;49.837575825693;9.947440142942227;EN PLACE
HARLY;Stade Marcel Bienfait;4.0;80;3.3225140960448;49.8375837169453;9.947440142942227;EN PLACE
HARLY;Stade Marcel Bienfait;4.0;65;3.32257174599749;49.8375875575457;9.947440142942227;Essouché
HARLY;Stade Marcel Bienfait;4.0;65;3.32263292922515;49.8375917696073;9.947440142942227;EN PLACE
HARLY;Stade Marcel Bienfait;4.0;65;3.32268970803716;49.837596944052;9.947440142942227;Essouché
HARLY;Stade Marcel Bienfait;4.0;55;3.32274824585233;49.8376013530279;9.947440142942227;EN PLACE
HARLY;Stade Marcel Bienfait;4.0;70;3.32290296975089;49.8376123536373;9.947440142942227;EN PLACE
HARLY;Stade Marcel Bienfait;4.0;50;3.32295473993286;49.837616019624;9.947440142942227;Essouché
HARLY;Stade Marcel Bienfait;4.0;60;3.32300680593386;49.8376200659753;9.947440142942227;EN PLACE
HARLY;Stade Marcel Bienfait;4.0;60;3.323072403664;49.8376248356637;9.947440142942227;Essouché
HARLY;Stade Marcel Bienfait;12.0;145;3.32251286673099;49.8374763500889;9.947440142942227;EN PLACE
HARLY;Stade Marcel Bienfait;13.0;180;3.32255108106054;49.8375044162268;9.947440142942227;EN PLACE
HARLY;Stade Marcel Bienfait;13.0;120;3.32258763233308;49.8375307049857;9.947440142942227;EN PLACE
HARLY;Stade Marcel Bienfait;14.0;170;3.32262635687522;49.8375519961788;9.947440142942227;EN PLACE
HARLY;Stade Marcel Bienfait;11.0;150;3.3209457555951;49.8388896886432;9.947440142942227;EN PLACE
HARLY;Stade Marcel Bienfait;11.0;115;3.320965632408;49.8389089496842;9.947440142942227;EN PLACE
HARLY;Stade Marcel Bienfait;11.0;120;3.3209201510528;49.8389090686462;9.947440142942227;EN PLACE
HARLY;Stade Marcel Bienfait;16.0;145;3.32076248094569;49.8388949240656;9.947440142942227;EN PLACE
HARLY;Stade Marcel Bienfait;12.0;140;3.32070875706766;49.8388992254171;9.947440142942227;EN PLACE
HARLY;Stade Marcel Bienfait;17.0;135;3.32072648306072;49.8388688714922;9.947440142942227;EN PLACE
HARLY;Stade Marcel Bienfait;12.0;145;3.32104803820898;49.8376207270592;9.947440142942227;ABATTU
HARLY;Stade Marcel Bienfait;12.0;175;3.32102070794312;49.8375701685572;9.947440142942227;EN PLACE
HARLY;Stade Marcel Bienfait;12.0;135;3.32109843287319;49.8375692510936;9.947440142942227;EN PLACE
HARLY;Stade Marcel Bienfait;9.0;130;3.32108085511631;49.8374038568743;9.947440142942227;EN PLACE
HARLY;Stade Marcel Bienfait;12.0;150;3.32106623817907;49.8373589699339;9.947440142942227;SUPPRIMÉ
HARLY;Stade Marcel Bienfait;13.0;165;3.32116883599293;49.8373683271692;9.947440142942227;EN PLACE
Quartier de Neuville;Terrain aventure Neuville;15.0;130;3.31925701226039;49.8365335861036;9.947440142942227;EN PLACE
Quartier de Neuville;Terrain aventure Neuville;15.0;175;3.3192025646704;49.8365540520489;9.947440142942227;EN PLACE
Quartier de Neuville;Terrain aventure Neuville;12.0;70;3.31924279599165;49.8365521642906;9.947440142942227;EN PLACE
Quartier de Neuville;Terrain aventure Neuville;10.0;65;3.31925607920884;49.8365606872139;9.947440142942227;EN PLACE
Quartier de Neuville;Terrain aventure Neuville;10.0;55;3.31929136897028;49.8365620207265;9.947440142942227;EN PLACE
Quartier de Neuville;Terrain aventure Neuville;8.0;40;3.31929477046614;49.8365769871184;9.947440142942227;EN PLACE
Quartier de Neuville;Terrain aventure Neuville;10.0;60;3.31931400433597;49.8365673094566;9.947440142942227;EN PLACE
Quartier de Neuville;Terrain aventure Neuville;10.0;140;3.31929709007449;49.8366835904599;9.947440142942227;EN PLACE
Quartier de Neuville;Terrain aventure Neuville;10.0;130;3.31945375501215;49.8366999379396;9.947440142942227;EN PLACE
Quartier de Neuville;Terrain aventure Neuville;9.0;130;3.31973039378009;49.8365077460165;9.947440142942227;Essouché
Quartier de Neuville;Terrain aventure Neuville;14.0;150;3.32044315518365;49.8362384630937;9.947440142942227;EN PLACE
Quartier de Neuville;Terrain aventure Neuville;15.0;140;3.32055148090104;49.836194678853;9.947440142942227;EN PLACE
Quartier de Neuville;Terrain aventure Neuville;16.0;160;3.32060297691011;49.8361432000581;9.947440142942227;EN PLACE
Quartier de Neuville;Terrain aventure Neuville;8.0;65;3.32132892127807;49.8358095793622;9.947440142942227;EN PLACE
Quartier de Neuville;Terrain aventure Neuville;6.0;60;3.3214571404406;49.8357735868097;9.947440142942227;EN PLACE
Quartier de Neuville;Terrain aventure Neuville;8.0;70;3.32153322839248;49.8357466448301;9.947440142942227;EN PLACE
Quartier de Neuville;Terrain aventure Neuville;6.0;55;3.32161482264759;49.8357184991546;9.947440142942227;EN PLACE
Quartier de Neuville;Terrain aventure Neuville;8.0;70;3.32168542740582;49.8356963263323;9.947440142942227;EN PLACE
Quartier de Neuville;Terrain aventure Neuville;8.0;70;3.32176152039699;49.8356699784684;9.947440142942227;EN PLACE
Quartier de Neuville;Terrain aventure Neuville;17.0;125;3.32174163702524;49.8357223259363;9.947440142942227;EN PLACE
Quartier de Neuville;Terrain aventure Neuville;17.0;100;3.32172797548627;49.8357413776174;9.947440142942227;EN PLACE
Quartier de Neuville;Terrain aventure Neuville;15.0;100;3.32170048663277;49.8357533349485;9.947440142942227;EN PLACE
Quartier de Neuville;Terrain aventure Neuville;17.0;100;3.32173272216792;49.8357657291483;9.947440142942227;EN PLACE
Quartier de Neuville;Terrain aventure Neuville;9.0;65;3.32110561720421;49.8359492221043;9.947440142942227;EN PLACE
Quartier de Neuville;Terrain aventure Neuville;7.0;65;3.32093882831959;49.8360174054075;9.947440142942227;EN PLACE
Quartier de Neuville;Terrain aventure Neuville;10.0;85;3.32088483861513;49.8360520140089;9.947440142942227;EN PLACE
Quartier de Neuville;Terrain aventure Neuville;10.0;90;3.32118329899023;49.8361754289412;9.947440142942227;EN PLACE
Quartier de Neuville;Terrain aventure Neuville;10.0;80;3.32119411524416;49.8362883078409;9.947440142942227;EN PLACE
Quartier de Neuville;Terrain aventure Neuville;8.0;70;3.32111078044624;49.8363319083276;9.947440142942227;EN PLACE
HARLY;Terrain aventure Neuville;14.0;175;3.32158358338825;49.8368565785179;9.947440142942227;EN PLACE
HARLY;Terrain aventure Neuville;14.0;135;3.32163697691845;49.8368730756198;9.947440142942227;EN PLACE
HARLY;Terrain aventure Neuville;14.0;140;3.32169381411409;49.8368527215719;9.947440142942227;EN PLACE
HARLY;Terrain aventure Neuville;12.0;135;3.32173905485767;49.8368876636136;9.947440142942227;EN PLACE
HARLY;Terrain aventure Neuville;12.0;130;3.32188493427569;49.836854595399;9.947440142942227;SUPPRIMÉ
HARLY;Avenue Pierre Chocquart;15.0;160;3.31958940191423;49.8367489019023;9.947440142942227;EN PLACE
HARLY;Avenue Pierre Chocquart;15.0;155;3.31973319097479;49.8367637529679;9.947440142942227;EN PLACE
HARLY;Avenue Pierre Chocquart;15.0;170;3.31987757825566;49.8367786660605;9.947440142942227;EN PLACE
HARLY;Avenue Pierre Chocquart;15.0;170;3.32001993336793;49.8367933687419;9.947440142942227;EN PLACE
HARLY;Avenue Pierre Chocquart;15.0;145;3.32015626690803;49.8368074484439;9.947440142942227;EN PLACE
HARLY;Avenue Pierre Chocquart;15.0;140;3.32029808804753;49.8368220965029;9.947440142942227;EN PLACE
HARLY;Avenue Pierre Chocquart;15.0;130;3.32043359410878;49.8368360918314;9.947440142942227;EN PLACE
HARLY;Avenue Pierre Chocquart;15.0;170;3.32070894082598;49.8368645277973;9.947440142942227;EN PLACE
HARLY;Avenue Pierre Chocquart;15.0;145;3.32084438035235;49.8368785156412;9.947440142942227;EN PLACE
HARLY;Avenue Pierre Chocquart;15.0;135;3.32099383714254;49.8368939511421;9.947440142942227;EN PLACE
HARLY;Avenue Pierre Chocquart;15.0;110;3.3211269566264;49.8369076986625;9.947440142942227;EN PLACE
HARLY;Avenue Pierre Chocquart;15.0;130;3.32126060476646;49.8369215003267;9.947440142942227;EN PLACE
HARLY;Avenue Pierre Chocquart;15.0;150;3.32140036647228;49.8369359333211;9.947440142942227;EN PLACE
HARLY;Avenue Pierre Chocquart;15.0;155;3.32153640034819;49.8369499807748;9.947440142942227;EN PLACE
HARLY;Avenue Pierre Chocquart;15.0;150;3.32167206012637;49.8369639904366;9.947440142942227;EN PLACE
HARLY;Avenue Pierre Chocquart;15.0;165;3.32180048253992;49.8369772519869;9.947440142942227;EN PLACE
Quartier du faubourg d'Isle;Avenue Pierre Chocquart;9.0;100;3.3184149092224;49.8367800628137;9.947440142942227;EN PLACE
Quartier du faubourg d'Isle;Avenue Pierre Chocquart;13.0;130;3.31831885432973;49.8367725590705;9.947440142942227;EN PLACE
Quartier du faubourg d'Isle;Avenue Pierre Chocquart;11.0;105;3.31822178141497;49.8367649743963;9.947440142942227;EN PLACE
Quartier du faubourg d'Isle;Avenue Pierre Chocquart;9.0;90;3.31813030776192;49.836757826693;9.947440142942227;EN PLACE
Quartier du faubourg d'Isle;Avenue Pierre Chocquart;10.0;105;3.31802887902335;49.8367499021328;9.947440142942227;EN PLACE
Quartier du faubourg d'Isle;Avenue Pierre Chocquart;12.0;110;3.31793780319324;49.8367427864669;9.947440142942227;EN PLACE
Quartier du faubourg d'Isle;Avenue Pierre Chocquart;12.0;115;3.31774784244517;49.8367279431254;9.947440142942227;EN PLACE
Quartier du faubourg d'Isle;Avenue Pierre Chocquart;10.0;75;3.31764415104986;49.83671984095;9.947440142942227;EN PLACE
Quartier du faubourg d'Isle;Avenue Pierre Chocquart;10.0;100;3.31755098222372;49.836712560726;9.947440142942227;EN PLACE
Quartier du faubourg d'Isle;Avenue Pierre Chocquart;11.0;105;3.31744700718017;49.8367044366674;9.947440142942227;EN PLACE
Quartier du faubourg d'Isle;Avenue Pierre Chocquart;10.0;105;3.31734863416891;49.8366967495977;9.947440142942227;EN PLACE
Quartier du faubourg d'Isle;Avenue Pierre Chocquart;10.0;95;3.31724658262021;49.8366887756985;9.947440142942227;EN PLACE
Quartier du faubourg d'Isle;Avenue Pierre Chocquart;10.0;95;3.31714458811945;49.8366808051527;9.947440142942227;EN PLACE
Quartier du faubourg d'Isle;Avenue Pierre Chocquart;8.0;90;3.31704519577685;49.8366730387686;9.947440142942227;EN PLACE
Quartier du faubourg d'Isle;Avenue Pierre Chocquart;9.0;105;3.31685031505165;49.8366578098806;9.947440142942227;EN PLACE
Quartier du faubourg d'Isle;Avenue Pierre Chocquart;8.0;105;3.3167489437468;49.8366498885553;9.947440142942227;EN PLACE
Quartier du faubourg d'Isle;Avenue Pierre Chocquart;8.0;110;3.31645959156603;49.8366272773082;9.947440142942227;EN PLACE
Quartier du faubourg d'Isle;Avenue des Fusillés de Fontaine Notre Dame;14.0;100;3.31622533008179;49.8367105727491;9.947440142942227;EN PLACE
Quartier du faubourg d'Isle;Avenue des Fusillés de Fontaine Notre Dame;5.0;165;3.31666144790485;49.8371644030846;9.947440142942227;EN PLACE
Quartier du faubourg d'Isle;Avenue des Fusillés de Fontaine Notre Dame;5.0;155;3.31673123854642;49.8372177043415;9.947440142942227;Essouché
Quartier du faubourg d'Isle;Avenue des Fusillés de Fontaine Notre Dame;5.0;140;3.31679937565149;49.8372706530923;9.947440142942227;EN PLACE
Quartier du faubourg d'Isle;Avenue des Fusillés de Fontaine Notre Dame;5.0;165;3.3168819106514;49.8373342617443;9.947440142942227;EN PLACE
Quartier du faubourg d'Isle;Avenue des Fusillés de Fontaine Notre Dame;6.0;145;3.31638454604143;49.8383845262801;9.947440142942227;EN PLACE
Quartier du faubourg d'Isle;Avenue des Fusillés de Fontaine Notre Dame;6.0;120;3.31632426721328;49.8384435132922;9.947440142942227;EN PLACE
Quartier du faubourg d'Isle;Avenue des Fusillés de Fontaine Notre Dame;6.0;150;3.31625630629723;49.8385078685742;9.947440142942227;EN PLACE
Quartier du faubourg d'Isle;Avenue des Fusillés de Fontaine Notre Dame;6.0;105;3.31618944066167;49.8385711518828;9.947440142942227;EN PLACE
Quartier du faubourg d'Isle;Avenue des Fusillés de Fontaine Notre Dame;6.0;105;3.31612530705549;49.8386308612253;9.947440142942227;EN PLACE
Quartier du faubourg d'Isle;Avenue des Fusillés de Fontaine Notre Dame;7.0;90;3.31507627412957;49.8393292037364;9.947440142942227;Essouché
Quartier du faubourg d'Isle;Avenue des Fusillés de Fontaine Notre Dame;7.0;90;3.31483230500481;49.8394605689194;9.947440142942227;Essouché
Quartier du faubourg d'Isle;Avenue des Fusillés de Fontaine Notre Dame;7.0;75;3.31444546238221;49.8396678894848;9.947440142942227;EN PLACE
Quartier du faubourg d'Isle;Avenue des Fusillés de Fontaine Notre Dame;4.0;20;3.31431123613867;49.839739449931;9.947440142942227;EN PLACE
Quartier du faubourg d'Isle;Avenue des Fusillés de Fontaine Notre Dame;8.0;75;3.31400962088265;49.8399035145343;9.947440142942227;EN PLACE
Quartier du faubourg d'Isle;Avenue des Fusillés de Fontaine Notre Dame;8.0;85;3.31357970450271;49.8401302564862;9.947440142942227;EN PLACE
Quartier du faubourg d'Isle;Avenue des Fusillés de Fontaine Notre Dame;8.0;80;3.31345588429077;49.8401966554091;9.947440142942227;EN PLACE
Quartier du faubourg d'Isle;Avenue des Fusillés de Fontaine Notre Dame;8.0;80;3.31330203685068;49.8402816711335;9.947440142942227;EN PLACE
Quartier du faubourg d'Isle;Avenue des Fusillés de Fontaine Notre Dame;6.0;85;3.31318257483876;49.8403540773254;9.947440142942227;EN PLACE
Quartier du faubourg d'Isle;Avenue des Fusillés de Fontaine Notre Dame;6.0;70;3.31304313753848;49.8404396260558;9.947440142942227;EN PLACE
Quartier du faubourg d'Isle;Avenue des Fusillés de Fontaine Notre Dame;6.0;70;3.31292918865327;49.8405097075993;9.947440142942227;EN PLACE
Quartier du faubourg d'Isle;Avenue des Fusillés de Fontaine Notre Dame;7.0;75;3.31304616205816;49.8403093884846;9.947440142942227;EN PLACE
Quartier du faubourg d'Isle;Avenue des Fusillés de Fontaine Notre Dame;7.0;65;3.31317871510237;49.8402282302335;9.947440142942227;EN PLACE
Quartier du faubourg d'Isle;Avenue des Fusillés de Fontaine Notre Dame;8.0;65;3.31329841105564;49.8401602899389;9.947440142942227;REMPLACÉ
Quartier du faubourg d'Isle;Avenue des Fusillés de Fontaine Notre Dame;7.0;60;3.31342150043364;49.8400943687348;9.947440142942227;EN PLACE
Quartier du faubourg d'Isle;Avenue des Fusillés de Fontaine Notre Dame;7.0;80;3.31376094023423;49.8399113000612;9.947440142942227;EN PLACE
Quartier du faubourg d'Isle;Avenue des Fusillés de Fontaine Notre Dame;7.0;90;3.3140329633842;49.8397690491158;9.947440142942227;EN PLACE
Quartier du faubourg d'Isle;Avenue des Fusillés de Fontaine Notre Dame;6.0;30;3.31428573978043;49.8396350493759;9.947440142942227;EN PLACE
Quartier du faubourg d'Isle;Avenue des Fusillés de Fontaine Notre Dame;7.0;75;3.31441103035658;49.8395687651912;9.947440142942227;EN PLACE
Quartier du faubourg d'Isle;Avenue des Fusillés de Fontaine Notre Dame;7.0;70;3.31453522140223;49.8395031958708;9.947440142942227;REMPLACÉ
Quartier du faubourg d'Isle;Avenue des Fusillés de Fontaine Notre Dame;7.0;95;3.31480828952576;49.8393581127513;9.947440142942227;REMPLACÉ
Quartier du faubourg d'Isle;Avenue des Fusillés de Fontaine Notre Dame;7.0;80;3.3151832117188;49.8391555169474;9.947440142942227;EN PLACE
Quartier du faubourg d'Isle;Avenue des Fusillés de Fontaine Notre Dame;7.0;80;3.31530317642855;49.8390904337477;9.947440142942227;EN PLACE
Quartier du faubourg d'Isle;Avenue des Fusillés de Fontaine Notre Dame;7.0;80;3.31542452119411;49.8390253467143;9.947440142942227;EN PLACE
Quartier du faubourg d'Isle;Avenue des Fusillés de Fontaine Notre Dame;7.0;95;3.31555409908348;49.8389545931271;9.947440142942227;EN PLACE
Quartier du faubourg d'Isle;Avenue des Fusillés de Fontaine Notre Dame;4.0;125;3.31592525959196;49.8386645894913;9.947440142942227;EN PLACE
Quartier du faubourg d'Isle;Avenue des Fusillés de Fontaine Notre Dame;4.0;150;3.31599815166357;49.8385952295552;9.947440142942227;EN PLACE
Quartier du faubourg d'Isle;Avenue des Fusillés de Fontaine Notre Dame;4.0;120;3.31607268535806;49.8385237262888;9.947440142942227;EN PLACE
Quartier du faubourg d'Isle;Avenue des Fusillés de Fontaine Notre Dame;6.0;145;3.31688136362679;49.8376040296773;9.947440142942227;EN PLACE
Quartier du faubourg d'Isle;Avenue des Fusillés de Fontaine Notre Dame;6.0;210;3.31686671339507;49.837538104322;9.947440142942227;EN PLACE
Quartier du faubourg d'Isle;Avenue des Fusillés de Fontaine Notre Dame;6.0;165;3.31677671123936;49.8373966086976;9.947440142942227;EN PLACE
Quartier du faubourg d'Isle;Avenue des Fusillés de Fontaine Notre Dame;6.0;145;3.31662528914951;49.8372775573963;9.947440142942227;EN PLACE
Quartier du faubourg d'Isle;Avenue des Fusillés de Fontaine Notre Dame;6.0;160;3.31655328676725;49.8372233692764;9.947440142942227;SUPPRIMÉ
Quartier du faubourg d'Isle;Avenue des Fusillés de Fontaine Notre Dame;6.0;140;3.31535556118992;49.8364933587856;9.947440142942227;EN PLACE
Quartier du faubourg d'Isle;Avenue des Fusillés de Fontaine Notre Dame;6.0;150;3.31513803577023;49.8364407941922;9.947440142942227;SUPPRIMÉ
Quartier du faubourg d'Isle;Avenue des Fusillés de Fontaine Notre Dame;5.0;105;3.31364760772978;49.8360804980718;9.947440142942227;SUPPRIMÉ
Quartier Saint-Martin - Oëstres;Rue Roland Garros;14.0;180;3.26206325182174;49.8348518792072;9.947440142942227;EN PLACE
Quartier du faubourg d'Isle;Avenue des Fusillés de Fontaine Notre Dame;5.0;130;3.31333771727444;49.8360078437844;9.947440142942227;EN PLACE
Quartier du faubourg d'Isle;Avenue des Fusillés de Fontaine Notre Dame;5.0;155;3.31293234109916;49.8359102372479;9.947440142942227;EN PLACE
Quartier du faubourg d'Isle;Avenue des Fusillés de Fontaine Notre Dame;5.0;180;3.31272917375645;49.835860841352;9.947440142942227;EN PLACE
Quartier du faubourg d'Isle;Avenue des Fusillés de Fontaine Notre Dame;5.0;155;3.31243037992731;49.8357696155841;9.947440142942227;EN PLACE
Quartier du faubourg d'Isle;Square Pierre Boulard;13.0;150;3.30823595880836;49.8343360966448;9.947440142942227;SUPPRIMÉ
Quartier du faubourg d'Isle;Square Pierre Boulard;12.0;150;3.30839300748053;49.8344179921823;9.947440142942227;EN PLACE
Quartier du faubourg d'Isle;Square Pierre Boulard;10.0;95;3.30839674990725;49.8344900069796;9.947440142942227;EN PLACE
Quartier du faubourg d'Isle;Square Pierre Boulard;10.0;75;3.30837087045695;49.8345131772337;9.947440142942227;EN PLACE
Quartier du faubourg d'Isle;Square Pierre Boulard;13.0;140;3.30820005612499;49.8344522812096;9.947440142942227;SUPPRIMÉ
Quartier du faubourg d'Isle;Square Pierre Boulard;13.0;145;3.30806643993669;49.8343803097775;9.947440142942227;SUPPRIMÉ
Quartier Saint-Martin - Oëstres;Rue Roland Garros;9.0;140;3.26118890923975;49.835116741546;9.947440142942227;EN PLACE
Quartier Saint-Martin - Oëstres;Rue Roland Garros;9.0;135;3.26125790095512;49.8350971018111;9.947440142942227;EN PLACE
Quartier Saint-Martin - Oëstres;Rue Roland Garros;3.0;15;3.26159390840324;49.8349751558726;9.947440142942227;EN PLACE
Quartier Saint-Martin - Oëstres;Rue Roland Garros;3.0;15;3.26171350521582;49.8349340144749;9.947440142942227;EN PLACE
Quartier Saint-Martin - Oëstres;Rue Roland Garros;18.0;120;3.26182281286347;49.8348933706099;9.947440142942227;EN PLACE
Quartier Saint-Martin - Oëstres;Rue Roland Garros;17.0;110;3.26182957460503;49.8348971594413;9.947440142942227;EN PLACE
Quartier Saint-Martin - Oëstres;Rue Roland Garros;9.0;125;3.26200911924927;49.834843775477;9.947440142942227;EN PLACE
Quartier de l'Europe;Rue Gay Lussac;30.0;225;3.30081484910067;49.8598192212835;9.947440142942227;EN PLACE
Quartier de l'Europe;Rue Fleming;16.0;145;3.3015208054252;49.8647224744355;9.947440142942227;EN PLACE
Quartier Saint-Martin - Oëstres;Rue Roland Garros;14.0;150;3.26205360277194;49.8347615732687;9.947440142942227;EN PLACE
Quartier Saint-Martin - Oëstres;Rue Jean Falloux;6.0;90;3.26389860246238;49.8348988774629;9.947440142942227;SUPPRIMÉ
Quartier Saint-Martin - Oëstres;Rue Jean Falloux;12.0;130;3.26369477966202;49.8350846530469;9.947440142942227;EN PLACE
Quartier Saint-Martin - Oëstres;Rue Jean Falloux;15.0;155;3.26370499183046;49.8351053102396;9.947440142942227;EN PLACE
Quartier Saint-Martin - Oëstres;Rue Jean Falloux;15.0;155;3.26375136810823;49.8351189975864;9.947440142942227;EN PLACE
Quartier Saint-Martin - Oëstres;Rue Jean Falloux;12.0;115;3.26318677557385;49.8354407000577;9.947440142942227;EN PLACE
Quartier Saint-Martin - Oëstres;Rue Jean Falloux;17.0;205;3.26211894095823;49.8353012884169;9.947440142942227;EN PLACE
Quartier Saint-Martin - Oëstres;Rue Jean Falloux;3.0;80;3.26224820351474;49.8360735628293;9.947440142942227;EN PLACE
Quartier Saint-Martin - Oëstres;Rue Jean Falloux;9.0;70;3.26228269111024;49.8360906029289;9.947440142942227;EN PLACE
Quartier Saint-Martin - Oëstres;Rue Jean Falloux;9.0;80;3.2622848952107;49.8360618838968;9.947440142942227;EN PLACE
Quartier Saint-Martin - Oëstres;Rue Jean Falloux;9.0;135;3.26234200047621;49.8360714355299;9.947440142942227;EN PLACE
Quartier Saint-Martin - Oëstres;Rue Jean Falloux;10.0;65;3.26233352649511;49.8361210743665;9.947440142942227;EN PLACE
Quartier Saint-Martin - Oëstres;Rue Jean Falloux;11.0;55;3.2623349438967;49.8361287968017;9.947440142942227;EN PLACE
Quartier Saint-Martin - Oëstres;Rue Jean Falloux;8.0;20;3.26234457302278;49.8361252105158;9.947440142942227;SUPPRIMÉ
Quartier Saint-Martin - Oëstres;Rue Jean Falloux;11.0;100;3.26239979754192;49.8361441066353;9.947440142942227;EN PLACE
Quartier Saint-Martin - Oëstres;Rue Jean Falloux;15.0;105;3.26243797066234;49.8361526423539;9.947440142942227;EN PLACE
Quartier Saint-Martin - Oëstres;Rue Jean Falloux;18.0;135;3.26247798140716;49.8361611730516;9.947440142942227;EN PLACE
Quartier Saint-Martin - Oëstres;Rue Jean Falloux;14.0;70;3.26247187245808;49.8361344442402;9.947440142942227;SUPPRIMÉ
Quartier Saint-Martin - Oëstres;Rue Jean Falloux;16.0;120;3.2624620565266;49.8361017818448;9.947440142942227;EN PLACE
Quartier Saint-Martin - Oëstres;Rue Jean Falloux;18.0;150;3.26241475770062;49.8361054487695;9.947440142942227;EN PLACE
Quartier Saint-Martin - Oëstres;Rue Jean Falloux;17.0;80;3.26243878882168;49.8361330293781;9.947440142942227;SUPPRIMÉ
Quartier Saint-Martin - Oëstres;Rue Jean Falloux;11.0;135;3.26053081420166;49.8361706979477;9.947440142942227;EN PLACE
Quartier Saint-Martin - Oëstres;Stade Gaston Massot;17.0;125;3.26331606236672;49.8360198906824;9.947440142942227;SUPPRIMÉ
Quartier Saint-Martin - Oëstres;Stade Gaston Massot;17.0;115;3.26317227829748;49.8361099319376;9.947440142942227;SUPPRIMÉ
Quartier Saint-Martin - Oëstres;Stade Gaston Massot;18.0;125;3.2630394971342;49.8361957911114;9.947440142942227;SUPPRIMÉ
Quartier Saint-Martin - Oëstres;Stade Gaston Massot;20.0;145;3.26297357145371;49.8362399081531;9.947440142942227;SUPPRIMÉ
Quartier Saint-Martin - Oëstres;Stade Gaston Massot;21.0;150;3.26290121536823;49.836284038661;9.947440142942227;SUPPRIMÉ
Quartier Saint-Martin - Oëstres;Stade Gaston Massot;21.0;165;3.26263760476263;49.8364424395103;9.947440142942227;SUPPRIMÉ
Quartier Saint-Martin - Oëstres;Stade Gaston Massot;21.0;190;3.26271853451147;49.8364930137923;9.947440142942227;SUPPRIMÉ
Quartier Saint-Martin - Oëstres;Stade Gaston Massot;17.0;125;3.26336367142152;49.836234506736;9.947440142942227;Essouché
Quartier Saint-Martin - Oëstres;Stade Gaston Massot;18.0;125;3.26332990745347;49.8363151605398;9.947440142942227;Essouché
Quartier Saint-Martin - Oëstres;Stade Gaston Massot;21.0;175;3.26341627911706;49.8364410155191;9.947440142942227;Essouché
Quartier Saint-Martin - Oëstres;Stade Gaston Massot;21.0;150;3.26349081652419;49.8365702810489;9.947440142942227;Essouché
Quartier Saint-Martin - Oëstres;Stade Gaston Massot;7.0;55;3.26356107964565;49.8365120127057;9.947440142942227;Essouché
Quartier Saint-Martin - Oëstres;Stade Gaston Massot;7.0;55;3.26355568552798;49.836428234442;9.947440142942227;EN PLACE
Quartier Saint-Martin - Oëstres;Stade Gaston Massot;7.0;55;3.26348300876606;49.8363392533432;9.947440142942227;EN PLACE
Quartier Saint-Martin - Oëstres;Stade Gaston Massot;7.0;50;3.26361809723788;49.8363443101982;9.947440142942227;EN PLACE
Quartier Saint-Martin - Oëstres;Stade Gaston Massot;7.0;60;3.26367553826556;49.836472187209;9.947440142942227;EN PLACE
Quartier Saint-Martin - Oëstres;Stade Gaston Massot;18.0;125;3.26381819896466;49.8364289069684;9.947440142942227;Essouché
Quartier Saint-Martin - Oëstres;Stade Gaston Massot;17.0;100;3.2638229201596;49.8364890343246;9.947440142942227;Essouché
Quartier Saint-Martin - Oëstres;Stade Gaston Massot;13.0;80;3.26387771876762;49.8364965225627;9.947440142942227;EN PLACE
Quartier Saint-Martin - Oëstres;Stade Gaston Massot;13.0;75;3.26391878367051;49.8364778925643;9.947440142942227;EN PLACE
Quartier Saint-Martin - Oëstres;Stade Gaston Massot;13.0;115;3.26389990300556;49.8364510738702;9.947440142942227;EN PLACE
Quartier Saint-Martin - Oëstres;Stade Gaston Massot;13.0;95;3.26410935226511;49.836515750282;9.947440142942227;EN PLACE
Quartier Saint-Martin - Oëstres;Stade Gaston Massot;13.0;105;3.26410356029311;49.8365328777763;9.947440142942227;EN PLACE
Quartier Saint-Martin - Oëstres;Stade Gaston Massot;14.0;115;3.26405548767585;49.8365467675894;9.947440142942227;EN PLACE
Quartier Saint-Martin - Oëstres;Stade Gaston Massot;15.0;95;3.26403598255842;49.8366613055583;9.947440142942227;EN PLACE
Quartier Saint-Martin - Oëstres;Stade Gaston Massot;15.0;65;3.2639845722224;49.836669499228;9.947440142942227;EN PLACE
Quartier Saint-Martin - Oëstres;Stade Gaston Massot;15.0;100;3.26397841949365;49.8366880534316;9.947440142942227;EN PLACE
Quartier Saint-Martin - Oëstres;Stade Gaston Massot;15.0;100;3.26396933831415;49.8367087521796;9.947440142942227;EN PLACE
Quartier Saint-Martin - Oëstres;Stade Gaston Massot;15.0;70;3.26394468070178;49.8367021501092;9.947440142942227;EN PLACE
Quartier Saint-Martin - Oëstres;Stade Gaston Massot;15.0;90;3.26392000148821;49.8366912694672;9.947440142942227;EN PLACE
Quartier Saint-Martin - Oëstres;Stade Gaston Massot;15.0;85;3.26386426744711;49.8366450375656;9.947440142942227;EN PLACE
Quartier Saint-Martin - Oëstres;Stade Gaston Massot;15.0;85;3.26383407154859;49.8366334563543;9.947440142942227;EN PLACE
Quartier Saint-Martin - Oëstres;Stade Gaston Massot;14.0;85;3.26385392516685;49.836563767126;9.947440142942227;EN PLACE
Quartier Saint-Martin - Oëstres;Stade Gaston Massot;13.0;80;3.26428916833364;49.836678719589;9.947440142942227;EN PLACE
Quartier Saint-Martin - Oëstres;Stade Gaston Massot;15.0;105;3.26435135836657;49.8366586186637;9.947440142942227;EN PLACE
Quartier Saint-Martin - Oëstres;Stade Gaston Massot;13.0;85;3.26438864457084;49.8367266382956;9.947440142942227;EN PLACE
Quartier Saint-Martin - Oëstres;Stade Gaston Massot;13.0;80;3.26444000924027;49.8367450683446;9.947440142942227;EN PLACE
Quartier Saint-Martin - Oëstres;Rond Point Mc Donald;11.0;85;3.26885955355025;49.8495404022193;9.947440142942227;EN PLACE
Quartier Saint-Martin - Oëstres;Rond Point Mc Donald;11.0;65;3.26881998812141;49.849566635475;9.947440142942227;EN PLACE
Quartier Saint-Martin - Oëstres;Rond Point Mc Donald;5.0;75;3.26912195318014;49.849564563643;9.947440142942227;EN PLACE
Quartier du Vermandois;Rond Point Mc Donald;4.0;45;3.26910411440248;49.8496323472619;9.947440142942227;EN PLACE
Quartier Saint-Martin - Oëstres;Rue Joule;12.0;130;3.27393544658917;49.8464419478561;9.947440142942227;EN PLACE
Quartier Saint-Martin - Oëstres;Rue Joule;12.0;125;3.27396755643318;49.8464661204197;9.947440142942227;EN PLACE
Quartier Saint-Martin - Oëstres;Rue Joule;12.0;210;3.27398479130797;49.8464928225661;9.947440142942227;EN PLACE
Quartier Saint-Jean;Ruelle Carlier;7.0;100;3.27671797473345;49.8479646034466;9.947440142942227;EN PLACE
Quartier Saint-Jean;Ruelle Carlier;5.0;55;3.27665672125907;49.8479894618944;9.947440142942227;EN PLACE
Quartier Saint-Jean;Ruelle Carlier;5.0;65;3.2765973043958;49.8480143168819;9.947440142942227;EN PLACE
Quartier Saint-Jean;Rue Demoustier;10.0;120;3.27597221893546;49.8475066420466;9.947440142942227;EN PLACE
Quartier Saint-Jean;Rue Demoustier;4.0;55;3.2758495019497;49.8475721190505;9.947440142942227;EN PLACE
Quartier Saint-Jean;Rue Demoustier;4.0;55;3.27581446817702;49.8475888257669;9.947440142942227;EN PLACE
Quartier Saint-Jean;Rue Demoustier;4.0;60;3.27575407802982;49.8476171304902;9.947440142942227;EN PLACE
Quartier Saint-Jean;Rue Demoustier;4.0;60;3.27574634805921;49.8475471689902;9.947440142942227;EN PLACE
Quartier Saint-Jean;Stade Paul Debrésie;5.0;25;3.27869074796198;49.8668702882818;9.947440142942227;EN PLACE
Quartier Saint-Jean;Stade Paul Debrésie;13.0;120;3.27757609826255;49.8653723983179;9.947440142942227;EN PLACE
Quartier Saint-Jean;Stade Paul Debrésie;13.0;120;3.27755322875108;49.8653085696835;9.947440142942227;EN PLACE
Quartier Saint-Jean;Stade Paul Debrésie;10.0;110;3.27760645237885;49.8652912163506;9.947440142942227;EN PLACE
Quartier Saint-Jean;Stade Paul Debrésie;10.0;100;3.27759624195997;49.865188437153;9.947440142942227;EN PLACE
Quartier Saint-Jean;Stade Paul Debrésie;10.0;100;3.27766169704107;49.8650533983874;9.947440142942227;EN PLACE
Quartier Saint-Jean;Stade Paul Debrésie;15.0;130;3.27776526192605;49.8650799037407;9.947440142942227;EN PLACE
Quartier Saint-Jean;Stade Paul Debrésie;15.0;90;3.27782010628129;49.8650221379031;9.947440142942227;EN PLACE
Quartier Saint-Jean;Stade Paul Debrésie;15.0;70;3.27788655661712;49.8650701192716;9.947440142942227;EN PLACE
Quartier Saint-Jean;Stade Paul Debrésie;15.0;90;3.27771762294117;49.8649409616801;9.947440142942227;EN PLACE
Quartier Saint-Jean;Stade Paul Debrésie;12.0;90;3.27774587738563;49.8648963290954;9.947440142942227;EN PLACE
Quartier Saint-Jean;Stade Paul Debrésie;15.0;90;3.27781236047734;49.8648658730591;9.947440142942227;EN PLACE
Quartier Saint-Jean;Stade Paul Debrésie;15.0;120;3.27781687850891;49.8649359817585;9.947440142942227;EN PLACE
Quartier Saint-Jean;Stade Paul Debrésie;15.0;80;3.2779354689394;49.8649360086429;9.947440142942227;EN PLACE
Quartier Saint-Jean;Stade Paul Debrésie;12.0;100;3.27801242355754;49.8648871071341;9.947440142942227;EN PLACE
Quartier Saint-Jean;Stade Paul Debrésie;13.0;80;3.27808923009275;49.864895548054;9.947440142942227;EN PLACE
Quartier Saint-Jean;Stade Paul Debrésie;13.0;155;3.2781180560576;49.8649555001849;9.947440142942227;EN PLACE
Quartier Saint-Jean;Stade Paul Debrésie;12.0;90;3.27819997262992;49.8649737348388;9.947440142942227;EN PLACE
Quartier Saint-Jean;Stade Paul Debrésie;8.0;60;3.27800291761429;49.8650826310368;9.947440142942227;EN PLACE
Quartier Saint-Jean;Stade Paul Debrésie;4.0;15;3.27807315146219;49.8650658323926;9.947440142942227;EN PLACE
Quartier Saint-Jean;Stade Paul Debrésie;4.0;15;3.2781340572725;49.8650240973497;9.947440142942227;EN PLACE
Quartier Saint-Jean;Stade Paul Debrésie;4.0;15;3.27821039833126;49.8650313516515;9.947440142942227;EN PLACE
Quartier Saint-Jean;Stade Paul Debrésie;10.0;105;3.2783479811749;49.8649739927984;9.947440142942227;EN PLACE
Quartier Saint-Jean;Stade Paul Debrésie;10.0;100;3.27844085327902;49.8649779397334;9.947440142942227;EN PLACE
Quartier Saint-Jean;Stade Paul Debrésie;12.0;90;3.27850953869571;49.8649302451447;9.947440142942227;EN PLACE
Quartier Saint-Jean;Stade Paul Debrésie;10.0;110;3.27887151551384;49.8651409661471;9.947440142942227;EN PLACE
Quartier Saint-Jean;Stade Paul Debrésie;10.0;110;3.27892723663849;49.8651598531659;9.947440142942227;EN PLACE
Quartier Saint-Jean;Stade Paul Debrésie;10.0;120;3.27896734405146;49.8651814519119;9.947440142942227;EN PLACE
Quartier Saint-Jean;Stade Paul Debrésie;10.0;125;3.27903003801312;49.8652145848023;9.947440142942227;EN PLACE
Quartier Saint-Jean;Stade Paul Debrésie;10.0;80;3.27902701740053;49.8651664596931;9.947440142942227;EN PLACE
Quartier Saint-Jean;Stade Paul Debrésie;10.0;80;3.27897267624108;49.8651478652302;9.947440142942227;EN PLACE
Quartier Saint-Jean;Stade Paul Debrésie;10.0;115;3.27893627695924;49.8651319045938;9.947440142942227;EN PLACE
Quartier Saint-Jean;Stade Paul Debrésie;10.0;100;3.27907287481089;49.8651467452139;9.947440142942227;EN PLACE
Quartier Saint-Jean;Stade Paul Debrésie;10.0;80;3.27912403692573;49.8650883932452;9.947440142942227;EN PLACE
Quartier Saint-Jean;Stade Paul Debrésie;10.0;100;3.27916527509972;49.8651486132016;9.947440142942227;EN PLACE
Quartier Saint-Jean;Stade Paul Debrésie;10.0;100;3.27921946298521;49.8651392799395;9.947440142942227;EN PLACE
Quartier Saint-Jean;Stade Paul Debrésie;10.0;100;3.27923257466245;49.8650994362609;9.947440142942227;EN PLACE
Quartier Saint-Jean;Stade Paul Debrésie;10.0;90;3.2792772566239;49.8651168641342;9.947440142942227;Non essouché
Quartier Saint-Jean;Stade Paul Debrésie;13.0;110;3.27935316476857;49.8650450852839;9.947440142942227;EN PLACE
Quartier Saint-Jean;Stade Paul Debrésie;13.0;70;3.27937438003856;49.8650581096624;9.947440142942227;EN PLACE
Quartier Saint-Jean;Stade Paul Debrésie;13.0;90;3.2794479359111;49.8650603180394;9.947440142942227;EN PLACE
Quartier Saint-Jean;Stade Paul Debrésie;13.0;120;3.27944255468545;49.8650849908087;9.947440142942227;EN PLACE
Quartier Saint-Jean;Stade Paul Debrésie;4.0;80;3.27956027052152;49.8652788437088;9.947440142942227;EN PLACE
Quartier Saint-Jean;Stade Paul Debrésie;4.0;90;3.27957812122305;49.8652483774619;9.947440142942227;EN PLACE
Quartier Saint-Jean;Stade Paul Debrésie;4.0;100;3.27962965492352;49.8652580049398;9.947440142942227;EN PLACE
Quartier Saint-Jean;Stade Paul Debrésie;4.0;75;3.27961805202546;49.8652879807237;9.947440142942227;EN PLACE
Quartier Saint-Jean;Stade Paul Debrésie;4.0;80;3.27960352506787;49.8653210534922;9.947440142942227;EN PLACE
Quartier Saint-Jean;Stade Paul Debrésie;4.0;90;3.27965579596316;49.8653309165519;9.947440142942227;EN PLACE
Quartier Saint-Jean;Stade Paul Debrésie;4.0;70;3.27966885543599;49.8652985611149;9.947440142942227;EN PLACE
Quartier Saint-Jean;Stade Paul Debrésie;3.0;60;3.28004917451665;49.8670578284087;9.947440142942227;EN PLACE
Quartier Saint-Jean;Stade Paul Debrésie;4.0;110;3.27968192711478;49.8652681062324;9.947440142942227;EN PLACE
Quartier Saint-Jean;Stade Paul Debrésie;5.0;100;3.28010815438186;49.865408853988;9.947440142942227;EN PLACE
Quartier Saint-Jean;Stade Paul Debrésie;5.0;80;3.28016013749721;49.865416756688;9.947440142942227;EN PLACE
Quartier Saint-Jean;Stade Paul Debrésie;5.0;80;3.28021580113999;49.8654249481682;9.947440142942227;EN PLACE
Quartier Saint-Jean;Stade Paul Debrésie;5.0;90;3.2802668751168;49.8654346358005;9.947440142942227;EN PLACE
Quartier Saint-Jean;Stade Paul Debrésie;5.0;90;3.28027865211514;49.8654028173906;9.947440142942227;EN PLACE
Quartier Saint-Jean;Stade Paul Debrésie;5.0;30;3.28022756660248;49.8653913478796;9.947440142942227;EN PLACE
Quartier Saint-Jean;Stade Paul Debrésie;5.0;70;3.28017328780972;49.865384044057;9.947440142942227;EN PLACE
Quartier Saint-Jean;Stade Paul Debrésie;5.0;90;3.28011945414274;49.8653740653816;9.947440142942227;EN PLACE
Quartier Saint-Jean;Stade Paul Debrésie;5.0;40;3.28013264039228;49.8653478887413;9.947440142942227;EN PLACE
Quartier Saint-Jean;Stade Paul Debrésie;5.0;80;3.28018554419681;49.8653557901331;9.947440142942227;EN PLACE
Quartier Saint-Jean;Stade Paul Debrésie;5.0;95;3.28023753405594;49.8653648813231;9.947440142942227;EN PLACE
Quartier Saint-Jean;Stade Paul Debrésie;5.0;95;3.28029044807375;49.8653745645547;9.947440142942227;EN PLACE
Quartier Saint-Jean;Stade Paul Debrésie;12.0;110;3.28054554028171;49.8651710486294;9.947440142942227;EN PLACE
Quartier Saint-Jean;Stade Paul Debrésie;12.0;120;3.28052766843894;49.8651308005191;9.947440142942227;EN PLACE
Quartier Saint-Jean;Stade Paul Debrésie;16.0;125;3.28061762582558;49.8651398646781;9.947440142942227;EN PLACE
Quartier Saint-Jean;Stade Paul Debrésie;14.0;115;3.28065830585124;49.8651148135167;9.947440142942227;EN PLACE
Quartier Saint-Jean;Stade Paul Debrésie;12.0;65;3.28074941234414;49.8651324310611;9.947440142942227;Non essouché
Quartier Saint-Jean;Stade Paul Debrésie;14.0;115;3.28076020559607;49.8651890955802;9.947440142942227;EN PLACE
Quartier Saint-Jean;Stade Paul Debrésie;8.0;70;3.28118871583016;49.8655770935001;9.947440142942227;EN PLACE
Quartier Saint-Jean;Stade Paul Debrésie;11.0;140;3.28105069120513;49.8655538805341;9.947440142942227;EN PLACE
Quartier Saint-Jean;Stade Paul Debrésie;11.0;115;3.28104064082025;49.8655317979163;9.947440142942227;EN PLACE
Quartier Saint-Jean;Stade Paul Debrésie;11.0;130;3.28100763851441;49.8655486306268;9.947440142942227;EN PLACE
Quartier Saint-Jean;Stade Paul Debrésie;6.0;80;3.2805559500942;49.8655596521633;9.947440142942227;EN PLACE
Quartier Saint-Jean;Stade Paul Debrésie;6.0;90;3.28066188007572;49.8655644004659;9.947440142942227;EN PLACE
Quartier Saint-Jean;Stade Paul Debrésie;7.0;70;3.28080545808011;49.8655943767282;9.947440142942227;EN PLACE
Quartier Saint-Jean;Stade Paul Debrésie;3.0;50;3.28058703427169;49.8671498881803;9.947440142942227;EN PLACE
Quartier Saint-Jean;Stade Paul Debrésie;3.0;50;3.28051939758267;49.8671381598569;9.947440142942227;EN PLACE
Quartier Saint-Jean;Stade Paul Debrésie;3.0;50;3.2804536044771;49.8671270195638;9.947440142942227;EN PLACE
Quartier Saint-Jean;Stade Paul Debrésie;3.0;50;3.28038229338533;49.8671155957218;9.947440142942227;EN PLACE
Quartier Saint-Jean;Stade Paul Debrésie;3.0;50;3.2803215579771;49.867104741764;9.947440142942227;EN PLACE
Quartier Saint-Jean;Stade Paul Debrésie;3.0;55;3.2802506994668;49.8670924258068;9.947440142942227;EN PLACE
Quartier Saint-Jean;Stade Paul Debrésie;3.0;50;3.28018307110958;49.8670818849102;9.947440142942227;EN PLACE
Quartier Saint-Jean;Stade Paul Debrésie;3.0;50;3.28011634859776;49.8670689647355;9.947440142942227;EN PLACE
Quartier Saint-Jean;Stade Paul Debrésie;3.0;60;3.27997831892426;49.8670455122803;9.947440142942227;EN PLACE
Quartier Saint-Jean;Stade Paul Debrésie;3.0;60;3.27991252437848;49.8670340759015;9.947440142942227;EN PLACE
Quartier Saint-Jean;Stade Paul Debrésie;3.0;60;3.279843508227;49.8670223486786;9.947440142942227;EN PLACE
Quartier Saint-Jean;Stade Paul Debrésie;3.0;40;3.27977863651688;49.8670115042956;9.947440142942227;EN PLACE
Quartier Saint-Jean;Stade Paul Debrésie;3.0;40;3.27971192098226;49.866999772414;9.947440142942227;EN PLACE
Quartier Saint-Jean;Stade Paul Debrésie;3.0;10;3.27964521593952;49.866990119964;9.947440142942227;EN PLACE
Quartier Saint-Jean;Stade Paul Debrésie;3.0;10;3.27957804715466;49.8669798752093;9.947440142942227;EN PLACE
Quartier Saint-Jean;Stade Paul Debrésie;3.0;90;3.279508107787;49.8669669614476;9.947440142942227;EN PLACE
Quartier Saint-Jean;Stade Paul Debrésie;3.0;90;3.27944047130423;49.8669549349183;9.947440142942227;EN PLACE
Quartier Saint-Jean;Stade Paul Debrésie;3.0;90;3.2793728402254;49.8669440959775;9.947440142942227;EN PLACE
Quartier Saint-Jean;Stade Paul Debrésie;3.0;90;3.2793042793475;49.8669311797145;9.947440142942227;EN PLACE
Quartier Saint-Jean;Stade Paul Debrésie;3.0;90;3.27923894271736;49.8669197418695;9.947440142942227;EN PLACE
Quartier Saint-Jean;Stade Paul Debrésie;3.0;90;3.27917269150658;49.8669089004319;9.947440142942227;EN PLACE
Quartier Saint-Jean;Stade Paul Debrésie;3.0;90;3.27910414255846;49.8668980635182;9.947440142942227;EN PLACE
Quartier Saint-Jean;Stade Paul Debrésie;3.0;90;3.27904110517094;49.8668866200993;9.947440142942227;EN PLACE
Quartier Saint-Jean;Stade Paul Debrésie;3.0;80;3.28073835037947;49.8671730528334;9.947440142942227;EN PLACE
Quartier Saint-Jean;Stade Paul Debrésie;3.0;80;3.28069998074134;49.8672037552742;9.947440142942227;EN PLACE
Quartier Saint-Jean;Stade Paul Debrésie;3.0;85;3.280651307646;49.867233340534;9.947440142942227;EN PLACE
Quartier Saint-Jean;Stade Paul Debrésie;3.0;60;3.28060498899661;49.8672631107459;9.947440142942227;EN PLACE
Quartier Saint-Jean;Stade Paul Debrésie;3.0;70;3.28055720337064;49.8672934562368;9.947440142942227;EN PLACE
Quartier Saint-Jean;Stade Paul Debrésie;3.0;100;3.28050972094258;49.8673255109697;9.947440142942227;EN PLACE
Quartier Saint-Jean;Stade Paul Debrésie;3.0;90;3.28045959263037;49.8673577608006;9.947440142942227;EN PLACE
Quartier Saint-Jean;Stade Paul Debrésie;3.0;85;3.28041144508512;49.8673902800897;9.947440142942227;EN PLACE
Quartier Saint-Jean;Stade Paul Debrésie;3.0;90;3.28036162069711;49.8674246230308;9.947440142942227;EN PLACE
Quartier Saint-Jean;Stade Paul Debrésie;3.0;90;3.28031252255041;49.8674570609359;9.947440142942227;EN PLACE
Quartier Saint-Jean;Stade Paul Debrésie;3.0;80;3.28026635387958;49.8674875921446;9.947440142942227;EN PLACE
Quartier Saint-Jean;Stade Paul Debrésie;3.0;80;3.2802201960708;49.8675195482969;9.947440142942227;EN PLACE
Quartier Saint-Jean;Stade Paul Debrésie;3.0;85;3.28017183214401;49.8675519852887;9.947440142942227;EN PLACE
Quartier Saint-Jean;Stade Paul Debrésie;3.0;90;3.28012860104464;49.8675815582431;9.947440142942227;EN PLACE
Quartier Saint-Jean;Stade Paul Debrésie;3.0;85;3.28008243624267;49.8676125640645;9.947440142942227;EN PLACE
Quartier Saint-Jean;Stade Paul Debrésie;3.0;85;3.28002673462461;49.8676478702671;9.947440142942227;EN PLACE
Quartier Saint-Jean;Stade Paul Debrésie;3.0;95;3.27997984335841;49.8676807792616;9.947440142942227;EN PLACE
Quartier Saint-Jean;Stade Paul Debrésie;3.0;100;3.27993504324645;49.8677091673438;9.947440142942227;EN PLACE
Quartier Saint-Jean;Stade Paul Debrésie;3.0;70;3.27988648890186;49.8677404754663;9.947440142942227;EN PLACE
Quartier Saint-Jean;Stade Paul Debrésie;3.0;95;3.27984070455201;49.8677738564621;9.947440142942227;EN PLACE
Quartier Saint-Jean;Stade Paul Debrésie;3.0;85;3.27978802195358;49.867806660502;9.947440142942227;EN PLACE
Quartier Saint-Jean;Stade Paul Debrésie;3.0;65;3.27973809748076;49.8678394570494;9.947440142942227;EN PLACE
Quartier Saint-Jean;Stade Paul Debrésie;3.0;70;3.27969264434934;49.867871438281;9.947440142942227;EN PLACE
Quartier Saint-Jean;Stade Paul Debrésie;3.0;70;3.27964873238355;49.8679109956823;9.947440142942227;EN PLACE
Quartier Saint-Jean;Stade Paul Debrésie;3.0;90;3.27962210269176;49.8679500381255;9.947440142942227;EN PLACE
Quartier Saint-Jean;Stade Paul Debrésie;3.0;90;3.27958957304067;49.8679864792818;9.947440142942227;EN PLACE
Quartier Saint-Jean;Stade Paul Debrésie;3.0;80;3.27956220335898;49.868025047876;9.947440142942227;EN PLACE
Quartier Saint-Jean;Stade Paul Debrésie;3.0;60;3.27950507795983;49.8680693890281;9.947440142942227;EN PLACE
Quartier Remicourt;Auberge de jeunesse;13.0;115;3.31006488579558;49.8550999736439;9.947440142942227;Essouché
Quartier Saint-Jean;Stade Paul Debrésie;3.0;60;3.27945926601173;49.8680977793303;9.947440142942227;EN PLACE
Quartier Saint-Jean;Stade Paul Debrésie;3.0;60;3.27941826438355;49.8681316252692;9.947440142942227;EN PLACE
Quartier Saint-Jean;Stade Paul Debrésie;3.0;95;3.27935559800568;49.8681712253727;9.947440142942227;EN PLACE
Quartier Saint-Jean;Stade Paul Debrésie;3.0;75;3.27929224664946;49.8681533052115;9.947440142942227;EN PLACE
Quartier Saint-Jean;Stade Paul Debrésie;3.0;60;3.27922594142308;49.8681327776129;9.947440142942227;EN PLACE
Quartier Saint-Jean;Stade Paul Debrésie;3.0;55;3.27916221894764;49.8681139088713;9.947440142942227;EN PLACE
Quartier Saint-Jean;Stade Paul Debrésie;9.0;90;3.28005690272525;49.8675382153904;9.947440142942227;EN PLACE
Quartier Saint-Jean;Stade Paul Debrésie;13.0;110;3.27990447063371;49.8675709498212;9.947440142942227;EN PLACE
Quartier Saint-Jean;Stade Paul Debrésie;10.0;105;3.27985165690408;49.8675799843229;9.947440142942227;EN PLACE
Quartier Saint-Jean;Stade Paul Debrésie;12.0;110;3.27977940437416;49.8673296228334;9.947440142942227;EN PLACE
Quartier Saint-Jean;Stade Paul Debrésie;13.0;100;3.27979020853758;49.8672882985043;9.947440142942227;EN PLACE
Quartier Saint-Jean;Stade Paul Debrésie;12.0;110;3.27981302066554;49.8672567523635;9.947440142942227;EN PLACE
Quartier Saint-Jean;Stade Paul Debrésie;13.0;120;3.27984268373314;49.8672177619735;9.947440142942227;EN PLACE
Quartier Saint-Jean;Stade Paul Debrésie;11.0;100;3.2798484055556;49.8671711022184;9.947440142942227;EN PLACE
Quartier Saint-Jean;Stade Paul Debrésie;11.0;110;3.27992625399781;49.8671508391975;9.947440142942227;EN PLACE
Quartier Saint-Jean;Stade Paul Debrésie;13.0;100;3.27990518048714;49.8671974753081;9.947440142942227;SUPPRIMÉ
Quartier Saint-Jean;Stade Paul Debrésie;12.0;100;3.27989148645503;49.8672483723897;9.947440142942227;EN PLACE
Quartier Saint-Jean;Stade Paul Debrésie;12.0;80;3.27986223665367;49.8672793396164;9.947440142942227;EN PLACE
Quartier Saint-Jean;Stade Paul Debrésie;11.0;95;3.27985064697143;49.8673116915438;9.947440142942227;EN PLACE
Quartier Saint-Jean;Stade Paul Debrésie;11.0;95;3.27984793133683;49.867353056842;9.947440142942227;EN PLACE
Quartier Saint-Jean;Stade Paul Debrésie;11.0;130;3.27990736857946;49.8673282004221;9.947440142942227;EN PLACE
Quartier Saint-Jean;Stade Paul Debrésie;11.0;80;3.27991087683586;49.8672972927381;9.947440142942227;EN PLACE
Quartier Saint-Jean;Stade Paul Debrésie;12.0;110;3.2799565454447;49.8673100231702;9.947440142942227;EN PLACE
Quartier Saint-Jean;Stade Paul Debrésie;11.0;90;3.2799656228633;49.8672220568192;9.947440142942227;SUPPRIMÉ
Quartier Saint-Jean;Stade Paul Debrésie;12.0;110;3.28001500291579;49.8672404828309;9.947440142942227;SUPPRIMÉ
Quartier Saint-Jean;Stade Paul Debrésie;12.0;95;3.27998891454244;49.8671773168933;9.947440142942227;SUPPRIMÉ
Quartier Saint-Jean;Stade Paul Debrésie;11.0;95;3.27999236987813;49.8671369019152;9.947440142942227;SUPPRIMÉ
Quartier Saint-Jean;Stade Paul Debrésie;11.0;90;3.28005065097621;49.8671695691643;9.947440142942227;EN PLACE
Quartier Saint-Jean;Stade Paul Debrésie;16.0;130;3.28009058236859;49.867208934887;9.947440142942227;EN PLACE
Quartier Saint-Jean;Stade Paul Debrésie;13.0;120;3.28011100668868;49.8671779877518;9.947440142942227;EN PLACE
Quartier Remicourt;Auberge de jeunesse;18.0;150;3.30964731017869;49.8543545067672;9.947440142942227;EN PLACE
Quartier Remicourt;Auberge de jeunesse;17.0;135;3.30982694839103;49.8543463262171;9.947440142942227;EN PLACE
Quartier Remicourt;Auberge de jeunesse;12.0;170;3.31011967848032;49.854572583134;9.947440142942227;EN PLACE
Quartier Remicourt;Auberge de jeunesse;6.0;120;3.30994240710398;49.8545767175387;9.947440142942227;REMPLACÉ
Quartier Remicourt;Auberge de jeunesse;12.0;150;3.30977183683563;49.8545795276735;9.947440142942227;EN PLACE
Quartier Remicourt;Auberge de jeunesse;11.0;170;3.30956311185419;49.8545957441381;9.947440142942227;EN PLACE
Quartier Remicourt;Auberge de jeunesse;3.0;20;3.30927082148906;49.8546238204007;9.947440142942227;EN PLACE
Quartier Remicourt;Auberge de jeunesse;3.0;20;3.30914660595862;49.8547838669039;9.947440142942227;EN PLACE
Quartier Remicourt;Auberge de jeunesse;3.0;20;3.30904473464343;49.8548087250595;9.947440142942227;Essouché
Quartier Remicourt;Auberge de jeunesse;3.0;20;3.30894053631771;49.8548136248876;9.947440142942227;EN PLACE
Quartier Remicourt;Auberge de jeunesse;4.0;20;3.30867425125115;49.8548260641379;9.947440142942227;EN PLACE
Quartier Remicourt;Auberge de jeunesse;16.0;135;3.30865059514804;49.8546531998533;9.947440142942227;EN PLACE
Quartier Remicourt;Auberge de jeunesse;6.0;30;3.30776679523832;49.8545726225763;9.947440142942227;EN PLACE
Quartier Remicourt;Auberge de jeunesse;6.0;15;3.30787750886917;49.8547033144021;9.947440142942227;EN PLACE
Quartier Remicourt;Auberge de jeunesse;12.0;180;3.30810433409971;49.8549041206869;9.947440142942227;EN PLACE
Quartier Remicourt;Auberge de jeunesse;16.0;110;3.3080630055812;49.8549095721936;9.947440142942227;EN PLACE
Quartier Remicourt;Auberge de jeunesse;16.0;120;3.30803931704766;49.8549135542098;9.947440142942227;EN PLACE
Quartier Remicourt;Auberge de jeunesse;16.0;145;3.30807743482169;49.8549245116511;9.947440142942227;EN PLACE
Quartier Remicourt;Auberge de jeunesse;14.0;100;3.30829419441136;49.8549296687945;9.947440142942227;EN PLACE
Quartier Remicourt;Auberge de jeunesse;14.0;100;3.3082879708842;49.854903656666;9.947440142942227;EN PLACE
Quartier Remicourt;Auberge de jeunesse;14.0;75;3.30831228705392;49.8549121526993;9.947440142942227;EN PLACE
Quartier Remicourt;Auberge de jeunesse;12.0;65;3.30833440089953;49.8549213674593;9.947440142942227;EN PLACE
Quartier Remicourt;Auberge de jeunesse;12.0;75;3.30833541231463;49.8549063892859;9.947440142942227;EN PLACE
Quartier Remicourt;Auberge de jeunesse;14.0;160;3.30833454855042;49.8548543364139;9.947440142942227;EN PLACE
Quartier Remicourt;Auberge de jeunesse;30.0;205;3.30897513546844;49.8554253273506;9.947440142942227;Essouché
Quartier Remicourt;Auberge de jeunesse;18.0;100;3.30952624124926;49.8553640313762;9.947440142942227;EN PLACE
Quartier Remicourt;Auberge de jeunesse;18.0;80;3.3094975919233;49.8553683827872;9.947440142942227;EN PLACE
Quartier Remicourt;Auberge de jeunesse;18.0;105;3.30931846620723;49.8554158995055;9.947440142942227;EN PLACE
Quartier Remicourt;Auberge de jeunesse;10.0;40;3.30933018089781;49.8554077897607;9.947440142942227;EN PLACE
Quartier Remicourt;Auberge de jeunesse;18.0;90;3.30931250000082;49.8554021291534;9.947440142942227;Essouché
Quartier Remicourt;Auberge de jeunesse;17.0;95;3.30929752585486;49.8553579559;9.947440142942227;EN PLACE
Quartier Remicourt;Auberge de jeunesse;18.0;130;3.30922081225946;49.8553177419468;9.947440142942227;EN PLACE
Quartier Remicourt;Auberge de jeunesse;17.0;95;3.30919000123115;49.8553297040595;9.947440142942227;EN PLACE
Quartier Remicourt;Auberge de jeunesse;18.0;110;3.30919578268872;49.8553130509724;9.947440142942227;EN PLACE
Quartier Remicourt;Auberge de jeunesse;16.0;130;3.30915683599256;49.8553169520185;9.947440142942227;EN PLACE
Quartier Remicourt;Auberge de jeunesse;16.0;80;3.30910459239726;49.8553109049786;9.947440142942227;EN PLACE
Quartier Remicourt;Auberge de jeunesse;17.0;115;3.30910523498118;49.8552956904217;9.947440142942227;EN PLACE
Quartier Remicourt;Auberge de jeunesse;15.0;60;3.30913536151469;49.8552922873137;9.947440142942227;EN PLACE
Quartier Remicourt;Auberge de jeunesse;25.0;160;3.30910794026101;49.8552567012874;9.947440142942227;EN PLACE
Quartier Remicourt;Auberge de jeunesse;15.0;130;3.30905936879538;49.8552496942621;9.947440142942227;EN PLACE
Quartier Remicourt;Auberge de jeunesse;17.0;130;3.30904964911433;49.8552764999185;9.947440142942227;EN PLACE
Quartier Remicourt;Auberge de jeunesse;17.0;130;3.30903207457401;49.8552581236909;9.947440142942227;EN PLACE
Quartier Remicourt;Auberge de jeunesse;15.0;130;3.30902416739738;49.8552423958003;9.947440142942227;EN PLACE
Quartier Remicourt;Auberge de jeunesse;8.0;50;3.30895416359417;49.8552176151277;9.947440142942227;EN PLACE
Quartier Remicourt;Auberge de jeunesse;17.0;90;3.30893180566968;49.8552441150848;9.947440142942227;EN PLACE
Quartier Remicourt;Auberge de jeunesse;17.0;80;3.30891099936749;49.8552230726608;9.947440142942227;EN PLACE
Quartier Remicourt;Auberge de jeunesse;18.0;135;3.30890669173746;49.8551948564449;9.947440142942227;EN PLACE
Quartier Remicourt;Auberge de jeunesse;17.0;90;3.30888738558082;49.8551943111621;9.947440142942227;EN PLACE
Quartier Remicourt;Auberge de jeunesse;14.0;115;3.308763839555;49.8551307431425;9.947440142942227;EN PLACE
Quartier Remicourt;Auberge de jeunesse;14.0;70;3.30875520683944;49.8551471061204;9.947440142942227;EN PLACE
Quartier Remicourt;Auberge de jeunesse;14.0;60;3.30874369697452;49.8551435698442;9.947440142942227;EN PLACE
Quartier Remicourt;Auberge de jeunesse;9.0;45;3.30873583807046;49.855136161638;9.947440142942227;EN PLACE
Quartier Remicourt;Auberge de jeunesse;16.0;140;3.30869680938629;49.8550655456853;9.947440142942227;EN PLACE
Quartier Remicourt;Auberge de jeunesse;16.0;135;3.30867152522157;49.8550641242231;9.947440142942227;EN PLACE
Quartier Remicourt;Auberge de jeunesse;16.0;165;3.30868244580726;49.8550462691025;9.947440142942227;EN PLACE
Quartier Remicourt;Auberge de jeunesse;9.0;140;3.30865022332747;49.8550374370052;9.947440142942227;Essouché
Quartier Remicourt;Auberge de jeunesse;15.0;140;3.30856037889118;49.8549993357422;9.947440142942227;Essouché
Quartier Remicourt;Auberge de jeunesse;15.0;100;3.30853511578792;49.8550014798375;9.947440142942227;EN PLACE
Quartier Remicourt;Auberge de jeunesse;15.0;125;3.30852217376295;49.8549893298846;9.947440142942227;EN PLACE
Quartier Remicourt;Auberge de jeunesse;14.0;150;3.30936213843997;49.8548596027312;9.947440142942227;EN PLACE
Quartier Remicourt;Auberge de jeunesse;15.0;185;3.30937894853119;49.8549792996527;9.947440142942227;EN PLACE
Quartier Remicourt;Auberge de jeunesse;4.0;20;3.30966460391739;49.8548719091302;9.947440142942227;EN PLACE
Quartier Remicourt;Auberge de jeunesse;4.0;20;3.30969845753126;49.8548465681545;9.947440142942227;EN PLACE
Quartier Remicourt;Auberge de jeunesse;4.0;20;3.30971241790774;49.8548750564727;9.947440142942227;EN PLACE
Quartier Remicourt;Auberge de jeunesse;6.0;135;3.30978413985653;49.8551075186926;9.947440142942227;EN PLACE
Quartier Remicourt;Auberge de jeunesse;6.0;115;3.30980100479898;49.8550845978064;9.947440142942227;EN PLACE
Quartier Remicourt;Auberge de jeunesse;6.0;135;3.30982040289228;49.8551005938126;9.947440142942227;EN PLACE
Quartier Remicourt;Auberge de jeunesse;15.0;160;3.30993965871265;49.8549870883735;9.947440142942227;EN PLACE
Quartier Remicourt;Auberge de jeunesse;15.0;145;3.31006581002007;49.8549493304557;9.947440142942227;EN PLACE
Quartier Remicourt;Auberge de jeunesse;15.0;150;3.31007116160299;49.8549225767022;9.947440142942227;EN PLACE
Quartier Remicourt;Auberge de jeunesse;15.0;185;3.31010343543181;49.8549397272084;9.947440142942227;EN PLACE
Quartier Remicourt;Auberge de jeunesse;13.0;90;3.31019384458535;49.8549950597412;9.947440142942227;Essouché
Quartier Remicourt;Auberge de jeunesse;15.0;120;3.31020411175179;49.8550208830752;9.947440142942227;EN PLACE
Quartier Remicourt;Auberge de jeunesse;13.0;60;3.31015769816259;49.855021297876;9.947440142942227;SUPPRIMÉ
Quartier Remicourt;Auberge de jeunesse;15.0;100;3.31005723698311;49.8551267334611;9.947440142942227;EN PLACE
Quartier Remicourt;Auberge de jeunesse;12.0;125;3.31020919135754;49.8551759661038;9.947440142942227;EN PLACE
Quartier Remicourt;Auberge de jeunesse;11.0;125;3.31024677371925;49.8551595292276;9.947440142942227;EN PLACE
Quartier Remicourt;Auberge de jeunesse;15.0;135;3.31025428672816;49.8551856565199;9.947440142942227;EN PLACE
Quartier du faubourg d'Isle;Boulevard du Docteur Camille Guérin;13.0;155;3.29803060104567;49.8344517661776;9.947440142942227;EN PLACE
Quartier du faubourg d'Isle;Boulevard du Docteur Camille Guérin;13.0;140;3.29818147595454;49.8344074225338;9.947440142942227;EN PLACE
Quartier du faubourg d'Isle;Boulevard du Docteur Camille Guérin;13.0;150;3.29830254350204;49.8343717683499;9.947440142942227;EN PLACE
Quartier du faubourg d'Isle;Boulevard du Docteur Camille Guérin;13.0;155;3.29841490753709;49.83434059281;9.947440142942227;EN PLACE
Quartier du faubourg d'Isle;Boulevard du Docteur Camille Guérin;13.0;145;3.29857131245898;49.8342992068932;9.947440142942227;EN PLACE
Quartier du faubourg d'Isle;Boulevard du Docteur Camille Guérin;13.0;135;3.2986790927215;49.8342695271072;9.947440142942227;EN PLACE
Quartier du faubourg d'Isle;Boulevard du Docteur Camille Guérin;13.0;150;3.29879513540202;49.8342392337068;9.947440142942227;EN PLACE
Quartier du faubourg d'Isle;Boulevard du Docteur Camille Guérin;15.0;125;3.29906517191363;49.8341479485539;9.947440142942227;EN PLACE
Quartier du faubourg d'Isle;Boulevard du Docteur Camille Guérin;15.0;150;3.29917799822896;49.8341170677898;9.947440142942227;EN PLACE
Quartier du faubourg d'Isle;Boulevard du Docteur Camille Guérin;17.0;160;3.29987450000954;49.8339203246014;9.947440142942227;EN PLACE
Quartier du faubourg d'Isle;Boulevard du Docteur Camille Guérin;17.0;145;3.30001427795641;49.8338798099602;9.947440142942227;EN PLACE
Quartier du faubourg d'Isle;Boulevard du Docteur Camille Guérin;17.0;150;3.30032138288245;49.8337963343675;9.947440142942227;EN PLACE
Quartier du faubourg d'Isle;Boulevard du Docteur Camille Guérin;17.0;160;3.3004754934071;49.8337560207486;9.947440142942227;EN PLACE
Quartier du faubourg d'Isle;Boulevard du Docteur Camille Guérin;17.0;165;3.30064761056691;49.8337156634989;9.947440142942227;EN PLACE
Quartier du faubourg d'Isle;Boulevard du Docteur Camille Guérin;17.0;170;3.30079380933525;49.8336797436546;9.947440142942227;EN PLACE
Quartier du faubourg d'Isle;Boulevard du Docteur Camille Guérin;17.0;175;3.30096218722994;49.8336439699433;9.947440142942227;EN PLACE
Quartier du faubourg d'Isle;Boulevard du Docteur Camille Guérin;16.0;150;3.30148317009605;49.8335408529044;9.947440142942227;EN PLACE
Quartier du faubourg d'Isle;Boulevard du Docteur Camille Guérin;16.0;150;3.30164564784551;49.8335172756332;9.947440142942227;EN PLACE
Quartier du faubourg d'Isle;Boulevard du Docteur Camille Guérin;16.0;120;3.30175360303428;49.8335023901918;9.947440142942227;EN PLACE
Quartier du faubourg d'Isle;Boulevard du Docteur Camille Guérin;16.0;105;3.30187091166074;49.8334846287739;9.947440142942227;EN PLACE
Quartier du faubourg d'Isle;Boulevard du Docteur Camille Guérin;16.0;140;3.30198656097974;49.833465802525;9.947440142942227;EN PLACE
Quartier du faubourg d'Isle;Boulevard du Docteur Camille Guérin;16.0;150;3.30211213085033;49.8334465936987;9.947440142942227;EN PLACE
Quartier du faubourg d'Isle;Boulevard du Docteur Camille Guérin;16.0;175;3.30240755581441;49.8334151281604;9.947440142942227;EN PLACE
Quartier du faubourg d'Isle;Boulevard du Docteur Camille Guérin;16.0;160;3.30257328640914;49.8334012151119;9.947440142942227;EN PLACE
Quartier du faubourg d'Isle;Boulevard du Docteur Camille Guérin;15.0;170;3.30291723782323;49.8333729793694;9.947440142942227;EN PLACE
Quartier du faubourg d'Isle;Boulevard du Docteur Camille Guérin;15.0;180;3.30345361037516;49.8333528528718;9.947440142942227;EN PLACE
Quartier du faubourg d'Isle;Boulevard du Docteur Camille Guérin;15.0;180;3.3036281982639;49.8333453832732;9.947440142942227;EN PLACE
Quartier du faubourg d'Isle;Boulevard du Docteur Camille Guérin;15.0;165;3.30643556307734;49.8337676492135;9.947440142942227;EN PLACE
Quartier du faubourg d'Isle;Boulevard du Docteur Camille Guérin;13.0;90;3.30633746864347;49.8337262976623;9.947440142942227;EN PLACE
Quartier du faubourg d'Isle;Boulevard du Docteur Camille Guérin;15.0;160;3.30623314582362;49.8336965250987;9.947440142942227;EN PLACE
Quartier du faubourg d'Isle;Boulevard du Docteur Camille Guérin;15.0;145;3.30616564846119;49.8336780097222;9.947440142942227;EN PLACE
Quartier du faubourg d'Isle;Boulevard du Docteur Camille Guérin;15.0;145;3.30608690808675;49.8336575600803;9.947440142942227;EN PLACE
Quartier du faubourg d'Isle;Boulevard du Docteur Camille Guérin;15.0;130;3.30600464724696;49.833639385197;9.947440142942227;EN PLACE
Quartier du faubourg d'Isle;Boulevard du Docteur Camille Guérin;15.0;145;3.30593314393547;49.8336230675459;9.947440142942227;EN PLACE
Quartier du faubourg d'Isle;Boulevard du Docteur Camille Guérin;15.0;150;3.30585369363775;49.8336133561802;9.947440142942227;EN PLACE
Quartier du faubourg d'Isle;Boulevard du Docteur Camille Guérin;15.0;145;3.3057762782825;49.8335996251533;9.947440142942227;EN PLACE
Quartier du faubourg d'Isle;Boulevard du Docteur Camille Guérin;15.0;150;3.30569989129953;49.833588532837;9.947440142942227;EN PLACE
Quartier du faubourg d'Isle;Boulevard du Docteur Camille Guérin;15.0;140;3.30561943345073;49.8335777171935;9.947440142942227;EN PLACE
Quartier du faubourg d'Isle;Boulevard du Docteur Camille Guérin;15.0;145;3.30554137443131;49.8335715442926;9.947440142942227;EN PLACE
Quartier du faubourg d'Isle;Boulevard du Docteur Camille Guérin;15.0;125;3.30545869477894;49.8335659803419;9.947440142942227;EN PLACE
Quartier du faubourg d'Isle;Boulevard du Docteur Camille Guérin;15.0;145;3.30534090947331;49.8335567576869;9.947440142942227;EN PLACE
Quartier du faubourg d'Isle;Boulevard du Docteur Camille Guérin;15.0;140;3.30525561551767;49.8335505530709;9.947440142942227;EN PLACE
Quartier du faubourg d'Isle;Boulevard du Docteur Camille Guérin;15.0;125;3.3051618605146;49.8335431809353;9.947440142942227;EN PLACE
Quartier du faubourg d'Isle;Boulevard du Docteur Camille Guérin;15.0;150;3.30506510228896;49.8335332011636;9.947440142942227;EN PLACE
Quartier du faubourg d'Isle;Boulevard du Docteur Camille Guérin;15.0;120;3.30498291391357;49.8335241364569;9.947440142942227;EN PLACE
Quartier du faubourg d'Isle;Boulevard du Docteur Camille Guérin;15.0;140;3.30490349512462;49.8335172042621;9.947440142942227;EN PLACE
Quartier du faubourg d'Isle;Boulevard du Docteur Camille Guérin;15.0;125;3.30482132393915;49.833511347246;9.947440142942227;EN PLACE
Quartier du faubourg d'Isle;Boulevard du Docteur Camille Guérin;15.0;140;3.30474742076651;49.8335051135756;9.947440142942227;EN PLACE
Quartier du faubourg d'Isle;Boulevard du Docteur Camille Guérin;15.0;135;3.30466910427663;49.8334981792592;9.947440142942227;EN PLACE
Quartier du faubourg d'Isle;Boulevard du Docteur Camille Guérin;15.0;125;3.30458638936201;49.8334933924733;9.947440142942227;EN PLACE
Quartier du faubourg d'Isle;Boulevard du Docteur Camille Guérin;15.0;125;3.30450645147006;49.8334921667958;9.947440142942227;EN PLACE
Quartier du faubourg d'Isle;Boulevard du Docteur Camille Guérin;15.0;120;3.30442429944941;49.8334891621716;9.947440142942227;EN PLACE
Quartier du faubourg d'Isle;Boulevard du Docteur Camille Guérin;15.0;125;3.30433993495943;49.8334850933449;9.947440142942227;EN PLACE
Quartier du faubourg d'Isle;Boulevard du Docteur Camille Guérin;15.0;130;3.30425833117996;49.833481732054;9.947440142942227;EN PLACE
Quartier du faubourg d'Isle;Boulevard du Docteur Camille Guérin;15.0;130;3.30417673762888;49.8334797956909;9.947440142942227;EN PLACE
Quartier du faubourg d'Isle;Boulevard du Docteur Camille Guérin;15.0;140;3.30409239387265;49.8334792932061;9.947440142942227;EN PLACE
Quartier du faubourg d'Isle;Boulevard du Docteur Camille Guérin;15.0;125;3.30401135516573;49.8334780682455;9.947440142942227;EN PLACE
Quartier du faubourg d'Isle;Rue Emile Rousseau;5.0;185;3.30196824900172;49.8351658753542;9.947440142942227;EN PLACE
Quartier du faubourg d'Isle;Boulevard du Docteur Camille Guérin;16.0;170;3.30394103462455;49.8335181776547;9.947440142942227;EN PLACE
Quartier du faubourg d'Isle;Boulevard du Docteur Camille Guérin;18.0;200;3.30328205315477;49.8334763165714;9.947440142942227;EN PLACE
Quartier du faubourg d'Isle;Boulevard du Docteur Camille Guérin;17.0;170;3.30310022718331;49.8334903180398;9.947440142942227;EN PLACE
Quartier du faubourg d'Isle;Boulevard du Docteur Camille Guérin;17.0;170;3.30293326268694;49.8335007151942;9.947440142942227;EN PLACE
Quartier du faubourg d'Isle;Boulevard du Docteur Camille Guérin;17.0;110;3.30270295362979;49.8335191144101;9.947440142942227;EN PLACE
Quartier du faubourg d'Isle;Boulevard du Docteur Camille Guérin;17.0;140;3.30259771541606;49.8335275762263;9.947440142942227;EN PLACE
Quartier du faubourg d'Isle;Boulevard du Docteur Camille Guérin;17.0;165;3.3024340741453;49.8335404607929;9.947440142942227;EN PLACE
Quartier du faubourg d'Isle;Boulevard du Docteur Camille Guérin;17.0;175;3.30225612455885;49.83355765971;9.947440142942227;EN PLACE
Quartier du faubourg d'Isle;Boulevard du Docteur Camille Guérin;17.0;160;3.30209693450663;49.8335776636901;9.947440142942227;EN PLACE
Quartier du faubourg d'Isle;Boulevard du Docteur Camille Guérin;17.0;160;3.30192727980447;49.8335991202846;9.947440142942227;EN PLACE
Quartier du faubourg d'Isle;Boulevard du Docteur Camille Guérin;17.0;165;3.30176150398481;49.8336241323341;9.947440142942227;EN PLACE
Quartier du faubourg d'Isle;Boulevard du Docteur Camille Guérin;17.0;125;3.30162106004129;49.8336448031197;9.947440142942227;EN PLACE
Quartier du faubourg d'Isle;Boulevard du Docteur Camille Guérin;17.0;170;3.30148175264841;49.8336715322827;9.947440142942227;EN PLACE
Quartier du faubourg d'Isle;Boulevard du Docteur Camille Guérin;17.0;200;3.30135458479651;49.8337000138463;9.947440142942227;EN PLACE
Quartier du faubourg d'Isle;Boulevard du Docteur Camille Guérin;17.0;205;3.30104348936434;49.8337606824377;9.947440142942227;EN PLACE
Quartier du faubourg d'Isle;Boulevard du Docteur Camille Guérin;17.0;145;3.300884383572;49.8337953041726;9.947440142942227;EN PLACE
Quartier du faubourg d'Isle;Boulevard du Docteur Camille Guérin;17.0;145;3.30072864103526;49.8338391863849;9.947440142942227;EN PLACE
Quartier du faubourg d'Isle;Boulevard du Docteur Camille Guérin;17.0;145;3.30055684602483;49.8338720564504;9.947440142942227;EN PLACE
Quartier du faubourg d'Isle;Boulevard du Docteur Camille Guérin;17.0;145;3.30039555473699;49.8339101283147;9.947440142942227;EN PLACE
Quartier du faubourg d'Isle;Boulevard du Docteur Camille Guérin;17.0;135;3.30021680903799;49.8340025127792;9.947440142942227;EN PLACE
Quartier du faubourg d'Isle;Boulevard du Docteur Camille Guérin;17.0;140;3.30015187857742;49.8340222828557;9.947440142942227;EN PLACE
Quartier du faubourg d'Isle;Rue Emile Rousseau;5.0;130;3.30192162824542;49.835137466322;9.947440142942227;EN PLACE
Quartier du faubourg d'Isle;Boulevard du Docteur Camille Guérin;17.0;140;3.30008143546482;49.8340420669906;9.947440142942227;EN PLACE
Quartier du faubourg d'Isle;Boulevard du Docteur Camille Guérin;17.0;145;3.30000329123666;49.8340647216878;9.947440142942227;EN PLACE
Quartier du faubourg d'Isle;Boulevard du Docteur Camille Guérin;17.0;150;3.29993120918309;49.8340870048132;9.947440142942227;EN PLACE
Quartier du faubourg d'Isle;Boulevard du Docteur Camille Guérin;17.0;155;3.29985747736314;49.8341100059626;9.947440142942227;EN PLACE
Quartier du faubourg d'Isle;Boulevard du Docteur Camille Guérin;17.0;155;3.29977878110654;49.8341326619194;9.947440142942227;EN PLACE
Quartier du faubourg d'Isle;Boulevard du Docteur Camille Guérin;17.0;190;3.29970558433523;49.834153164916;9.947440142942227;EN PLACE
Quartier du faubourg d'Isle;Boulevard du Docteur Camille Guérin;17.0;180;3.29960817961798;49.8341812152397;9.947440142942227;EN PLACE
Quartier du faubourg d'Isle;Boulevard du Docteur Camille Guérin;17.0;165;3.29953058972688;49.8342045811593;9.947440142942227;EN PLACE
Quartier du faubourg d'Isle;Boulevard du Docteur Camille Guérin;17.0;160;3.29945740205483;49.8342261547573;9.947440142942227;EN PLACE
Quartier du faubourg d'Isle;Boulevard du Docteur Camille Guérin;17.0;180;3.29937815064687;49.8342480980061;9.947440142942227;EN PLACE
Quartier du faubourg d'Isle;Boulevard du Docteur Camille Guérin;17.0;180;3.29930496223318;49.834270027538;9.947440142942227;EN PLACE
Quartier du faubourg d'Isle;Boulevard du Docteur Camille Guérin;17.0;210;3.29922515808789;49.8342916160645;9.947440142942227;EN PLACE
Quartier du faubourg d'Isle;Boulevard du Docteur Camille Guérin;17.0;185;3.29907493894936;49.8343379795724;9.947440142942227;EN PLACE
Quartier du faubourg d'Isle;Boulevard du Docteur Camille Guérin;17.0;150;3.29899789898641;49.8343613437357;9.947440142942227;EN PLACE
Quartier du faubourg d'Isle;Boulevard du Docteur Camille Guérin;17.0;165;3.29885095345492;49.8344016380514;9.947440142942227;EN PLACE
Quartier du faubourg d'Isle;Boulevard du Docteur Camille Guérin;17.0;165;3.29877115835393;49.8344250090799;9.947440142942227;EN PLACE
Quartier du faubourg d'Isle;Boulevard du Docteur Camille Guérin;17.0;165;3.29869136317697;49.834448380054;9.947440142942227;EN PLACE
Quartier du faubourg d'Isle;Boulevard du Docteur Camille Guérin;15.0;140;3.30022644742525;49.8339543551369;9.947440142942227;EN PLACE
Quartier du faubourg d'Isle;Boulevard du Docteur Camille Guérin;15.0;120;3.3000795005432;49.8339942931809;9.947440142942227;EN PLACE
Quartier du faubourg d'Isle;Boulevard du Docteur Camille Guérin;15.0;115;3.29993035844381;49.8340360203849;9.947440142942227;EN PLACE
Quartier du faubourg d'Isle;Boulevard du Docteur Camille Guérin;15.0;125;3.29978727694759;49.83407737589;9.947440142942227;EN PLACE
Quartier du faubourg d'Isle;Rue Emile Rousseau;5.0;145;3.3018171874569;49.8350761124738;9.947440142942227;EN PLACE
Quartier du faubourg d'Isle;Boulevard du Docteur Camille Guérin;15.0;125;3.2996392547762;49.8341223077073;9.947440142942227;EN PLACE
Quartier du faubourg d'Isle;Boulevard du Docteur Camille Guérin;15.0;135;3.29948079667351;49.8341736834568;9.947440142942227;EN PLACE
Quartier du faubourg d'Isle;Boulevard du Docteur Camille Guérin;15.0;130;3.29932837581545;49.8342204089386;9.947440142942227;EN PLACE
Quartier du faubourg d'Isle;Boulevard du Docteur Camille Guérin;15.0;115;3.29917593372715;49.8342639255296;9.947440142942227;EN PLACE
Quartier du faubourg d'Isle;Boulevard du Docteur Camille Guérin;15.0;115;3.29902294667675;49.8343081571632;9.947440142942227;EN PLACE
Quartier du faubourg d'Isle;Boulevard du Docteur Camille Guérin;15.0;130;3.29887106237128;49.8343527409165;9.947440142942227;EN PLACE
Quartier du faubourg d'Isle;Boulevard du Docteur Camille Guérin;15.0;135;3.2987103388801;49.8343941382231;9.947440142942227;EN PLACE
Quartier du faubourg d'Isle;Boulevard du Docteur Camille Guérin;15.0;110;3.29856616311655;49.834436920023;9.947440142942227;EN PLACE
Quartier du faubourg d'Isle;Boulevard du Docteur Camille Guérin;13.0;125;3.29841537158972;49.8344800753922;9.947440142942227;EN PLACE
Quartier du faubourg d'Isle;Boulevard du Docteur Camille Guérin;13.0;130;3.29826017727955;49.8345243107369;9.947440142942227;EN PLACE
Quartier du faubourg d'Isle;Boulevard du Docteur Camille Guérin;13.0;135;3.29810811025151;49.8345690135346;9.947440142942227;EN PLACE
Quartier du faubourg d'Isle;Boulevard du Docteur Camille Guérin;13.0;105;3.2979523729891;49.8346150326841;9.947440142942227;EN PLACE
Quartier du faubourg d'Isle;Boulevard du Docteur Camille Guérin;15.0;140;3.29780435323189;49.8346606751169;9.947440142942227;EN PLACE
Quartier du faubourg d'Isle;Boulevard du Docteur Camille Guérin;15.0;145;3.29765027812358;49.8347081164527;9.947440142942227;EN PLACE
Quartier du faubourg d'Isle;Boulevard du Docteur Camille Guérin;15.0;155;3.2975028074719;49.8347534010818;9.947440142942227;EN PLACE
Quartier du faubourg d'Isle;Boulevard du Docteur Camille Guérin;15.0;155;3.29735311845912;49.8347969092077;9.947440142942227;EN PLACE
Quartier du faubourg d'Isle;Boulevard du Docteur Camille Guérin;15.0;160;3.29720727329937;49.8348375546912;9.947440142942227;EN PLACE
Quartier du faubourg d'Isle;Boulevard du Docteur Camille Guérin;15.0;155;3.29705058454634;49.8348779891857;9.947440142942227;EN PLACE
Quartier du faubourg d'Isle;Boulevard du Docteur Camille Guérin;15.0;165;3.29690641961718;49.834923264693;9.947440142942227;EN PLACE
Quartier du faubourg d'Isle;Boulevard du Docteur Camille Guérin;15.0;160;3.29675453867588;49.8349690351333;9.947440142942227;EN PLACE
Quartier du faubourg d'Isle;Boulevard du Docteur Camille Guérin;15.0;155;3.29658869936577;49.8350160274072;9.947440142942227;EN PLACE
Quartier du faubourg d'Isle;Rue Emile Rousseau;5.0;150;3.30194979913953;49.8350788263947;9.947440142942227;EN PLACE
Quartier du faubourg d'Isle;Boulevard du Docteur Camille Guérin;15.0;160;3.29644046854951;49.8350575104884;9.947440142942227;EN PLACE
Quartier du faubourg d'Isle;Boulevard du Docteur Camille Guérin;15.0;175;3.29628489583084;49.835100674276;9.947440142942227;EN PLACE
Quartier du faubourg d'Isle;Boulevard du Docteur Camille Guérin;15.0;170;3.29612751818848;49.8351490713404;9.947440142942227;EN PLACE
Quartier du faubourg d'Isle;Boulevard du Docteur Camille Guérin;15.0;175;3.29600211450659;49.8351981050095;9.947440142942227;SUPPRIMÉ
Quartier du faubourg d'Isle;Boulevard du Docteur Camille Guérin;12.0;110;3.29696463554207;49.8347570098298;9.947440142942227;EN PLACE
Quartier du faubourg d'Isle;Boulevard du Docteur Camille Guérin;12.0;110;3.29681880787173;49.8348010415446;9.947440142942227;EN PLACE
Quartier du faubourg d'Isle;Boulevard du Docteur Camille Guérin;16.0;180;3.29666930719;49.8348447856711;9.947440142942227;EN PLACE
Quartier du faubourg d'Isle;Boulevard du Docteur Camille Guérin;16.0;175;3.29652392473085;49.8348864396764;9.947440142942227;EN PLACE
Quartier du faubourg d'Isle;Boulevard du Docteur Camille Guérin;16.0;165;3.29637625113932;49.8349289902538;9.947440142942227;EN PLACE
Quartier du faubourg d'Isle;Boulevard du Docteur Camille Guérin;17.0;195;3.29621846129499;49.8349697824414;9.947440142942227;EN PLACE
Quartier du faubourg d'Isle;Boulevard du Docteur Camille Guérin;17.0;160;3.29604189670003;49.835021019397;9.947440142942227;EN PLACE
Quartier du faubourg d'Isle;Rue Jean Cocteau;9.0;90;3.29984770583392;49.8373124450772;9.947440142942227;EN PLACE
Quartier du faubourg d'Isle;Rue Jean Cocteau;8.0;90;3.29968100263094;49.8372130204322;9.947440142942227;EN PLACE
Quartier du faubourg d'Isle;Rue Jean Cocteau;9.0;90;3.29935330046423;49.8370151061818;9.947440142942227;EN PLACE
Quartier du faubourg d'Isle;Rue Jean Cocteau;9.0;100;3.29924929101761;49.8369518951362;9.947440142942227;EN PLACE
Quartier du faubourg d'Isle;Rue Jean Cocteau;9.0;75;3.29913146260111;49.8368826559617;9.947440142942227;EN PLACE
Quartier du faubourg d'Isle;Rue Jean Cocteau;8.0;75;3.29902854299914;49.8368173030793;9.947440142942227;EN PLACE
Quartier du faubourg d'Isle;Rue Jean Cocteau;7.0;70;3.29891787792964;49.8367473324843;9.947440142942227;EN PLACE
Quartier du faubourg d'Isle;Rue Jean Cocteau;8.0;80;3.29860751025571;49.8365587635528;9.947440142942227;EN PLACE
Quartier du faubourg d'Isle;Rue Jean Cocteau;7.0;60;3.29851346104103;49.8365019448912;9.947440142942227;EN PLACE
Quartier du faubourg d'Isle;Rue Jean Cocteau;7.0;45;3.29841222397543;49.8364412218329;9.947440142942227;EN PLACE
Quartier du faubourg d'Isle;Rue Jean Cocteau;7.0;70;3.29831099010718;49.8363812125312;9.947440142942227;EN PLACE
Quartier du faubourg d'Isle;Rue Jean Cocteau;16.0;165;3.29590394705382;49.8353962130657;9.947440142942227;EN PLACE
Quartier du faubourg d'Isle;Rue Jean Cocteau;16.0;195;3.29586448037827;49.8353399729949;9.947440142942227;EN PLACE
Quartier du faubourg d'Isle;Rue Jean Cocteau;16.0;155;3.29577405300389;49.8352410706028;9.947440142942227;EN PLACE
Quartier du faubourg d'Isle;Rue Jean Cocteau;16.0;165;3.29561311047901;49.8352453824803;9.947440142942227;EN PLACE
Quartier du faubourg d'Isle;Rue Jean Cocteau;17.0;160;3.29545339336512;49.8352710850726;9.947440142942227;EN PLACE
Quartier du faubourg d'Isle;Rue Jean Cocteau;18.0;185;3.29529098907588;49.8353085593001;9.947440142942227;EN PLACE
Quartier du faubourg d'Isle;Rue Jean Cocteau;8.0;200;3.29413034476505;49.8354708076021;9.947440142942227;SUPPRIMÉ
Quartier du faubourg d'Isle;Rue Jean Cocteau;8.0;155;3.29405138501832;49.8354802091176;9.947440142942227;SUPPRIMÉ
Quartier du faubourg d'Isle;Rue Jean Cocteau;8.0;140;3.29396829135257;49.8354896191357;9.947440142942227;EN PLACE
Quartier du faubourg d'Isle;Rue Jean Cocteau;8.0;110;3.29378708413926;49.835509045696;9.947440142942227;EN PLACE
Quartier du faubourg d'Isle;Rue Jean Cocteau;8.0;160;3.29372163776823;49.8355167624909;9.947440142942227;EN PLACE
Quartier du faubourg d'Isle;Rue Jean Cocteau;8.0;150;3.29363636243974;49.835527236825;9.947440142942227;EN PLACE
Quartier du faubourg d'Isle;Rue Jean Cocteau;8.0;160;3.29354799783992;49.8355371470216;9.947440142942227;EN PLACE
Quartier du faubourg d'Isle;Rue Jean Cocteau;8.0;175;3.2934702116184;49.835546176596;9.947440142942227;EN PLACE
Quartier du faubourg d'Isle;Rue Jean Cocteau;7.0;160;3.29378726700001;49.8353997519854;9.947440142942227;EN PLACE
Quartier du faubourg d'Isle;Rue Jean Cocteau;9.0;150;3.29362597877208;49.8354200526714;9.947440142942227;EN PLACE
Quartier du faubourg d'Isle;Rue Jean Cocteau;8.0;165;3.29353151426251;49.8354319434602;9.947440142942227;EN PLACE
Quartier du faubourg d'Isle;Rue Jean Cocteau;8.0;155;3.29345021307349;49.8354421766625;9.947440142942227;EN PLACE
Quartier du faubourg d'Isle;Rue Jean Cocteau;8.0;155;3.29337296072864;49.8354518998113;9.947440142942227;EN PLACE
Quartier du faubourg d'Isle;Rue Jean Cocteau;8.0;130;3.29329135389791;49.8354621714278;9.947440142942227;EN PLACE
Quartier du faubourg d'Isle;Rue Jean Cocteau;8.0;145;3.29321273611859;49.8354720660069;9.947440142942227;EN PLACE
Quartier du faubourg d'Isle;Rue Jean Cocteau;9.0;140;3.29311768690264;49.8354803473003;9.947440142942227;EN PLACE
Quartier du faubourg d'Isle;Rue Jean Cocteau;9.0;160;3.29302843708008;49.8354898322634;9.947440142942227;EN PLACE
Quartier du faubourg d'Isle;Rue Jean Cocteau;9.0;230;3.29293966312822;49.8354861231745;9.947440142942227;EN PLACE
Quartier du faubourg d'Isle;Rue Jean Cocteau;10.0;160;3.2927722578745;49.8353250068789;9.947440142942227;EN PLACE
Quartier du faubourg d'Isle;Rue Jean Cocteau;8.0;100;3.29290254706102;49.8352795058754;9.947440142942227;EN PLACE
Quartier du faubourg d'Isle;Rue Jean Cocteau;8.0;125;3.29299630209502;49.8352864130986;9.947440142942227;EN PLACE
Quartier du faubourg d'Isle;Rue Jean Cocteau;8.0;110;3.29306890012658;49.8352892095327;9.947440142942227;EN PLACE
Quartier du faubourg d'Isle;Rue Jean Cocteau;8.0;140;3.29316861422391;49.8352940213153;9.947440142942227;EN PLACE
Quartier du faubourg d'Isle;Rue Jean Cocteau;8.0;140;3.29333220391387;49.8353025420462;9.947440142942227;EN PLACE
Quartier du faubourg d'Isle;Rue Jean Cocteau;9.0;135;3.29350912115586;49.8353122195766;9.947440142942227;EN PLACE
Quartier du faubourg d'Isle;Rue Jean Cocteau;9.0;170;3.29376139257867;49.8353243892601;9.947440142942227;EN PLACE
Quartier du faubourg d'Isle;Rue Jean Cocteau;9.0;135;3.29385008309337;49.8353295238444;9.947440142942227;EN PLACE
Quartier du faubourg d'Isle;Rue Jean Cocteau;17.0;185;3.29549445531949;49.835133777124;9.947440142942227;EN PLACE
Quartier du faubourg d'Isle;Rue Jean Cocteau;17.0;180;3.29565002098783;49.8351054704652;9.947440142942227;EN PLACE
Quartier du faubourg d'Isle;Boulevard du Maréchal Juin;6.0;35;3.30359344284844;49.8349803487447;9.947440142942227;EN PLACE
Quartier du faubourg d'Isle;Boulevard du Maréchal Juin;6.0;35;3.30381226358993;49.8350988531391;9.947440142942227;EN PLACE
Quartier du faubourg d'Isle;Boulevard du Maréchal Juin;6.0;35;3.30397529668089;49.8351870037071;9.947440142942227;EN PLACE
Quartier du faubourg d'Isle;Boulevard du Maréchal Juin;6.0;35;3.30412578275549;49.835268665677;9.947440142942227;EN PLACE
Quartier du faubourg d'Isle;Boulevard du Maréchal Juin;6.0;35;3.30426339075422;49.8353433724446;9.947440142942227;EN PLACE
Quartier du faubourg d'Isle;Boulevard du Maréchal Juin;6.0;35;3.30442478473726;49.8354309934898;9.947440142942227;EN PLACE
Quartier du faubourg d'Isle;Boulevard du Maréchal Juin;6.0;35;3.30458900778774;49.8355201479581;9.947440142942227;EN PLACE
Quartier du faubourg d'Isle;Boulevard du Maréchal Juin;6.0;35;3.30476051891099;49.8356132598129;9.947440142942227;EN PLACE
Quartier du faubourg d'Isle;Boulevard du Maréchal Juin;6.0;35;3.30491729390609;49.8356983712048;9.947440142942227;EN PLACE
Quartier du faubourg d'Isle;Boulevard du Maréchal Juin;6.0;35;3.30507790498068;49.835785564527;9.947440142942227;EN PLACE
Quartier du faubourg d'Isle;Boulevard du Maréchal Juin;6.0;35;3.30522707684711;49.835866982147;9.947440142942227;EN PLACE
Quartier du faubourg d'Isle;Boulevard du Maréchal Juin;6.0;35;3.30535581779779;49.8359373520403;9.947440142942227;EN PLACE
Quartier du faubourg d'Isle;Boulevard du Maréchal Juin;6.0;35;3.30550454501896;49.8360186481895;9.947440142942227;EN PLACE
Quartier du faubourg d'Isle;Boulevard du Maréchal Juin;6.0;35;3.30541651796829;49.8360901888939;9.947440142942227;EN PLACE
Quartier du faubourg d'Isle;Boulevard du Maréchal Juin;6.0;35;3.30527897582291;49.8360132797255;9.947440142942227;EN PLACE
Quartier du faubourg d'Isle;Rue de la Croix Saint-Claude;8.0;55;3.30300105077447;49.8352303095866;9.947440142942227;EN PLACE
Quartier du faubourg d'Isle;Rue de la Croix Saint-Claude;7.0;45;3.30323202348582;49.8351366756706;9.947440142942227;EN PLACE
Quartier du faubourg d'Isle;Rue de la Croix Saint-Claude;7.0;45;3.30344044551487;49.8350516550516;9.947440142942227;EN PLACE
Quartier du faubourg d'Isle;Rue de la Croix Saint-Claude;7.0;45;3.30332875320852;49.8349948849176;9.947440142942227;EN PLACE
Quartier du faubourg d'Isle;Rue de la Croix Saint-Claude;8.0;70;3.3032187232339;49.8349391784653;9.947440142942227;EN PLACE
Quartier du faubourg d'Isle;Rue de la Croix Saint-Claude;5.0;40;3.30308416356608;49.8349302423213;9.947440142942227;EN PLACE
Quartier du faubourg d'Isle;Rue de la Croix Saint-Claude;8.0;55;3.30304759553482;49.8349920167555;9.947440142942227;EN PLACE
Quartier du faubourg d'Isle;Rue de la Croix Saint-Claude;7.0;65;3.30299674659613;49.8350623834985;9.947440142942227;EN PLACE
Quartier du faubourg d'Isle;Rue de la Croix Saint-Claude;7.0;65;3.30294156346859;49.8351455972823;9.947440142942227;EN PLACE
Quartier du faubourg d'Isle;Rue des Vieux ménages;6.0;30;3.30471595925414;49.8350912401652;9.947440142942227;EN PLACE
Quartier du faubourg d'Isle;Rue des Vieux ménages;6.0;30;3.30536631104717;49.8351919222973;9.947440142942227;EN PLACE
Quartier du faubourg d'Isle;Rue des Vieux ménages;6.0;30;3.3060198832375;49.8352901200171;9.947440142942227;EN PLACE
Quartier du faubourg d'Isle;Rue Emile Rousseau;5.0;100;3.30201632968234;49.8351927594018;9.947440142942227;EN PLACE
Quartier du faubourg d'Isle;Rue Emile Rousseau;5.0;120;3.30201453780471;49.835088554882;9.947440142942227;EN PLACE
Quartier du faubourg d'Isle;Rue Emile Rousseau;5.0;140;3.30210379259087;49.8351672509499;9.947440142942227;EN PLACE
Quartier du faubourg d'Isle;Place Carnot;7.0;55;3.29997131910952;49.8397386664593;9.947440142942227;EN PLACE
Quartier du faubourg d'Isle;Place Carnot;6.0;60;3.30008094711946;49.8397993253018;9.947440142942227;EN PLACE
Quartier du faubourg d'Isle;Place Carnot;7.0;50;3.30019042335947;49.8398598999177;9.947440142942227;EN PLACE
Quartier du faubourg d'Isle;Place Carnot;7.0;60;3.3003005917227;49.8399208565577;9.947440142942227;EN PLACE
Quartier du faubourg d'Isle;Place Carnot;7.0;30;3.30048187315955;49.8396396464966;9.947440142942227;EN PLACE
Quartier du faubourg d'Isle;Place Carnot;7.0;40;3.30061154437279;49.8396691443309;9.947440142942227;EN PLACE
Quartier du faubourg d'Isle;Place Carnot;6.0;30;3.30074067700359;49.8396985193319;9.947440142942227;EN PLACE
Quartier du faubourg d'Isle;Place Carnot;6.0;30;3.30086839264672;49.8397275723637;9.947440142942227;EN PLACE
Quartier du faubourg d'Isle;Boulevard Cordier;6.0;160;3.29390118537818;49.8360700166523;9.947440142942227;Essouché
Quartier du faubourg d'Isle;Boulevard Cordier;6.0;115;3.29400965287382;49.8361428483969;9.947440142942227;EN PLACE
Quartier du faubourg d'Isle;Boulevard Cordier;6.0;130;3.29408540656574;49.8361825993168;9.947440142942227;EN PLACE
Quartier du faubourg d'Isle;Boulevard Cordier;6.0;145;3.29426739410286;49.836290196612;9.947440142942227;EN PLACE
Quartier du faubourg d'Isle;Boulevard Cordier;6.0;145;3.29437640025716;49.8363608878014;9.947440142942227;Essouché
Quartier du faubourg d'Isle;Boulevard Cordier;6.0;165;3.29444609842437;49.8364020795813;9.947440142942227;EN PLACE
Quartier du faubourg d'Isle;Boulevard Cordier;6.0;115;3.29450913449124;49.8364354437458;9.947440142942227;EN PLACE
Quartier du faubourg d'Isle;Boulevard Cordier;6.0;120;3.29457220839293;49.8364748683381;9.947440142942227;EN PLACE
Quartier du faubourg d'Isle;Boulevard Cordier;6.0;165;3.29462863512579;49.8365089610798;9.947440142942227;EN PLACE
Quartier du faubourg d'Isle;Boulevard Cordier;6.0;140;3.294757630227;49.8365824805206;9.947440142942227;EN PLACE
Quartier du faubourg d'Isle;Boulevard Cordier;6.0;190;3.29482272540816;49.836620242036;9.947440142942227;EN PLACE
Quartier du faubourg d'Isle;Boulevard Cordier;6.0;195;3.29488367499041;49.8366555990578;9.947440142942227;EN PLACE
Quartier du faubourg d'Isle;Boulevard Cordier;6.0;130;3.29494391249342;49.8366911115761;9.947440142942227;EN PLACE
Quartier du faubourg d'Isle;Boulevard Cordier;6.0;90;3.29500419066858;49.8367241245771;9.947440142942227;EN PLACE
Quartier du faubourg d'Isle;Boulevard Cordier;6.0;200;3.29536649316783;49.8369343268394;9.947440142942227;EN PLACE
Quartier du faubourg d'Isle;Boulevard Cordier;6.0;140;3.2955462867238;49.8370429966329;9.947440142942227;EN PLACE
Quartier du faubourg d'Isle;Boulevard Cordier;6.0;115;3.29566575894776;49.8371115222955;9.947440142942227;EN PLACE
Quartier du faubourg d'Isle;Boulevard Cordier;6.0;160;3.29571776503149;49.8371434849844;9.947440142942227;EN PLACE
Quartier du faubourg d'Isle;Boulevard Cordier;6.0;170;3.29578138269024;49.8371814825415;9.947440142942227;EN PLACE
Quartier du faubourg d'Isle;Boulevard Cordier;6.0;130;3.29585828912481;49.8372297866437;9.947440142942227;EN PLACE
Quartier du faubourg d'Isle;Boulevard Cordier;8.0;40;3.29683294131917;49.8377968337249;9.947440142942227;EN PLACE
Quartier du faubourg d'Isle;Boulevard Cordier;8.0;35;3.29699611790896;49.8378909228041;9.947440142942227;EN PLACE
Quartier du faubourg d'Isle;Boulevard Cordier;8.0;45;3.29753546889207;49.8382076527649;9.947440142942227;EN PLACE
Quartier du faubourg d'Isle;Boulevard Cordier;7.0;40;3.29811963325648;49.8385502995477;9.947440142942227;EN PLACE
Quartier du faubourg d'Isle;Boulevard Cordier;7.0;30;3.298111315732;49.8387310907359;9.947440142942227;EN PLACE
Quartier du faubourg d'Isle;Boulevard Cordier;6.0;30;3.29793319343405;49.8386274131491;9.947440142942227;EN PLACE
Quartier du faubourg d'Isle;Boulevard Cordier;7.0;40;3.29768040159835;49.8384814873265;9.947440142942227;EN PLACE
Quartier du faubourg d'Isle;Boulevard Cordier;8.0;45;3.29718528021918;49.8381871135551;9.947440142942227;EN PLACE
Quartier du faubourg d'Isle;Boulevard Cordier;6.0;35;3.29681354845973;49.8379698085898;9.947440142942227;EN PLACE
Quartier du faubourg d'Isle;Boulevard Cordier;6.0;30;3.29639480761826;49.8377258750552;9.947440142942227;EN PLACE
Quartier du faubourg d'Isle;Boulevard Cordier;6.0;35;3.2958759595549;49.8374251345383;9.947440142942227;EN PLACE
Quartier du faubourg d'Isle;Boulevard Cordier;5.0;200;3.29548421305256;49.8371764968224;9.947440142942227;EN PLACE
Quartier du faubourg d'Isle;Boulevard Cordier;6.0;140;3.29535920867664;49.8371047761573;9.947440142942227;EN PLACE
Quartier du faubourg d'Isle;Boulevard Cordier;6.0;170;3.29517005506313;49.8369982675811;9.947440142942227;EN PLACE
Quartier du faubourg d'Isle;Boulevard Cordier;6.0;110;3.29481005809416;49.8367830439779;9.947440142942227;EN PLACE
Quartier du faubourg d'Isle;Boulevard Cordier;6.0;155;3.29437356881193;49.8365264476293;9.947440142942227;EN PLACE
Quartier du faubourg d'Isle;Boulevard Cordier;6.0;115;3.29425689204737;49.8364578560944;9.947440142942227;EN PLACE
Quartier du faubourg d'Isle;Boulevard Cordier;6.0;150;3.29412748376237;49.8363817793145;9.947440142942227;EN PLACE
Quartier du faubourg d'Isle;Boulevard Cordier;6.0;165;3.29406017398926;49.836342210457;9.947440142942227;EN PLACE
Quartier du faubourg d'Isle;Boulevard Cordier;6.0;130;3.29382421338886;49.8362017695825;9.947440142942227;EN PLACE
Quartier du faubourg d'Isle;Boulevard Cordier;6.0;145;3.29368868240475;49.836119732494;9.947440142942227;EN PLACE
Quartier du faubourg d'Isle;Boulevard Cordier;6.0;130;3.29364109992573;49.8360895397664;9.947440142942227;EN PLACE
Quartier du faubourg d'Isle;Boulevard Cordier;6.0;110;3.29332975180902;49.8359184298582;9.947440142942227;EN PLACE
Quartier du faubourg d'Isle;Boulevard Cordier;6.0;155;3.29327330249141;49.8358800579212;9.947440142942227;EN PLACE
Quartier du faubourg d'Isle;Place Cordier;7.0;60;3.29851535030577;49.838868611485;9.947440142942227;SUPPRIMÉ
Quartier du faubourg d'Isle;Place Cordier;7.0;65;3.29857481565988;49.8389310284015;9.947440142942227;EN PLACE
Quartier du faubourg d'Isle;Place Cordier;7.0;50;3.29858879426084;49.8389583772588;9.947440142942227;EN PLACE
Quartier du faubourg d'Isle;Place Cordier;7.0;50;3.29868852053878;49.8389670718615;9.947440142942227;EN PLACE
Quartier du faubourg d'Isle;Place Cordier;7.0;60;3.29868107160236;49.8390005573597;8.912328767123288;SUPPRIMÉ
Quartier du faubourg d'Isle;Place Cordier;7.0;65;3.29874874329366;49.839008378672;9.947440142942227;EN PLACE
Quartier du faubourg d'Isle;Place Cordier;7.0;50;3.29880539547503;49.8390424688096;9.947440142942227;EN PLACE
Quartier du faubourg d'Isle;Place Cordier;7.0;55;3.29883965730566;49.8390686268943;9.947440142942227;EN PLACE
Quartier du faubourg d'Isle;Place Cordier;7.0;50;3.2988944039106;49.839128774748;9.947440142942227;EN PLACE
Quartier du faubourg d'Isle;Place Cordier;7.0;60;3.29876236229054;49.8391251037987;9.947440142942227;EN PLACE
Quartier du faubourg d'Isle;Place Cordier;6.0;30;3.2990036744365;49.8392423414922;9.947440142942227;EN PLACE
Quartier du faubourg d'Isle;Place Cordier;6.0;30;3.29914808013275;49.8393304121097;9.947440142942227;EN PLACE
Quartier du faubourg d'Isle;Place Cordier;6.0;30;3.29929247252335;49.8394159867962;9.947440142942227;EN PLACE
Quartier du faubourg d'Isle;Place Cordier;6.0;35;3.29944567564275;49.8395001138198;9.947440142942227;EN PLACE
Quartier du faubourg d'Isle;Place Cordier;8.0;55;3.29964140387833;49.8395024859356;9.947440142942227;EN PLACE
Quartier du faubourg d'Isle;Place Cordier;5.0;50;3.29961969800112;49.8394675976521;9.947440142942227;EN PLACE
Quartier du faubourg d'Isle;Place Cordier;7.0;70;3.299539905904;49.8394927510578;9.947440142942227;Non essouché
Quartier du faubourg d'Isle;Place Cordier;7.0;50;3.29948899424856;49.8394600743366;9.947440142942227;EN PLACE
Quartier du faubourg d'Isle;Place Cordier;7.0;50;3.29938281541647;49.8394039985278;9.947440142942227;EN PLACE
Quartier du faubourg d'Isle;Place Cordier;6.0;40;3.29943341111698;49.8393828387043;9.947440142942227;EN PLACE
Quartier du faubourg d'Isle;Place Cordier;7.0;50;3.29950228343562;49.8393758948847;9.947440142942227;EN PLACE
Quartier du faubourg d'Isle;Place Cordier;7.0;55;3.2994800367123;49.8393427907861;9.947440142942227;EN PLACE
Quartier du faubourg d'Isle;Place Cordier;7.0;55;3.29941086383949;49.8392983910486;9.947440142942227;EN PLACE
Quartier du faubourg d'Isle;Place Cordier;7.0;50;3.29957646000021;49.8393659076614;9.947440142942227;EN PLACE
Quartier du faubourg d'Isle;Place Cordier;7.0;60;3.29926309441453;49.8392948318041;9.947440142942227;EN PLACE
Quartier du faubourg d'Isle;Place Cordier;7.0;50;3.29912060759824;49.8392520383997;9.947440142942227;EN PLACE
Quartier du faubourg d'Isle;Place Cordier;7.0;50;3.29908455572513;49.8392150459143;9.947440142942227;EN PLACE
Quartier du faubourg d'Isle;Place Cordier;8.0;60;3.29922229128088;49.8391997327587;9.947440142942227;EN PLACE
Quartier du faubourg d'Isle;Place Cordier;7.0;60;3.29939233962227;49.839241745489;9.947440142942227;EN PLACE
Quartier du faubourg d'Isle;Place Cordier;7.0;60;3.29950110844141;49.8392696462928;9.947440142942227;EN PLACE
Quartier du faubourg d'Isle;Place Cordier;7.0;55;3.29959064864685;49.8393086463982;9.947440142942227;EN PLACE
Quartier du faubourg d'Isle;Place Cordier;6.0;50;3.29963693716932;49.8393049679769;9.947440142942227;EN PLACE
Quartier du faubourg d'Isle;Place Cordier;7.0;50;3.29973657826772;49.8393742512338;9.947440142942227;SUPPRIMÉ
Quartier du faubourg d'Isle;Place Cordier;7.0;50;3.29973696566561;49.8394402123404;9.947440142942227;EN PLACE
Quartier du faubourg d'Isle;Place Cordier;7.0;50;3.29970901194613;49.8394680915849;9.947440142942227;EN PLACE
Quartier du faubourg d'Isle;Place du Docteur Petithomme;8.0;80;3.30005808769692;49.8393912886987;9.947440142942227;Essouché
Quartier du faubourg d'Isle;Place du Docteur Petithomme;8.0;80;3.3001141562726;49.8393633401874;9.947440142942227;EN PLACE
Quartier du faubourg d'Isle;Place du Docteur Petithomme;8.0;85;3.30018402739317;49.8393385659894;9.947440142942227;EN PLACE
Quartier du faubourg d'Isle;Place du Docteur Petithomme;8.0;70;3.300258832947;49.8394032740736;9.947440142942227;EN PLACE
Quartier du faubourg d'Isle;Place du Docteur Petithomme;8.0;70;3.30021161741075;49.8394365494075;9.947440142942227;EN PLACE
Quartier du faubourg d'Isle;Place du Docteur Petithomme;8.0;75;3.30016991145291;49.8394694546056;9.947440142942227;EN PLACE
Quartier du faubourg d'Isle;Rue du Maréchal Foch;7.0;30;3.29833623200144;49.8388636473513;9.947440142942227;EN PLACE
Quartier du faubourg d'Isle;Rue du Maréchal Foch;9.0;50;3.29846453555348;49.83899549443;9.947440142942227;REMPLACÉ
Quartier du faubourg d'Isle;Rue du Maréchal Foch;10.0;55;3.29856251110071;49.8390946145717;9.947440142942227;REMPLACÉ
Quartier du faubourg d'Isle;Rue du Maréchal Foch;8.0;55;3.29865533934032;49.8391932703251;9.947440142942227;EN PLACE
Quartier du faubourg d'Isle;Rue du Maréchal Foch;7.0;45;3.29876001088052;49.8393059220643;9.947440142942227;EN PLACE
Quartier du faubourg d'Isle;Rue du Maréchal Foch;9.0;55;3.29886284666589;49.8394190530826;9.947440142942227;REMPLACÉ
Quartier du faubourg d'Isle;Rue du Maréchal Foch;8.0;40;3.29896824434852;49.839529801271;9.947440142942227;EN PLACE
Quartier du faubourg d'Isle;Rue du Maréchal Foch;7.0;45;3.29910261871123;49.8396309697881;9.947440142942227;EN PLACE
Quartier du faubourg d'Isle;Rue du Maréchal Foch;7.0;45;3.30022362240887;49.8400134918824;9.947440142942227;EN PLACE
Quartier du faubourg d'Isle;Rue du Maréchal Foch;6.0;40;3.30005688769481;49.8399416995883;9.947440142942227;EN PLACE
Quartier du faubourg d'Isle;Rue du Maréchal Foch;8.0;40;3.29988834657343;49.839874963478;9.947440142942227;EN PLACE
Quartier du faubourg d'Isle;Rue du Maréchal Foch;7.0;35;3.29971378772938;49.8398002201961;9.947440142942227;EN PLACE
Quartier du faubourg d'Isle;Rue du Maréchal Foch;7.0;45;3.29932602102645;49.8396413175808;9.947440142942227;REMPLACÉ
Quartier du faubourg d'Isle;Rue du Maréchal Foch;7.0;30;3.29916841339326;49.8395585088616;9.947440142942227;REMPLACÉ
Quartier du faubourg d'Isle;Rue du Maréchal Foch;7.0;40;3.2990460907203;49.8394601624253;9.947440142942227;REMPLACÉ
Quartier du faubourg d'Isle;Rue du Maréchal Foch;7.0;25;3.29894666742496;49.8393495780005;9.947440142942227;REMPLACÉ
Quartier du faubourg d'Isle;Rue du Général Leclerc;7.0;45;3.30111903632948;49.8388592503613;9.947440142942227;EN PLACE
Quartier du faubourg d'Isle;Rue du Général Leclerc;6.0;35;3.30156457624285;49.838625679264;9.947440142942227;EN PLACE
Quartier du faubourg d'Isle;Rue du Général Leclerc;6.0;35;3.30194527679227;49.8384291103805;9.947440142942227;EN PLACE
Quartier du faubourg d'Isle;Rue du Général Leclerc;7.0;40;3.30237544081087;49.8382067473978;9.947440142942227;REMPLACÉ
Quartier du faubourg d'Isle;Rue du Général Leclerc;7.0;35;3.3025516627593;49.8381124189855;9.947440142942227;EN PLACE
Quartier du faubourg d'Isle;Rue du Général Leclerc;7.0;40;3.3027623553349;49.8380054055813;9.947440142942227;EN PLACE
Quartier du faubourg d'Isle;Rue du Général Leclerc;7.0;40;3.30293054116277;49.8379196545583;9.947440142942227;EN PLACE
Quartier du faubourg d'Isle;Rue du Général Leclerc;6.0;25;3.30324892764537;49.8377522359158;9.947440142942227;EN PLACE
Quartier du faubourg d'Isle;Rue du Général Leclerc;7.0;40;3.30416783709501;49.8372752611813;9.947440142942227;EN PLACE
Quartier du faubourg d'Isle;Rue du Général Leclerc;7.0;40;3.30437776789959;49.8371646820248;9.947440142942227;EN PLACE
Quartier du faubourg d'Isle;Rue du Général Leclerc;6.0;35;3.30470751378979;49.8369934277667;9.947440142942227;EN PLACE
Quartier du faubourg d'Isle;Square de la 2ème DB;14.0;140;3.30456864917844;49.837366869878;9.947440142942227;EN PLACE
Quartier du faubourg d'Isle;Square de la 2ème DB;13.0;130;3.30464302993237;49.8373411552587;9.947440142942227;EN PLACE
Quartier du faubourg d'Isle;Place Stalingrad;7.0;45;3.3059421010605;49.8365874888948;9.947440142942227;EN PLACE
Quartier du faubourg d'Isle;Place Stalingrad;5.0;15;3.30600003751343;49.8365901959762;12.167123287671233;EN PLACE
Quartier du faubourg d'Isle;Place Stalingrad;7.0;45;3.30605677666741;49.8365894834315;9.947440142942227;EN PLACE
Quartier du faubourg d'Isle;Place Stalingrad;7.0;40;3.30611700996644;49.8365826769118;9.947440142942227;Essouché
Quartier du faubourg d'Isle;Place Stalingrad;7.0;45;3.30618015590017;49.8365714888387;9.947440142942227;EN PLACE
Quartier du faubourg d'Isle;Place Stalingrad;7.0;50;3.30623356042009;49.8365538601116;9.947440142942227;EN PLACE
Quartier du faubourg d'Isle;Place Stalingrad;7.0;50;3.30628339784834;49.8365299652326;9.947440142942227;EN PLACE
Quartier du faubourg d'Isle;Place Stalingrad;7.0;50;3.30646550033898;49.8364011491476;9.947440142942227;EN PLACE
Quartier du faubourg d'Isle;Place Stalingrad;7.0;50;3.3064726267391;49.8363636703228;9.947440142942227;EN PLACE
Quartier du faubourg d'Isle;Place Stalingrad;7.0;55;3.30609632253416;49.8360253669465;9.947440142942227;EN PLACE
Quartier du faubourg d'Isle;Place Stalingrad;9.0;50;3.30587060031315;49.8360382931864;9.947440142942227;EN PLACE
Quartier du faubourg d'Isle;Place Stalingrad;9.0;45;3.30580396717745;49.8360561450226;9.947440142942227;EN PLACE
Quartier du faubourg d'Isle;Place Stalingrad;9.0;55;3.305741482797;49.8360795008459;9.947440142942227;EN PLACE
Quartier du faubourg d'Isle;Place Stalingrad;5.0;25;3.30567730977289;49.8361154119063;9.947440142942227;EN PLACE
Quartier du faubourg d'Isle;Place Stalingrad;9.0;55;3.30558521470067;49.836201785226;9.947440142942227;EN PLACE
Quartier du faubourg d'Isle;Place Stalingrad;9.0;50;3.30555755737574;49.836247872899;9.947440142942227;EN PLACE
Quartier du faubourg d'Isle;Place Stalingrad;9.0;45;3.30553962293692;49.836296789769;9.947440142942227;EN PLACE
Quartier du faubourg d'Isle;Rue de la Fère;5.0;105;3.30832280964893;49.8296138731361;9.947440142942227;EN PLACE
Quartier du faubourg d'Isle;Rue de la Fère;5.0;105;3.3083015636617;49.8296706786625;9.947440142942227;EN PLACE
Quartier du faubourg d'Isle;Rue de la Fère;5.0;115;3.30825901276506;49.8297744837823;9.947440142942227;EN PLACE
Quartier du faubourg d'Isle;Rue de la Fère;4.0;70;3.3081349069615;49.8300647950116;9.947440142942227;REMPLACÉ
Quartier du faubourg d'Isle;Rue de la Fère;4.0;65;3.30810969294632;49.8301469302961;9.947440142942227;SUPPRIMÉ
Quartier du faubourg d'Isle;Rue de la Fère;4.0;60;3.30809656811899;49.8301920868802;9.947440142942227;REMPLACÉ
Quartier du faubourg d'Isle;Rue de la Fère;4.0;55;3.30807204725421;49.8302619939875;9.947440142942227;REMPLACÉ
Quartier du faubourg d'Isle;Rue de la Fère;4.0;55;3.30805545374537;49.8302952704739;9.947440142942227;SUPPRIMÉ
Quartier du faubourg d'Isle;Rue de la Fère;5.0;70;3.30804278100812;49.8303318604985;9.947440142942227;REMPLACÉ
Quartier du faubourg d'Isle;Rue de la Fère;4.0;70;3.3079488781051;49.8305983137862;9.947440142942227;EN PLACE
Quartier du faubourg d'Isle;Rue de la Fère;5.0;120;3.30763475100624;49.8316067421391;9.947440142942227;EN PLACE
Quartier du faubourg d'Isle;Rue de la Fère;5.0;140;3.30737508775525;49.8323481366572;9.947440142942227;EN PLACE
Quartier du faubourg d'Isle;Rue de la Fère;5.0;155;3.3073299367863;49.8324786897945;9.947440142942227;EN PLACE
Quartier du faubourg d'Isle;Rue de la Fère;5.0;150;3.30727890093026;49.8326235201204;9.947440142942227;EN PLACE
Quartier du faubourg d'Isle;Rue de la Fère;5.0;145;3.30721735104169;49.8327769918404;9.947440142942227;EN PLACE
Quartier du faubourg d'Isle;Rue de la Fère;5.0;155;3.30718491856092;49.8328837431279;9.947440142942227;EN PLACE
Quartier du faubourg d'Isle;Rue de la Fère;5.0;130;3.3071410938225;49.8330053784997;9.947440142942227;EN PLACE
Quartier du faubourg d'Isle;Rue de la Fère;4.0;95;3.30680222355586;49.8339724242564;9.947440142942227;EN PLACE
Quartier du faubourg d'Isle;Rue de la Fère;4.0;115;3.30671538801131;49.8342200304071;9.947440142942227;EN PLACE
Quartier du faubourg d'Isle;Rue de la Fère;4.0;90;3.30666843638084;49.834356827361;9.947440142942227;EN PLACE
Quartier du faubourg d'Isle;Rue de la Fère;5.0;110;3.30662881472957;49.8344757183324;9.947440142942227;EN PLACE
Quartier du faubourg d'Isle;Rue de la Fère;5.0;90;3.30658056722659;49.8346109722366;9.947440142942227;EN PLACE
Quartier du faubourg d'Isle;Rue de la Fère;5.0;95;3.30647744786199;49.8348807861012;9.947440142942227;EN PLACE
Quartier du faubourg d'Isle;Rue de la Fère;5.0;80;3.30638314827031;49.8351505759192;9.947440142942227;EN PLACE
Quartier du faubourg d'Isle;Rue de la Fère;5.0;80;3.30628938918911;49.835418938308;9.947440142942227;EN PLACE
Quartier du faubourg d'Isle;Rue de la Fère;5.0;110;3.30625155266286;49.8355441834856;9.947440142942227;EN PLACE
Quartier du faubourg d'Isle;Rue de la Fère;5.0;120;3.30620544898717;49.8356698053405;9.947440142942227;EN PLACE
Quartier du faubourg d'Isle;Rue de la Fère;6.0;50;3.30775984566743;49.830718873969;9.947440142942227;EN PLACE
Quartier du faubourg d'Isle;Rue de la Fère;7.0;55;3.3077814834077;49.8306507771226;9.947440142942227;EN PLACE
Quartier du faubourg d'Isle;Rue de la Fère;6.0;40;3.30780904072844;49.8305740490342;9.947440142942227;EN PLACE
Quartier du faubourg d'Isle;Rue de la Fère;6.0;45;3.30783566808151;49.830495539637;9.947440142942227;EN PLACE
Quartier du faubourg d'Isle;Rue de la Fère;6.0;30;3.30785779221173;49.8304318981438;9.947440142942227;EN PLACE
Quartier du faubourg d'Isle;Rue de la Fère;7.0;55;3.30788677740902;49.8303634853043;9.947440142942227;EN PLACE
Quartier du faubourg d'Isle;Rue de la Fère;7.0;55;3.30790801859498;49.8303057898131;9.947440142942227;EN PLACE
Quartier du faubourg d'Isle;Rue de la Fère;7.0;65;3.30792890471205;49.8301892615268;9.947440142942227;EN PLACE
Quartier du faubourg d'Isle;Rue de la Fère;7.0;65;3.30792302356075;49.8301277712226;9.947440142942227;EN PLACE
Quartier du faubourg d'Isle;Rue de la Fère;8.0;65;3.30814110135103;49.829577235293;9.947440142942227;EN PLACE
Quartier du faubourg d'Isle;Rue de la Fère;8.0;60;3.3081787951762;49.8295058289857;9.947440142942227;EN PLACE
Quartier du faubourg d'Isle;Rue de la Fère;9.0;65;3.30820276510326;49.8294436687013;9.947440142942227;EN PLACE
Quartier Remicourt;Avenue de la Paix;8.0;185;3.3032065737852;49.8543051162474;9.947440142942227;REMPLACÉ
Quartier Remicourt;Avenue de la Paix;8.0;170;3.30313023318706;49.8543510121939;9.947440142942227;REMPLACÉ
Quartier Remicourt;Avenue de la Paix;8.0;160;3.30305111606609;49.8543985776036;9.947440142942227;REMPLACÉ
Quartier Remicourt;Avenue de la Paix;4.0;120;3.30297621601345;49.854443606639;9.947440142942227;REMPLACÉ
Quartier Remicourt;Avenue de la Paix;8.0;165;3.30290008279482;49.8544893769287;9.947440142942227;REMPLACÉ
Quartier Remicourt;Avenue de la Paix;6.0;105;3.30281874161808;49.8545382794117;9.947440142942227;REMPLACÉ
Quartier Remicourt;Avenue de la Paix;8.0;180;3.3027332758446;49.8545896603699;9.947440142942227;REMPLACÉ
Quartier Remicourt;Avenue de la Paix;6.0;105;3.30265206732911;49.8546384814777;9.947440142942227;REMPLACÉ
Quartier Remicourt;Avenue de la Paix;8.0;145;3.30257894405647;49.8546824411955;9.947440142942227;REMPLACÉ
Quartier Remicourt;Avenue de la Paix;9.0;185;3.30225532027417;49.854879965762;9.947440142942227;REMPLACÉ
Quartier Remicourt;Avenue de la Paix;6.0;115;3.30215868908055;49.854936657863;9.947440142942227;REMPLACÉ
Quartier Remicourt;Avenue de la Paix;8.0;185;3.30207671848769;49.8549858841981;9.947440142942227;REMPLACÉ
Quartier Remicourt;Avenue de la Paix;7.0;115;3.30157874658798;49.8554073173444;9.947440142942227;SUPPRIMÉ
Quartier Remicourt;Avenue de la Paix;8.0;170;3.30165977181694;49.8553536353989;9.947440142942227;SUPPRIMÉ
Quartier Remicourt;Avenue de la Paix;6.0;170;3.30267286657931;49.8547440943821;9.947440142942227;SUPPRIMÉ
Quartier Remicourt;Avenue de la Paix;8.0;185;3.30314821166539;49.854461542037;9.947440142942227;SUPPRIMÉ
Quartier Remicourt;Avenue Charles Feuillette;8.0;170;3.30127524844823;49.855463928474;9.947440142942227;EN PLACE
Quartier Remicourt;Avenue Charles Feuillette;6.0;95;3.30079714385748;49.8557492725849;9.947440142942227;EN PLACE
Quartier Remicourt;Avenue Charles Feuillette;8.0;150;3.30071857875732;49.855799381083;9.947440142942227;EN PLACE
Quartier Remicourt;Avenue Charles Feuillette;6.0;95;3.30064711783659;49.8558387780159;9.947440142942227;EN PLACE
Quartier Remicourt;Avenue Charles Feuillette;8.0;155;3.30057732250202;49.8558799516622;9.947440142942227;EN PLACE
Quartier Remicourt;Avenue Charles Feuillette;9.0;200;3.30056149485215;49.8560019287644;9.947440142942227;EN PLACE
Quartier Remicourt;Avenue Charles Feuillette;6.0;110;3.3007407027635;49.8559041511598;9.947440142942227;EN PLACE
Quartier Remicourt;Avenue Charles Feuillette;8.0;165;3.30080992983561;49.855860125282;9.947440142942227;Essouché
Quartier Remicourt;Avenue Charles Feuillette;6.0;100;3.30088907978319;49.8558153627855;9.947440142942227;EN PLACE
Quartier Remicourt;Avenue Charles Feuillette;8.0;165;3.30095996655683;49.8557724024356;9.947440142942227;EN PLACE
Quartier Remicourt;Avenue Charles Feuillette;8.0;165;3.30129463268859;49.855571200363;9.947440142942227;EN PLACE
Quartier Remicourt;Avenue Aristide Briand;5.0;25;3.30718017582464;49.8519139523124;9.947440142942227;EN PLACE
Quartier Remicourt;Avenue Aristide Briand;5.0;25;3.30707073937264;49.8519789992049;9.947440142942227;EN PLACE
Quartier Remicourt;Avenue Aristide Briand;5.0;25;3.30681294781654;49.8521332584483;9.947440142942227;EN PLACE
Quartier Remicourt;Avenue Aristide Briand;5.0;25;3.30671634817891;49.8521935190601;9.947440142942227;EN PLACE
Quartier Remicourt;Avenue Aristide Briand;5.0;25;3.30642515133562;49.8523713344806;9.947440142942227;EN PLACE
Quartier Remicourt;Avenue Aristide Briand;5.0;25;3.30632441406068;49.8524316055597;9.947440142942227;EN PLACE
Quartier Remicourt;Avenue Aristide Briand;5.0;25;3.30621266155604;49.8524939838896;9.947440142942227;EN PLACE
Quartier Remicourt;Avenue Aristide Briand;5.0;25;3.30611651887291;49.8525539461154;9.947440142942227;EN PLACE
Quartier Remicourt;Avenue Aristide Briand;5.0;25;3.30600753845182;49.8526189917015;9.947440142942227;EN PLACE
Quartier Remicourt;Avenue Aristide Briand;5.0;25;3.30591276399426;49.8526774649541;9.947440142942227;EN PLACE
Quartier Remicourt;Avenue Aristide Briand;5.0;25;3.30563756247318;49.8528412734983;9.947440142942227;EN PLACE
Quartier Remicourt;Avenue Aristide Briand;5.0;25;3.30554186848266;49.8529000455247;9.947440142942227;EN PLACE
Quartier Remicourt;Avenue Aristide Briand;5.0;25;3.30543746688679;49.8529624048686;9.947440142942227;EN PLACE
Quartier Remicourt;Avenue Aristide Briand;5.0;25;3.30517920571218;49.8531163649665;9.947440142942227;EN PLACE
Quartier Remicourt;Avenue Aristide Briand;5.0;25;3.30507618488072;49.8531793146661;9.947440142942227;EN PLACE
Quartier Remicourt;Avenue Aristide Briand;5.0;25;3.30470116898494;49.85340576555;9.947440142942227;EN PLACE
Quartier Remicourt;Avenue Aristide Briand;5.0;25;3.30460089694728;49.8534675191403;9.947440142942227;EN PLACE
Quartier Remicourt;Avenue Aristide Briand;5.0;25;3.3044973954929;49.8535272015084;9.947440142942227;EN PLACE
Quartier Remicourt;Avenue Aristide Briand;5.0;25;3.30439069823528;49.8535904568124;9.947440142942227;EN PLACE
Quartier Remicourt;Avenue Aristide Briand;5.0;25;3.30414115559344;49.8537432043169;9.947440142942227;EN PLACE
Quartier Remicourt;Avenue Aristide Briand;5.0;25;3.30403398610049;49.85380467769;9.947440142942227;EN PLACE
Quartier Remicourt;Avenue Aristide Briand;5.0;25;3.30393232335792;49.8538646514739;9.947440142942227;EN PLACE
Quartier Remicourt;Avenue Aristide Briand;5.0;25;3.30383799922379;49.853922528467;9.947440142942227;EN PLACE
Quartier Remicourt;Avenue Aristide Briand;5.0;25;3.30367269536914;49.8540221773539;9.947440142942227;EN PLACE
Quartier Remicourt;Avenue Aristide Briand;5.0;25;3.30382365367231;49.8540601305317;9.947440142942227;EN PLACE
Quartier Remicourt;Avenue Aristide Briand;5.0;25;3.30392713270728;49.8539962898168;9.947440142942227;EN PLACE
Quartier Remicourt;Avenue Aristide Briand;5.0;25;3.30408144126292;49.8539023123986;9.947440142942227;EN PLACE
Quartier Remicourt;Avenue Aristide Briand;5.0;25;3.30417393829889;49.8538465203497;9.947440142942227;EN PLACE
Quartier Remicourt;Avenue Aristide Briand;5.0;25;3.30428567207564;49.8537799841431;9.947440142942227;REMPLACÉ
Quartier Remicourt;Avenue Aristide Briand;5.0;25;3.30439786397209;49.8537131499523;9.947440142942227;EN PLACE
Quartier Remicourt;Avenue Aristide Briand;5.0;25;3.30479002693635;49.8534760764123;9.947440142942227;REMPLACÉ
Quartier Remicourt;Avenue Aristide Briand;5.0;25;3.30489700318091;49.8534135329648;9.947440142942227;EN PLACE
Quartier Remicourt;Avenue Aristide Briand;5.0;25;3.30524867752204;49.8532006108518;9.947440142942227;EN PLACE
Quartier Remicourt;Avenue Aristide Briand;5.0;25;3.30534646724974;49.8531390402665;9.947440142942227;EN PLACE
Quartier Remicourt;Avenue Aristide Briand;5.0;25;3.30544465340973;49.8530822227589;9.947440142942227;EN PLACE
Quartier Remicourt;Avenue Aristide Briand;5.0;25;3.30554686952607;49.8530230193819;9.947440142942227;EN PLACE
Quartier Remicourt;Avenue Aristide Briand;5.0;25;3.30566482729549;49.8529528415492;9.947440142942227;EN PLACE
Quartier Remicourt;Avenue Aristide Briand;5.0;25;3.30586446572509;49.8528323043554;9.947440142942227;EN PLACE
Quartier Remicourt;Avenue Aristide Briand;5.0;25;3.30601245414021;49.8527430356526;9.947440142942227;EN PLACE
Quartier Remicourt;Avenue Aristide Briand;4.0;25;3.3061150225154;49.8526814528547;9.947440142942227;EN PLACE
Quartier Remicourt;Avenue Aristide Briand;4.0;25;3.30622344117615;49.8526146258129;9.947440142942227;EN PLACE
Quartier Remicourt;Avenue Aristide Briand;5.0;25;3.30642454364494;49.8524936100225;9.947440142942227;EN PLACE
Quartier Remicourt;Avenue Aristide Briand;5.0;25;3.30653005194927;49.85243225653;9.947440142942227;EN PLACE
Quartier Remicourt;Avenue Aristide Briand;5.0;25;3.30662712515517;49.8523740150158;9.947440142942227;EN PLACE
Quartier Remicourt;Avenue Aristide Briand;5.0;25;3.30672968307767;49.8523110057955;9.947440142942227;EN PLACE
Quartier Remicourt;Avenue Aristide Briand;5.0;25;3.30683663638006;49.8522453696502;9.947440142942227;EN PLACE
Quartier Remicourt;Avenue Aristide Briand;5.0;25;3.30698135503161;49.8521630012824;9.947440142942227;EN PLACE
Quartier Remicourt;Avenue Aristide Briand;5.0;25;3.30708461193179;49.8520942854218;9.947440142942227;EN PLACE
Quartier Remicourt;Avenue Aristide Briand;5.0;25;3.30718280142803;49.8520386549643;9.947440142942227;EN PLACE
Quartier Remicourt;Avenue Aristide Briand;4.0;25;3.30728389722948;49.8519773123215;9.947440142942227;REMPLACÉ
Quartier Remicourt;Avenue de la République;3.0;25;3.30382197313381;49.8579357802083;12.495890410958904;REMPLACÉ
Quartier Remicourt;Avenue de la République;3.0;25;3.30369374936822;49.8577970466698;12.495890410958904;EN PLACE
Quartier Remicourt;Avenue de la République;3.0;25;3.3036327046442;49.8577333781926;12.495890410958904;EN PLACE
Quartier Remicourt;Avenue de la République;3.0;25;3.30351005231735;49.8576035450294;12.495890410958904;EN PLACE
Quartier Remicourt;Avenue de la République;3.0;25;3.30342624767431;49.8575149740076;12.495890410958904;EN PLACE
Quartier Remicourt;Avenue de la République;3.0;25;3.30334244170854;49.8574256899791;12.495890410958904;EN PLACE
Quartier Remicourt;Avenue de la République;3.0;25;3.30319814893692;49.857273447783;12.495890410958904;EN PLACE
Quartier Remicourt;Avenue de la République;3.0;25;3.30292120977743;49.8569799875278;12.495890410958904;EN PLACE
Quartier Remicourt;Avenue de la République;3.0;25;3.30279632652432;49.8568458798564;12.495890410958904;EN PLACE
Quartier Remicourt;Avenue de la République;3.0;25;3.30265371037384;49.856696842252;12.495890410958904;EN PLACE
Quartier Remicourt;Avenue de la République;3.0;25;3.30256156255908;49.8565954563309;12.495890410958904;EN PLACE
Quartier Remicourt;Avenue de la République;3.0;25;3.30235347350243;49.8563791923264;12.495890410958904;EN PLACE
Quartier Remicourt;Avenue de la République;3.0;25;3.30223859265648;49.8562571828898;12.495890410958904;EN PLACE
Quartier Remicourt;Avenue de la République;3.0;25;3.3021420385636;49.8561565200148;12.495890410958904;EN PLACE
Quartier Remicourt;Avenue de la République;3.0;25;3.30199607870012;49.8560010709515;12.495890410958904;EN PLACE
Quartier Remicourt;Avenue de la République;3.0;25;3.30180240989526;49.8557979642228;12.495890410958904;EN PLACE
Quartier Remicourt;Avenue de la République;3.0;25;3.30167143772143;49.8556588794155;12.495890410958904;EN PLACE
Quartier Remicourt;Avenue de la République;3.0;25;3.30153992000317;49.8555205088049;12.495890410958904;EN PLACE
Quartier Remicourt;Avenue de la République;3.0;25;3.30133513941502;49.8553028094241;12.495890410958904;EN PLACE
Quartier Remicourt;Avenue de la République;3.0;25;3.30122910425111;49.8551836289468;12.495890410958904;EN PLACE
Quartier Remicourt;Avenue de la République;3.0;25;3.30115337127522;49.8550593818146;12.495890410958904;REMPLACÉ
Quartier Remicourt;Avenue de la République;3.0;25;3.30109003648686;49.8549615601429;12.495890410958904;EN PLACE
Quartier Remicourt;Avenue de la République;3.0;25;3.30101031536835;49.8548342564677;12.495890410958904;EN PLACE
Quartier Remicourt;Avenue de la République;3.0;25;3.30095015493524;49.8547324329849;12.495890410958904;EN PLACE
Quartier Remicourt;Avenue de la République;3.0;25;3.30087799620612;49.8546155217502;12.495890410958904;EN PLACE
Quartier Remicourt;Avenue de la République;3.0;25;3.30081206901647;49.8545081514277;12.495890410958904;EN PLACE
Quartier Remicourt;Avenue de la République;3.0;25;3.3007401276681;49.8543905256941;12.495890410958904;EN PLACE
Quartier Remicourt;Avenue de la République;3.0;25;3.30067309663442;49.8542828722132;12.495890410958904;EN PLACE
Quartier Remicourt;Avenue de la République;3.0;25;3.30060070764757;49.8541642495824;12.495890410958904;EN PLACE
Quartier Remicourt;Avenue de la République;3.0;25;3.3005236550055;49.8540399343505;12.495890410958904;EN PLACE
Quartier Remicourt;Avenue de la République;3.0;25;3.30044013160247;49.8539036548457;12.495890410958904;EN PLACE
Quartier Remicourt;Avenue de la République;3.0;25;3.30038556983813;49.8538153654345;12.495890410958904;EN PLACE
Quartier Remicourt;Avenue de la République;3.0;25;3.30030850991775;49.8536899091662;12.495890410958904;EN PLACE
Quartier Remicourt;Avenue de la République;3.0;25;3.30025215614354;49.8535970606782;12.495890410958904;EN PLACE
Quartier Remicourt;Avenue de la République;3.0;25;3.30015402353593;49.8536642370552;12.495890410958904;REMPLACÉ
Quartier Remicourt;Avenue de la République;3.0;25;3.30023643119564;49.8537988087306;12.495890410958904;EN PLACE
Quartier de l'Europe;Avenue de la République;12.0;110;3.30835190781038;49.8629312475801;9.947440142942227;EN PLACE
Quartier Remicourt;Avenue de la République;3.0;25;3.30033368838597;49.853957825357;12.495890410958904;REMPLACÉ
Quartier Remicourt;Avenue de la République;3.0;25;3.30041460402429;49.8540888350671;12.495890410958904;EN PLACE
Quartier Remicourt;Avenue de la République;3.0;25;3.30051036485764;49.8542431020686;12.495890410958904;EN PLACE
Quartier Remicourt;Avenue de la République;3.0;25;3.30057348381848;49.8543484829637;12.495890410958904;EN PLACE
Quartier Remicourt;Avenue de la République;3.0;25;3.30065440206808;49.8544792551331;12.495890410958904;EN PLACE
Quartier Remicourt;Avenue de la République;3.0;25;3.30073569088931;49.8546109756903;12.495890410958904;EN PLACE
Quartier Remicourt;Avenue de la République;3.0;25;3.30080139928869;49.8547187278095;12.495890410958904;EN PLACE
Quartier Remicourt;Avenue de la République;3.0;25;3.30086747210291;49.8548257660055;12.495890410958904;EN PLACE
Quartier Remicourt;Avenue de la République;3.0;25;3.30099999750012;49.8550422183933;12.495890410958904;EN PLACE
Quartier Remicourt;Avenue de la République;3.0;25;3.30109834631218;49.8551986179705;12.495890410958904;EN PLACE
Quartier Remicourt;Avenue de la République;3.0;25;3.30143103199451;49.8555657499693;12.495890410958904;EN PLACE
Quartier Remicourt;Avenue de la République;3.0;25;3.30152795568827;49.8556672441219;12.495890410958904;EN PLACE
Quartier Remicourt;Avenue de la République;3.0;25;3.30162563438921;49.8557718262929;12.495890410958904;EN PLACE
Quartier Remicourt;Avenue de la République;3.0;25;3.30180765644594;49.8559641476566;12.495890410958904;EN PLACE
Quartier Remicourt;Avenue de la République;3.0;25;3.30190975752194;49.8560703832577;12.495890410958904;EN PLACE
Quartier Remicourt;Avenue de la République;3.0;25;3.30214839197264;49.8563231761608;12.495890410958904;EN PLACE
Quartier Remicourt;Avenue de la République;3.0;25;3.30229712327863;49.8564806380509;12.495890410958904;EN PLACE
Quartier Remicourt;Avenue de la République;3.0;25;3.30260235353252;49.8568031480983;12.495890410958904;EN PLACE
Quartier Remicourt;Avenue de la République;3.0;25;3.30272297422543;49.8569316802603;12.495890410958904;EN PLACE
Quartier Remicourt;Avenue de la République;3.0;25;3.30284062073089;49.8570549892824;12.495890410958904;EN PLACE
Quartier Remicourt;Avenue de la République;3.0;25;3.30297492510621;49.8571967981367;12.495890410958904;EN PLACE
Quartier Remicourt;Place de la Libération;15.0;100;3.31038676392168;49.8575921936246;9.947440142942227;EN PLACE
Quartier Remicourt;Avenue de la République;3.0;25;3.30309369318649;49.8573227193407;12.495890410958904;EN PLACE
Quartier Remicourt;Avenue de la République;3.0;25;3.30327720839827;49.8575169368645;12.495890410958904;EN PLACE
Quartier Remicourt;Avenue de la République;3.0;25;3.30336970516557;49.8576146369783;12.495890410958904;REMPLACÉ
Quartier Remicourt;Avenue de la République;3.0;25;3.30346294236072;49.8577130489491;12.495890410958904;EN PLACE
Quartier Remicourt;Avenue de la République;3.0;25;3.30355543693135;49.8578102742168;12.495890410958904;EN PLACE
Quartier Remicourt;Avenue de la République;3.0;25;3.30364941484687;49.8579091588173;12.495890410958904;EN PLACE
Quartier Remicourt;Avenue de la République;3.0;25;3.30374043297494;49.8580054374538;12.495890410958904;EN PLACE
Quartier Remicourt;Avenue de la République;3.0;25;3.30383477590739;49.8581040836058;12.495890410958904;EN PLACE
Quartier de l'Europe;Avenue de la République;21.0;130;3.30623018891681;49.8607101067514;9.947440142942227;EN PLACE
Quartier de l'Europe;Avenue de la République;23.0;175;3.30781137802017;49.8626870740558;9.947440142942227;EN PLACE
Quartier de l'Europe;Avenue de la République;23.0;150;3.30787009104394;49.8626671977037;9.947440142942227;EN PLACE
Quartier de l'Europe;Avenue de la République;23.0;185;3.30787448828637;49.8626037222755;9.947440142942227;EN PLACE
Quartier de l'Europe;Avenue de la République;9.0;135;3.30799689071097;49.8625356705303;9.947440142942227;EN PLACE
Quartier de l'Europe;Avenue de la République;9.0;140;3.3079956764671;49.8625779829835;9.947440142942227;EN PLACE
Quartier de l'Europe;Avenue de la République;9.0;115;3.30799705922909;49.8626245681004;9.947440142942227;EN PLACE
Quartier de l'Europe;Avenue de la République;9.0;100;3.3080483573051;49.8626626665298;9.947440142942227;EN PLACE
Quartier de l'Europe;Avenue de la République;9.0;110;3.3080839426665;49.8626890951398;9.947440142942227;EN PLACE
Quartier de l'Europe;Avenue de la République;9.0;145;3.30812563293632;49.8627200578105;9.947440142942227;EN PLACE
Quartier de l'Europe;Avenue de la République;9.0;110;3.30817090177877;49.8627536767572;9.947440142942227;EN PLACE
Quartier de l'Europe;Avenue de la République;9.0;140;3.30827297595337;49.8628294855202;9.947440142942227;EN PLACE
Quartier de l'Europe;Avenue de la République;9.0;110;3.30836016301627;49.8628979493906;9.947440142942227;EN PLACE
Quartier de l'Europe;Avenue de la République;8.0;80;3.30820843100392;49.8628584002374;9.947440142942227;EN PLACE
Quartier de l'Europe;Rue Alexandre Ribot;16.0;195;3.29722768828534;49.8584017523099;9.947440142942227;EN PLACE
Quartier du faubourg d'Isle;Mairie annexe du Faubourg d'Isle;5.0;165;3.3045392924819;49.8375460062553;9.947440142942227;EN PLACE
Quartier du faubourg d'Isle;Mairie annexe du Faubourg d'Isle;5.0;125;3.30448132499288;49.8375321861617;9.947440142942227;EN PLACE
Quartier du faubourg d'Isle;Mairie annexe du Faubourg d'Isle;5.0;150;3.30453567053134;49.8374779730636;9.947440142942227;EN PLACE
Quartier Saint-Jean;Parvis Stade Paul Debrésie;7.0;80;3.28156190613823;49.8650645813278;9.947440142942227;EN PLACE
Quartier Saint-Jean;Parvis Stade Paul Debrésie;8.0;70;3.28149237630478;49.8650593932736;9.947440142942227;EN PLACE
Quartier Saint-Jean;Parvis Stade Paul Debrésie;8.0;60;3.28142285131464;49.8650545620885;9.947440142942227;EN PLACE
Quartier Saint-Jean;Parvis Stade Paul Debrésie;8.0;60;3.28135791308475;49.8650814526464;9.947440142942227;EN PLACE
Quartier Saint-Jean;Parvis Stade Paul Debrésie;8.0;60;3.28141531867461;49.8650888068679;9.947440142942227;EN PLACE
Quartier Saint-Jean;Parvis Stade Paul Debrésie;8.0;95;3.28148045305472;49.8650975702249;9.947440142942227;EN PLACE
Quartier Saint-Jean;Parvis Stade Paul Debrésie;10.0;100;3.28154997606878;49.865102045358;9.947440142942227;EN PLACE
Quartier Saint-Jean;Parvis Stade Paul Debrésie;9.0;55;3.28153477536541;49.8651459346259;9.947440142942227;EN PLACE
Quartier Saint-Jean;Parvis Stade Paul Debrésie;6.0;80;3.28146910510268;49.8651400243612;9.947440142942227;Essouché
Quartier Saint-Jean;Parvis Stade Paul Debrésie;9.0;90;3.28140287312717;49.8651326904159;9.947440142942227;EN PLACE
Quartier Saint-Jean;Parvis Stade Paul Debrésie;9.0;90;3.28133773871429;49.8651239270161;9.947440142942227;EN PLACE
Quartier Saint-Jean;Parvis Stade Paul Debrésie;9.0;70;3.2812770303941;49.8651176487349;9.947440142942227;EN PLACE
Quartier Saint-Jean;Parvis Stade Paul Debrésie;6.0;65;3.28080683821934;49.8650730933086;9.947440142942227;EN PLACE
Quartier Saint-Jean;Parvis Stade Paul Debrésie;6.0;60;3.28074005908628;49.8650661163206;9.947440142942227;EN PLACE
Quartier Saint-Jean;Parvis Stade Paul Debrésie;6.0;60;3.28075579836157;49.865019730113;9.947440142942227;EN PLACE
Quartier Saint-Jean;Parvis Stade Paul Debrésie;6.0;55;3.28069178819901;49.8650148862107;9.947440142942227;EN PLACE
Quartier Saint-Jean;Parvis Stade Paul Debrésie;6.0;90;3.28067713141019;49.8650577042013;9.947440142942227;EN PLACE
Quartier Saint-Jean;Parvis Stade Paul Debrésie;8.0;45;3.2806048213013;49.8650478867789;9.947440142942227;EN PLACE
Quartier Saint-Jean;Parvis Stade Paul Debrésie;6.0;50;3.28061731027153;49.8650122052198;9.947440142942227;EN PLACE
Quartier Saint-Jean;Parvis Stade Paul Debrésie;6.0;50;3.28056046112142;49.8650055604257;9.947440142942227;EN PLACE
Quartier Saint-Jean;Parvis Stade Paul Debrésie;6.0;60;3.28054466394321;49.865041606803;9.947440142942227;EN PLACE
Quartier Saint-Jean;Parvis Stade Paul Debrésie;6.0;60;3.2805299493034;49.8650740858695;9.947440142942227;EN PLACE
Quartier du Vermandois;Stade Cepy;13.0;95;3.2733561860159;49.8614290886092;9.947440142942227;EN PLACE
Quartier du Vermandois;Stade Cepy;10.0;110;3.27327819808965;49.8614905888106;9.947440142942227;EN PLACE
Quartier de l'Europe;Rue Fleming;16.0;140;3.30144464681707;49.8647155314953;9.947440142942227;EN PLACE
Quartier de l'Europe;Rue Fleming;15.0;165;3.30121832104661;49.8647784836709;9.947440142942227;EN PLACE
Quartier de l'Europe;Rue Fleming;15.0;120;3.30116947638111;49.8648203193835;9.947440142942227;EN PLACE
Quartier Remicourt;Rue Ampère;6.0;35;3.2948566894024;49.8589150530968;9.947440142942227;EN PLACE
Quartier de l'Europe;Rue Hertz;7.0;115;3.29116240872505;49.8602948771024;9.947440142942227;EN PLACE
Quartier de l'Europe;Rue Hertz;7.0;115;3.29109766798589;49.8602898015385;9.947440142942227;EN PLACE
Quartier de l'Europe;Rue Hertz;7.0;120;3.29102558026354;49.8602861709386;9.947440142942227;EN PLACE
Quartier de l'Europe;Rue Hertz;7.0;110;3.29096305510165;49.8602829921988;9.947440142942227;EN PLACE
Quartier de l'Europe;Rue Hertz;7.0;140;3.29089979847291;49.8602802908349;9.947440142942227;EN PLACE
Quartier de l'Europe;Rue Hertz;7.0;155;3.29070483797417;49.860265066329;9.947440142942227;EN PLACE
Quartier Saint-Jean;Parvis Stade Paul Debrésie;6.0;50;3.28049699500569;49.8649992883296;9.947440142942227;EN PLACE
Quartier Saint-Jean;Parvis Stade Paul Debrésie;6.0;50;3.28048009688371;49.8650356942494;9.947440142942227;EN PLACE
Quartier Saint-Jean;Parvis Stade Paul Debrésie;6.0;80;3.28046429964189;49.8650717415144;9.947440142942227;EN PLACE
Quartier Saint-Jean;Parvis Stade Paul Debrésie;9.0;80;3.28044739804004;49.8651077905148;9.947440142942227;EN PLACE
Quartier Saint-Jean;Parvis Stade Paul Debrésie;10.0;20;3.28043433638407;49.8651399086992;9.947440142942227;EN PLACE
Quartier Saint-Jean;Parvis Stade Paul Debrésie;4.0;95;3.28041853296137;49.8651748861049;9.947440142942227;EN PLACE
Quartier Saint-Jean;Parvis Stade Paul Debrésie;9.0;45;3.28040218549688;49.8652112906956;9.947440142942227;EN PLACE
Quartier Saint-Jean;Parvis Stade Paul Debrésie;9.0;160;3.28015436667286;49.8651755570084;9.947440142942227;EN PLACE
Quartier Saint-Jean;Parvis Stade Paul Debrésie;13.0;45;3.28018321301144;49.8650714998999;9.947440142942227;EN PLACE
Quartier Saint-Jean;Parvis Stade Paul Debrésie;7.0;205;3.28011229719734;49.8650478937571;9.947440142942227;EN PLACE
Quartier Saint-Jean;Parvis Stade Paul Debrésie;9.0;130;3.28000394096825;49.8649860441639;9.947440142942227;EN PLACE
Quartier Saint-Jean;Parvis Stade Paul Debrésie;8.0;40;3.27954113760108;49.8649978012557;9.947440142942227;EN PLACE
Quartier Saint-Jean;Parvis Stade Paul Debrésie;3.0;55;3.27987393126297;49.8651666912365;9.947440142942227;EN PLACE
Quartier du faubourg d'Isle;Route de Chauny;9.0;135;3.30702950752977;49.8320374095114;9.947440142942227;EN PLACE
Quartier du faubourg d'Isle;Route de Chauny;8.0;90;3.30566996156778;49.8316924686503;9.947440142942227;SUPPRIMÉ
Quartier du faubourg d'Isle;Route de Chauny;8.0;85;3.30555730264795;49.8316575709561;9.947440142942227;SUPPRIMÉ
Quartier du faubourg d'Isle;Route de Chauny;7.0;60;3.30519716770509;49.8315339152041;9.947440142942227;SUPPRIMÉ
Quartier du faubourg d'Isle;Route de Chauny;7.0;110;3.30495193320263;49.8314510154849;9.947440142942227;SUPPRIMÉ
Quartier du faubourg d'Isle;Route de Chauny;7.0;120;3.30482932184241;49.8314109122116;9.947440142942227;SUPPRIMÉ
Quartier du faubourg d'Isle;Route de Chauny;7.0;100;3.30471479254788;49.8313698375183;9.947440142942227;SUPPRIMÉ
Quartier du faubourg d'Isle;Route de Chauny;7.0;100;3.3045686100417;49.8313207605009;9.947440142942227;SUPPRIMÉ
Quartier du faubourg d'Isle;Route de Chauny;7.0;110;3.30447067439581;49.8312896283807;9.947440142942227;SUPPRIMÉ
Quartier du faubourg d'Isle;Route de Chauny;7.0;105;3.30435872581516;49.8312499734546;9.947440142942227;SUPPRIMÉ
Quartier du faubourg d'Isle;Rue D'Ostende;19.0;180;3.29866560685099;49.835750334434;9.947440142942227;EN PLACE
Quartier de l'Europe;Place de la Libération;24.0;150;3.3102068379616;49.8577514316855;9.947440142942227;EN PLACE
Quartier de l'Europe;Place de la Libération;15.0;95;3.31019350690564;49.8577357775544;9.947440142942227;EN PLACE
Quartier de l'Europe;Place de la Libération;22.0;125;3.31021046511754;49.8577433414288;9.947440142942227;EN PLACE
Quartier Remicourt;Place de la Libération;19.0;160;3.31039640915899;49.8576064324811;9.947440142942227;EN PLACE
Quartier Remicourt;Place de la Libération;19.0;120;3.31040589897717;49.8575949975327;9.947440142942227;EN PLACE
Quartier de l'Europe;Place de la Libération;21.0;130;3.31050846114476;49.8577734847852;9.947440142942227;EN PLACE
Quartier de l'Europe;Place de la Libération;17.0;140;3.31052835598042;49.8577800887529;9.947440142942227;EN PLACE
Quartier de l'Europe;Place de la Libération;15.0;80;3.31050927081233;49.8577858419049;9.947440142942227;EN PLACE
Quartier du Vermandois;Stade Cepy;13.0;135;3.27337487046662;49.8613131712651;9.947440142942227;EN PLACE
Quartier du Vermandois;Stade Cepy;13.0;140;3.27334683192237;49.8613299911982;9.947440142942227;EN PLACE
Quartier du Vermandois;Stade Cepy;13.0;130;3.27339040043757;49.8613295382501;9.947440142942227;EN PLACE
Quartier du Vermandois;Stade Cepy;14.0;135;3.27349235021303;49.8613136214606;9.947440142942227;EN PLACE
Quartier du Vermandois;Stade Cepy;14.0;140;3.27351177866593;49.8613367527811;9.947440142942227;EN PLACE
Quartier du Vermandois;Stade Cepy;13.0;150;3.27334388934646;49.8613984542884;9.947440142942227;EN PLACE
Quartier du Vermandois;Stade Cepy;14.0;140;3.27329371814627;49.8615051712193;9.947440142942227;EN PLACE
Quartier du Vermandois;Stade Cepy;13.0;110;3.27329277511878;49.8615351234105;9.947440142942227;EN PLACE
Quartier du Vermandois;Stade Cepy;14.0;120;3.27325973056129;49.8615441107742;9.947440142942227;EN PLACE
Quartier du Vermandois;Stade Cepy;11.0;150;3.27323435659851;49.8615434541716;9.947440142942227;EN PLACE
Quartier du Vermandois;Stade Cepy;11.0;250;3.27324455848283;49.8615947732847;9.947440142942227;EN PLACE
Quartier du Vermandois;Stade Cepy;14.0;140;3.27316867089719;49.8616366584803;9.947440142942227;EN PLACE
Quartier du Vermandois;Stade Cepy;13.0;130;3.27313115466515;49.8616346024104;9.947440142942227;EN PLACE
Quartier du Vermandois;Stade Cepy;13.0;140;3.27316660309296;49.8616626907374;9.947440142942227;EN PLACE
Quartier du Vermandois;Stade Cepy;13.0;110;3.27312868135186;49.8616877329242;9.947440142942227;EN PLACE
Quartier de Neuville;Ecole élémentaire Eugène Corette;16.0;165;3.30859688041119;49.8342639309504;9.947440142942227;EN PLACE
Quartier de Neuville;Ecole élémentaire Eugène Corette;16.0;165;3.30859290950518;49.8342454009649;9.947440142942227;EN PLACE
Quartier de Neuville;Ecole élémentaire Eugène Corette;16.0;165;3.30861168409395;49.8342507019092;9.947440142942227;EN PLACE
Quartier de Neuville;Ecole élémentaire Eugène Corette;14.0;225;3.30890657956194;49.8342467461559;9.947440142942227;EN PLACE
Quartier de Neuville;Ecole élémentaire Eugène Corette;26.0;255;3.30948439395781;49.8339004962421;9.947440142942227;EN PLACE
Quartier de Neuville;Ecole élémentaire Eugène Corette;19.0;160;3.30883189070214;49.8338376129958;9.947440142942227;Essouché
Quartier de Neuville;Ecole élémentaire Eugène Corette;9.0;185;3.30898017068299;49.8338368810863;9.947440142942227;Non essouché
Quartier de Neuville;Ecole élémentaire Eugène Corette;11.0;210;3.30896586407263;49.8337499184411;9.947440142942227;EN PLACE
Quartier de Neuville;Ecole élémentaire Eugène Corette;6.0;70;3.30930895037502;49.8336332885708;9.947440142942227;SUPPRIMÉ
Quartier de Neuville;Ecole élémentaire Eugène Corette;11.0;170;3.30929362528291;49.8335605904425;9.947440142942227;SUPPRIMÉ
Quartier de Neuville;Ecole élémentaire Eugène Corette;4.0;35;3.30938564924749;49.8334640881502;9.947440142942227;REMPLACÉ
Quartier de Neuville;Ecole élémentaire Eugène Corette;11.0;130;3.30942750041473;49.8335477720901;9.947440142942227;SUPPRIMÉ
Quartier de Neuville;Ecole élémentaire Eugène Corette;6.0;40;3.30944611891809;49.8336183226528;9.947440142942227;SUPPRIMÉ
Quartier de Neuville;Ecole élémentaire Eugène Corette;5.0;185;3.3096523441707;49.8336284955494;9.947440142942227;EN PLACE
Quartier de Neuville;Ecole élémentaire Eugène Corette;5.0;180;3.30964050096307;49.8335843127817;9.947440142942227;EN PLACE
Quartier de Neuville;Ecole élémentaire Eugène Corette;6.0;130;3.30962805115352;49.8335312183231;9.947440142942227;EN PLACE
Quartier de Neuville;Ecole élémentaire Eugène Corette;15.0;175;3.30980514705081;49.833555370871;9.947440142942227;EN PLACE
Quartier de Neuville;Ecole élémentaire Eugène Corette;19.0;210;3.30981962611591;49.833489016123;9.947440142942227;EN PLACE
Quartier de Neuville;Ecole élémentaire Eugène Corette;5.0;30;3.30999906722755;49.8334454179495;9.947440142942227;EN PLACE
Quartier de Neuville;Ecole élémentaire Eugène Corette;16.0;185;3.3094606629703;49.8333804647274;9.947440142942227;EN PLACE
Quartier de Neuville;Ecole élémentaire Eugène Corette;16.0;205;3.30945712301198;49.8332510452499;9.947440142942227;EN PLACE
Quartier de Neuville;Gymnase Eugène Corette;14.0;130;3.30929587054017;49.8333194698855;9.947440142942227;EN PLACE
Quartier de Neuville;Gymnase Eugène Corette;14.0;120;3.30929132432223;49.8332970188289;9.947440142942227;EN PLACE
Quartier de Neuville;Gymnase Eugène Corette;14.0;140;3.30932655359649;49.8332887274484;9.947440142942227;EN PLACE
Quartier de Neuville;Gymnase Eugène Corette;16.0;140;3.30937247194038;49.8331339868128;9.947440142942227;SUPPRIMÉ
Quartier de Neuville;Gymnase Eugène Corette;14.0;170;3.30932192917353;49.8330409350546;9.947440142942227;EN PLACE
Quartier de Neuville;Gymnase Eugène Corette;14.0;140;3.30936227161603;49.833027521721;9.947440142942227;EN PLACE
Quartier de Neuville;Gymnase Eugène Corette;4.0;17;3.30917691034118;49.832942656008;9.947440142942227;EN PLACE
Quartier de Neuville;Gymnase Eugène Corette;13.0;200;3.30978096573857;49.8331233235363;9.947440142942227;SUPPRIMÉ
Quartier de Neuville;Gymnase Eugène Corette;13.0;150;3.30991868912624;49.8331093059017;9.947440142942227;SUPPRIMÉ
Quartier de Neuville;Gymnase Eugène Corette;5.0;25;3.30979791818941;49.8331919176025;9.947440142942227;SUPPRIMÉ
Quartier de Neuville;Gymnase Eugène Corette;5.0;85;3.30993518731825;49.8331787921179;9.947440142942227;SUPPRIMÉ
Quartier de Neuville;Gymnase Eugène Corette;5.0;40;3.31011849490157;49.8329299872381;9.947440142942227;EN PLACE
Quartier de Neuville;Gymnase Eugène Corette;3.0;17;3.31022264929579;49.833188414105;9.947440142942227;SUPPRIMÉ
Quartier du faubourg d'Isle;Ecole maternelle des Girondins;16.0;129;3.30764163631043;49.8379815019536;9.947440142942227;EN PLACE
Quartier du faubourg d'Isle;Ecole maternelle des Girondins;16.0;107;3.30758584672746;49.8380244280883;9.947440142942227;Non essouché
Quartier du faubourg d'Isle;Ecole maternelle des Girondins;16.0;157;3.30752641657011;49.8380727122357;9.947440142942227;EN PLACE
Quartier du faubourg d'Isle;Ecole primaire des Girondins;11.0;144;3.30773395928041;49.8383598078244;9.947440142942227;EN PLACE
Quartier du faubourg d'Isle;Ecole primaire des Girondins;11.0;116;3.30781047329212;49.8384012120504;9.947440142942227;EN PLACE
Quartier du faubourg d'Isle;Ecole primaire des Girondins;11.0;126;3.3078897360818;49.8384420147381;9.947440142942227;EN PLACE
Quartier du faubourg d'Isle;Ecole primaire des Girondins;11.0;126;3.30797821872495;49.8384875501016;9.947440142942227;EN PLACE
Quartier du faubourg d'Isle;Ecole primaire des Girondins;14.0;179;3.30811513161133;49.8384889871097;9.947440142942227;EN PLACE
Quartier du faubourg d'Isle;Ecole primaire des Girondins;11.0;148;3.30841293372466;49.8383539341604;9.947440142942227;EN PLACE
Quartier du faubourg d'Isle;Ecole primaire des Girondins;11.0;129;3.30845047997849;49.838333040268;9.947440142942227;EN PLACE
Quartier du faubourg d'Isle;Ecole primaire des Girondins;11.0;157;3.3080034200604;49.8382480025529;9.947440142942227;EN PLACE
Quartier du faubourg d'Isle;Ecole primaire des Girondins;11.0;97;3.30806116913604;49.8382065563262;9.947440142942227;EN PLACE
Quartier du faubourg d'Isle;Ecole primaire des Girondins;11.0;163;3.30797454278169;49.8381636917499;9.947440142942227;EN PLACE
Quartier du faubourg d'Isle;Ecole primaire des Girondins;13.0;192;3.30789390374278;49.8381234861046;9.947440142942227;EN PLACE
Quartier du faubourg d'Isle;Terrain de mini golf;5.0;31;3.29999530265529;49.8418971740948;9.947440142942227;EN PLACE
Quartier du faubourg d'Isle;Terrain de mini golf;4.0;28;3.30006907607858;49.841981431277;9.947440142942227;EN PLACE
Quartier du faubourg d'Isle;Terrain de mini golf;4.0;78;3.30002217377968;49.841974712033;9.947440142942227;EN PLACE
Quartier du faubourg d'Isle;Terrain de mini golf;4.0;31;3.29995779576786;49.841965362732;9.947440142942227;EN PLACE
Quartier du faubourg d'Isle;Terrain de mini golf;4.0;44;3.299889734434;49.8419545366641;9.947440142942227;EN PLACE
Quartier du faubourg d'Isle;Terrain de mini golf;4.0;50;3.29983317477946;49.8419460591857;9.947440142942227;EN PLACE
Quartier du faubourg d'Isle;Terrain de mini golf;4.0;28;3.29977017590238;49.8419367053602;9.947440142942227;EN PLACE
Quartier du faubourg d'Isle;Terrain de mini golf;4.0;28;3.29972648738614;49.8419296820013;9.947440142942227;EN PLACE
Quartier du faubourg d'Isle;Terrain de mini golf;2.0;19;3.29961704652295;49.8419136084369;9.947440142942227;EN PLACE
Quartier du faubourg d'Isle;Terrain de mini golf;3.0;126;3.29951725992139;49.8418989971782;9.947440142942227;EN PLACE
Quartier du faubourg d'Isle;Terrain de mini golf;3.0;47;3.29930205782124;49.8418674353514;9.947440142942227;EN PLACE
Quartier du faubourg d'Isle;Terrain de mini golf;3.0;47;3.29920916576228;49.8418531038397;9.947440142942227;EN PLACE
Quartier du faubourg d'Isle;Terrain de mini golf;3.0;47;3.29909961036326;49.8418177174385;9.947440142942227;EN PLACE
Quartier du faubourg d'Isle;Terrain de mini golf;15.0;116;3.29904926635188;49.8416939403404;9.947440142942227;EN PLACE
Quartier du faubourg d'Isle;Terrain de mini golf;21.0;267;3.29915102293399;49.8416529843418;9.947440142942227;Essouché
Quartier du faubourg d'Isle;Terrain de mini golf;21.0;298;3.29927374949817;49.841662489223;9.947440142942227;EN PLACE
Quartier du faubourg d'Isle;Terrain de mini golf;5.0;31;3.29917532019058;49.8417224519078;9.947440142942227;EN PLACE
Quartier du faubourg d'Isle;Terrain de mini golf;8.0;31;3.2993861500614;49.8417133185053;9.947440142942227;EN PLACE
Quartier du faubourg d'Isle;Terrain de mini golf;13.0;132;3.29952336882152;49.8416871322516;9.947440142942227;EN PLACE
Quartier du faubourg d'Isle;Terrain de mini golf;14.0;157;3.29965071590299;49.8417010815758;9.947440142942227;EN PLACE
Quartier du faubourg d'Isle;Terrain de mini golf;4.0;47;3.29962959554934;49.841781655051;9.947440142942227;EN PLACE
Quartier du faubourg d'Isle;Terrain de mini golf;6.0;31;3.29955981581734;49.8417910358921;9.947440142942227;EN PLACE
Quartier du Centre-Ville;Rue Villebois Mareuil;13.0;107;3.28901552818414;49.8445726800288;9.947440142942227;EN PLACE
Quartier du Centre-Ville;Rue Villebois Mareuil;12.0;97;3.28895901918218;49.8446318097713;9.947440142942227;EN PLACE
Quartier Remicourt;Gymnase François Collery;15.0;141;3.30631822503208;49.8541691199034;9.947440142942227;EN PLACE
Quartier Remicourt;Gymnase François Collery;15.0;157;3.30650967288493;49.8540921010218;9.947440142942227;EN PLACE
Quartier Remicourt;Gymnase François Collery;15.0;151;3.30668929822827;49.8540056034236;9.947440142942227;EN PLACE
Quartier Remicourt;Gymnase François Collery;15.0;176;3.30688430828787;49.8539100361491;9.947440142942227;EN PLACE
Quartier Remicourt;Gymnase François Collery;20.0;188;3.30675048589069;49.8543990749308;9.947440142942227;EN PLACE
Quartier Remicourt;Gymnase François Collery;20.0;226;3.30680491877567;49.8544027419997;9.947440142942227;EN PLACE
Quartier Remicourt;Gymnase François Collery;20.0;214;3.30679844716951;49.8544270027623;9.947440142942227;EN PLACE
Quartier Remicourt;Gymnase François Collery;8.0;82;3.30698137556389;49.8540338696774;9.947440142942227;EN PLACE
Quartier Remicourt;Gymnase François Collery;10.0;173;3.30717853485327;49.8541731387697;9.947440142942227;EN PLACE
OMISSY;Ecole maternelle Paul Bert;17.0;126;3.30645642625513;49.8629563361605;9.947440142942227;EN PLACE
OMISSY;Ecole maternelle Paul Bert;17.0;157;3.30643611659312;49.8629421257405;9.947440142942227;EN PLACE
OMISSY;Ecole maternelle Paul Bert;17.0;141;3.30646799875885;49.8629239815444;9.947440142942227;EN PLACE
OMISSY;Ecole maternelle Paul Bert;17.0;135;3.30645319307895;49.8629078561736;9.947440142942227;EN PLACE
OMISSY;Ecole maternelle Paul Bert;17.0;148;3.30646155959874;49.8628926224273;9.947440142942227;EN PLACE
OMISSY;Ecole maternelle Paul Bert;11.0;69;3.30630289692654;49.8628623580999;9.947440142942227;SUPPRIMÉ
OMISSY;Ecole maternelle Paul Bert;10.0;182;3.30650706768184;49.8627558337834;9.947440142942227;EN PLACE
OMISSY;Ecole maternelle Paul Bert;13.0;132;3.30607665730439;49.8626002736188;9.947440142942227;EN PLACE
OMISSY;Ecole maternelle Paul Bert;13.0;107;3.306067263618;49.8626281074962;9.947440142942227;EN PLACE
OMISSY;Ecole maternelle Paul Bert;17.0;135;3.30570588156915;49.8626510584036;9.947440142942227;EN PLACE
OMISSY;Ecole maternelle Paul Bert;17.0;100;3.30572661468657;49.8626596227178;9.947440142942227;EN PLACE
OMISSY;Ecole maternelle Paul Bert;17.0;132;3.30570779512802;49.8626635322271;9.947440142942227;EN PLACE
OMISSY;Ecole maternelle Paul Bert;17.0;119;3.30572260021308;49.8626798366052;9.947440142942227;EN PLACE
OMISSY;Ecole maternelle Paul Bert;17.0;119;3.30574699667944;49.8626857176062;9.947440142942227;EN PLACE
OMISSY;Ecole maternelle Paul Bert;15.0;122;3.3057338501618;49.8627164130101;9.947440142942227;EN PLACE
OMISSY;Ecole maternelle Paul Bert;7.0;72;3.30573203483844;49.8627815457663;9.947440142942227;EN PLACE
OMISSY;Ecole maternelle Paul Bert;17.0;214;3.30581793548636;49.8628193617801;9.947440142942227;EN PLACE
OMISSY;Ecole maternelle Paul Bert;13.0;78;3.30593631892366;49.8628777748443;9.947440142942227;EN PLACE
OMISSY;Ecole maternelle Paul Bert;5.0;57;3.30574179175471;49.8629372105232;9.947440142942227;EN PLACE
OMISSY;Ecole maternelle Paul Bert;12.0;132;3.30541936193826;49.8626226567224;9.947440142942227;EN PLACE
OMISSY;Ecole maternelle Paul Bert;18.0;135;3.30542533237845;49.8626371419616;9.947440142942227;EN PLACE
OMISSY;Ecole maternelle Paul Bert;15.0;107;3.30540617640563;49.8626312463666;9.947440142942227;SUPPRIMÉ
OMISSY;Ecole maternelle Paul Bert;12.0;110;3.30529197502747;49.8627800905186;9.947440142942227;EN PLACE
OMISSY;Ecole maternelle Paul Bert;9.0;176;3.30617589011399;49.8630787991492;9.947440142942227;SUPPRIMÉ
OMISSY;Ecole primaire Paul Bert;4.0;66;3.30574536478888;49.8631193746594;9.947440142942227;REMPLACÉ
OMISSY;Ecole primaire Paul Bert;5.0;107;3.30573980252326;49.8631731073267;9.947440142942227;EN PLACE
OMISSY;Ecole primaire Paul Bert;6.0;91;3.30573495366605;49.8632230342583;9.947440142942227;REMPLACÉ
OMISSY;Ecole primaire Paul Bert;10.0;107;3.30589995300141;49.8633899571856;9.947440142942227;EN PLACE
OMISSY;Ecole primaire Paul Bert;17.0;126;3.30614156378096;49.8634556054998;9.947440142942227;EN PLACE
OMISSY;Ecole primaire Paul Bert;17.0;141;3.3061747679307;49.8634740618251;9.947440142942227;EN PLACE
OMISSY;Ecole primaire Paul Bert;20.0;85;3.30637902857014;49.8635044501179;9.947440142942227;EN PLACE
OMISSY;Ecole primaire Paul Bert;20.0;104;3.30641472985253;49.8635100650368;9.947440142942227;EN PLACE
OMISSY;Ecole primaire Paul Bert;20.0;116;3.30639308670977;49.8635184386069;9.947440142942227;EN PLACE
OMISSY;Ecole primaire Paul Bert;24.0;104;3.30637661781324;49.8635315537448;9.947440142942227;EN PLACE
OMISSY;Ecole primaire Paul Bert;11.0;157;3.30568957562798;49.8632797493232;9.947440142942227;EN PLACE
OMISSY;Ecole primaire Paul Bert;11.0;97;3.30566220531116;49.8633142838121;9.947440142942227;EN PLACE
OMISSY;Ecole primaire Paul Bert;11.0;179;3.3056275327895;49.8632810930511;9.947440142942227;EN PLACE
OMISSY;Ecole primaire Paul Bert;16.0;122;3.30544150496043;49.8632251068555;9.947440142942227;EN PLACE
OMISSY;Ecole primaire Paul Bert;6.0;63;3.30511504212356;49.8631275770335;9.947440142942227;EN PLACE
OMISSY;Ecole primaire Paul Bert;15.0;157;3.3050800967754;49.8630486306112;9.947440142942227;EN PLACE
OMISSY;Ecole primaire Paul Bert;14.0;97;3.30510191918565;49.8630084655383;9.947440142942227;EN PLACE
OMISSY;Ecole primaire Paul Bert;14.0;129;3.30513323013613;49.8629406444296;9.947440142942227;EN PLACE
OMISSY;Ecole primaire Paul Bert;6.0;132;3.30475496283282;49.8630194339592;9.947440142942227;EN PLACE
OMISSY;Ecole primaire Paul Bert;6.0;141;3.30472197699574;49.8630373432024;9.947440142942227;EN PLACE
OMISSY;Chemin de Morcourt;14.0;88;3.30670766875125;49.865789857602;9.947440142942227;EN PLACE
OMISSY;Chemin de Morcourt;9.0;69;3.3067172145569;49.8657723030319;9.947440142942227;EN PLACE
OMISSY;Chemin de Morcourt;9.0;50;3.30668641991281;49.8657726783381;9.947440142942227;EN PLACE
OMISSY;Chemin de Morcourt;14.0;104;3.30666843781969;49.8657632151621;9.947440142942227;EN PLACE
OMISSY;Chemin de Morcourt;14.0;88;3.30666865806432;49.8657425949174;9.947440142942227;EN PLACE
OMISSY;Chemin de Morcourt;14.0;129;3.30666080341001;49.8657205087314;9.947440142942227;EN PLACE
OMISSY;Chemin de Morcourt;10.0;94;3.30664278100108;49.8656585169682;9.947440142942227;EN PLACE
OMISSY;Chemin de Morcourt;11.0;113;3.30662995571055;49.86563537389;9.947440142942227;EN PLACE
OMISSY;Chemin de Morcourt;11.0;119;3.30662809366684;49.8656011510869;9.947440142942227;EN PLACE
OMISSY;Chemin de Morcourt;15.0;116;3.3066116810648;49.8655316669401;9.947440142942227;EN PLACE
OMISSY;Chemin de Morcourt;10.0;94;3.30660549356645;49.8655117161309;9.947440142942227;EN PLACE
OMISSY;Chemin de Morcourt;18.0;201;3.30658207657437;49.8654700596244;9.947440142942227;EN PLACE
OMISSY;Chemin de Morcourt;15.0;78;3.30656482620614;49.8654447883538;9.947440142942227;EN PLACE
OMISSY;Chemin de Morcourt;18.0;135;3.30655408412546;49.865401318639;9.947440142942227;EN PLACE
OMISSY;Chemin de Morcourt;12.0;107;3.30654285670081;49.865368544369;9.947440142942227;EN PLACE
OMISSY;Chemin de Morcourt;12.0;72;3.30653993493443;49.8653414546789;9.947440142942227;EN PLACE
OMISSY;Chemin de Morcourt;12.0;157;3.30652983358847;49.8653126000155;9.947440142942227;EN PLACE
OMISSY;Chemin de Morcourt;18.0;91;3.30653124983423;49.8652730211103;9.947440142942227;EN PLACE
OMISSY;Chemin de Morcourt;8.0;119;3.30652670860374;49.8652516401075;9.947440142942227;EN PLACE
OMISSY;Chemin de Morcourt;18.0;104;3.30652542024688;49.8652206245036;9.947440142942227;EN PLACE
OMISSY;Chemin de Morcourt;13.0;94;3.30652515298333;49.8651760575751;9.947440142942227;EN PLACE
OMISSY;Chemin de Morcourt;13.0;170;3.30652387214533;49.8651464678413;9.947440142942227;EN PLACE
OMISSY;Chemin de Morcourt;18.0;129;3.30650910019611;49.8650748405488;9.947440142942227;EN PLACE
OMISSY;Chemin de Morcourt;8.0;60;3.30649102170256;49.8650035779047;9.947440142942227;EN PLACE
OMISSY;Chemin de Morcourt;5.0;179;3.30651187006307;49.8649849860151;9.947440142942227;EN PLACE
OMISSY;Chemin de Morcourt;18.0;104;3.30647472195116;49.8649529905269;9.947440142942227;EN PLACE
OMISSY;Chemin de Morcourt;14.0;104;3.30650048353581;49.864925828674;9.947440142942227;EN PLACE
OMISSY;Chemin de Morcourt;14.0;94;3.30647118322755;49.8649148495383;9.947440142942227;EN PLACE
OMISSY;Chemin de Morcourt;12.0;129;3.30649368291984;49.8648039093724;9.947440142942227;EN PLACE
OMISSY;Chemin de Morcourt;16.0;88;3.30649280173268;49.8647490049797;9.947440142942227;EN PLACE
OMISSY;Chemin de Morcourt;14.0;141;3.30649812347909;49.864716546227;9.947440142942227;EN PLACE
OMISSY;Chemin de Morcourt;15.0;135;3.30647659271572;49.8646214039592;9.947440142942227;EN PLACE
OMISSY;Chemin de Morcourt;15.0;104;3.30648584767492;49.8645094266767;9.947440142942227;EN PLACE
OMISSY;Chemin de Morcourt;18.0;157;3.30648563557211;49.8644741305802;9.947440142942227;EN PLACE
OMISSY;Chemin de Morcourt;18.0;129;3.30649415890055;49.8644238371316;9.947440142942227;EN PLACE
OMISSY;Chemin de Morcourt;12.0;97;3.30649179298886;49.864397102002;9.947440142942227;EN PLACE
Quartier Remicourt;Ecole maternelle François Collery;17.0;250;3.3046896926967;49.8542385789012;9.947440142942227;EN PLACE
Quartier Remicourt;Ecole maternelle François Collery;16.0;160;3.30479924157052;49.8541907661627;9.947440142942227;REMPLACÉ
Quartier Remicourt;Ecole primaire François Collery;12.0;97;3.30518218609463;49.8541369224545;9.947440142942227;EN PLACE
Quartier Remicourt;Ecole primaire François Collery;12.0;113;3.30523173273216;49.8541994908998;9.947440142942227;EN PLACE
Quartier Remicourt;Ecole primaire François Collery;17.0;176;3.30584396696834;49.8541286752106;9.947440142942227;EN PLACE
Quartier Remicourt;Ecole primaire François Collery;18.0;144;3.30590350062059;49.8540940594345;9.947440142942227;EN PLACE
Quartier Remicourt;Ecole primaire François Collery;19.0;138;3.30595892097583;49.8540630199889;9.947440142942227;EN PLACE
Quartier Remicourt;Ecole primaire François Collery;20.0;185;3.30603037505861;49.8540236215911;9.947440142942227;EN PLACE
Quartier Remicourt;Ecole primaire François Collery;19.0;157;3.30608671439386;49.8539925796886;9.947440142942227;EN PLACE
Quartier Remicourt;Ecole primaire François Collery;15.0;100;3.30614167842035;49.8539624323056;9.947440142942227;EN PLACE
Quartier Remicourt;Ecole primaire François Collery;15.0;144;3.30620168120228;49.8539293021848;9.947440142942227;EN PLACE
Quartier Remicourt;Ecole primaire François Collery;15.0;148;3.30615276667471;49.8538955525272;9.947440142942227;EN PLACE
Quartier Remicourt;Ecole primaire François Collery;18.0;179;3.30608723964543;49.8538502573658;9.947440142942227;EN PLACE
Quartier Remicourt;Ecole primaire François Collery;18.0;154;3.30602910195391;49.8538111832339;9.947440142942227;EN PLACE
Quartier Remicourt;Ecole primaire François Collery;20.0;182;3.3059751201481;49.853775367199;9.947440142942227;EN PLACE
Quartier Remicourt;Ecole primaire François Collery;18.0;126;3.30592344111656;49.8537404361006;9.947440142942227;EN PLACE
Quartier Remicourt;Ecole primaire François Collery;18.0;132;3.30587545027028;49.8537075757795;9.947440142942227;EN PLACE
Quartier Remicourt;Ecole primaire François Collery;20.0;192;3.30575321041836;49.8537075857826;9.947440142942227;EN PLACE
Quartier Remicourt;Ecole primaire François Collery;20.0;173;3.3059378394488;49.8541492383325;9.947440142942227;EN PLACE
Quartier Remicourt;Ecole primaire François Collery;20.0;236;3.30602941013755;49.8540925553771;9.947440142942227;ABATTU
Quartier Remicourt;Ecole primaire François Collery;20.0;226;3.30630400463305;49.8539798524587;9.947440142942227;EN PLACE
Quartier Remicourt;Ecole primaire François Collery;17.0;16;3.30630094220289;49.8539287555908;9.947440142942227;EN PLACE
Quartier Remicourt;Ecole primaire François Collery;17.0;188;3.30637593527206;49.8539431263879;9.947440142942227;EN PLACE
Quartier Remicourt;Ecole primaire François Collery;20.0;157;3.30647019523703;49.8538754433454;9.947440142942227;EN PLACE
Quartier Remicourt;Ecole primaire François Collery;15.0;141;3.30652590492472;49.8538928339487;9.947440142942227;EN PLACE
Quartier Remicourt;Ecole primaire François Collery;15.0;116;3.30657583766573;49.8538662642391;9.947440142942227;EN PLACE
Quartier du Centre-Ville;Ecole élémentaire Amédée Ozenfant;15.0;94;3.290168505439;49.8431975518865;9.947440142942227;EN PLACE
Quartier du Centre-Ville;Ecole élémentaire Amédée Ozenfant;15.0;63;3.29026937358516;49.8432507460117;9.947440142942227;EN PLACE
Quartier du Centre-Ville;Ecole élémentaire Amédée Ozenfant;15.0;78;3.29037199933144;49.8432510720973;9.947440142942227;EN PLACE
Quartier du Centre-Ville;Ecole élémentaire Amédée Ozenfant;13.0;126;3.29045532456644;49.8432185475846;9.947440142942227;EN PLACE
Quartier du Centre-Ville;Ecole élémentaire Amédée Ozenfant;13.0;119;3.290449803208;49.8431782475648;9.947440142942227;EN PLACE
Quartier du Centre-Ville;Ecole élémentaire Amédée Ozenfant;13.0;135;3.29050748620388;49.8431872374433;9.947440142942227;EN PLACE
Quartier de l'Europe;Rue Henri Barbusse;20.0;185;3.30450658074841;49.8618876725415;9.947440142942227;EN PLACE
Quartier de l'Europe;Rue Henri Barbusse;20.0;141;3.30424274958895;49.8617937286821;9.947440142942227;EN PLACE
Quartier de l'Europe;Rue Henri Barbusse;20.0;151;3.30415577871164;49.8617611431514;9.947440142942227;EN PLACE
Quartier de l'Europe;Rue Henri Barbusse;20.0;201;3.30406816372024;49.8617437720425;9.947440142942227;EN PLACE
Quartier de l'Europe;Rue Henri Barbusse;20.0;157;3.3039753662914;49.8617207089139;9.947440142942227;EN PLACE
Quartier de l'Europe;Rue Henri Barbusse;20.0;129;3.30388771161312;49.8616966821087;9.947440142942227;EN PLACE
Quartier de l'Europe;Rue Henri Barbusse;20.0;204;3.30380228490261;49.8616764533534;9.947440142942227;EN PLACE
Quartier de l'Europe;Rue Henri Barbusse;19.0;120;3.3037919878638;49.8617996048344;9.947440142942227;EN PLACE
Quartier de l'Europe;Rue Henri Barbusse;20.0;110;3.3037638813275;49.8617725765886;9.947440142942227;EN PLACE
Quartier de l'Europe;Rue Henri Barbusse;8.0;135;3.30353124047187;49.861605819132;9.947440142942227;EN PLACE
Quartier de l'Europe;Rue Henri Barbusse;11.0;85;3.30341134859691;49.8616482080703;9.947440142942227;Non essouché
Quartier de l'Europe;Rue Henri Barbusse;11.0;200;3.30336033911154;49.8615725697445;9.947440142942227;EN PLACE
Quartier de l'Europe;Rue Henri Barbusse;12.0;110;3.30294739199617;49.8614597989814;9.947440142942227;EN PLACE
Quartier de l'Europe;Rue Henri Barbusse;7.0;105;3.302918605858;49.8614883937901;9.947440142942227;EN PLACE
Quartier de l'Europe;Rue Henri Barbusse;6.0;70;3.30274975923356;49.86146028887;9.947440142942227;REMPLACÉ
Quartier de l'Europe;Rue Henri Barbusse;11.0;65;3.30152145582271;49.8608799864477;9.947440142942227;EN PLACE
Quartier de l'Europe;Rue Henri Barbusse;11.0;130;3.30111427598867;49.8606059785938;9.947440142942227;EN PLACE
Quartier de l'Europe;Rue Henri Barbusse;12.0;140;3.30104142061766;49.8605968889854;9.947440142942227;EN PLACE
Quartier de l'Europe;Rue Henri Barbusse;15.0;145;3.30033516223027;49.8602060750561;9.947440142942227;EN PLACE
Quartier de l'Europe;Rue Henri Barbusse;11.0;135;3.29988801375402;49.8599781901885;9.947440142942227;SUPPRIMÉ
Quartier de l'Europe;Rue Henri Barbusse;11.0;120;3.29984305052692;49.8599602358947;9.947440142942227;SUPPRIMÉ
Quartier de l'Europe;Rue Henri Barbusse;14.0;80;3.29974744942833;49.8599595206722;9.947440142942227;EN PLACE
Quartier de l'Europe;Rue Henri Barbusse;15.0;145;3.29969456670398;49.8599705844984;9.947440142942227;EN PLACE
Quartier de l'Europe;Rue Henri Barbusse;13.0;115;3.2997201371399;49.8599419977719;9.947440142942227;EN PLACE
Quartier de l'Europe;Rue Henri Barbusse;13.0;150;3.29963877343299;49.8599115343137;9.947440142942227;SUPPRIMÉ
Quartier de l'Europe;Rue Henri Barbusse;15.0;165;3.29940689416978;49.8597452710336;9.947440142942227;SUPPRIMÉ
Quartier de l'Europe;Rue Henri Barbusse;18.0;150;3.2992986542858;49.8597057235292;9.947440142942227;SUPPRIMÉ
Quartier de l'Europe;Rue Henri Barbusse;11.0;140;3.299217785978;49.8597091895685;9.947440142942227;EN PLACE
Quartier de l'Europe;Rue Henri Barbusse;14.0;110;3.29911755007913;49.859702304674;9.947440142942227;EN PLACE
Quartier de l'Europe;Rue Henri Barbusse;14.0;120;3.29911505274703;49.8596681417336;9.947440142942227;EN PLACE
Quartier de l'Europe;Rue Henri Barbusse;5.0;120;3.29890820887074;49.8595073131769;9.947440142942227;SUPPRIMÉ
Quartier de l'Europe;Rue Henri Barbusse;19.0;140;3.29877657693044;49.8594755466723;9.947440142942227;EN PLACE
Quartier de l'Europe;Rue Henri Barbusse;18.0;110;3.29870766316567;49.859479874702;9.947440142942227;EN PLACE
Quartier de l'Europe;Rue Henri Barbusse;18.0;90;3.29873230744381;49.8594501019968;9.947440142942227;EN PLACE
Quartier de l'Europe;Rue Henri Barbusse;4.0;60;3.30075300569755;49.860844574509;9.947440142942227;EN PLACE
Quartier de l'Europe;Rue Henri Barbusse;12.0;100;3.30081714009583;49.8609333145774;9.947440142942227;Essouché
Quartier de l'Europe;Rue Henri Barbusse;5.0;18;3.30086306878761;49.8609279725396;9.947440142942227;EN PLACE
Quartier de l'Europe;Rue Henri Barbusse;5.0;160;3.30114883884372;49.8610028546359;9.947440142942227;EN PLACE
Quartier de l'Europe;Rue Henri Barbusse;4.0;20;3.30057911552985;49.8601473039237;9.947440142942227;EN PLACE
Quartier de l'Europe;Rue Henri Barbusse;17.0;205;3.30098282417258;49.8602890983827;9.947440142942227;EN PLACE
Quartier de l'Europe;Rue Henri Barbusse;5.0;80;3.30132790619049;49.8603215250202;9.947440142942227;EN PLACE
Quartier de l'Europe;Rue Henri Barbusse;5.0;85;3.30137657075355;49.8603435104758;9.947440142942227;EN PLACE
Quartier de l'Europe;Rue Henri Barbusse;5.0;90;3.30154652564334;49.8604201038904;9.947440142942227;EN PLACE
Quartier de l'Europe;Rue Henri Barbusse;10.0;130;3.30178325463336;49.8605324587079;9.947440142942227;EN PLACE
Quartier de l'Europe;Rue Henri Barbusse;10.0;90;3.30182461341233;49.8605500412236;9.947440142942227;EN PLACE
Quartier de l'Europe;Rue Henri Barbusse;11.0;90;3.30186531199323;49.8605679104205;9.947440142942227;EN PLACE
Quartier de l'Europe;Rue Henri Barbusse;10.0;90;3.30190424315218;49.8605853561993;9.947440142942227;EN PLACE
Quartier de l'Europe;Rue Henri Barbusse;12.0;140;3.30194648636096;49.8606033634469;9.947440142942227;EN PLACE
Quartier de l'Europe;Rue Henri Barbusse;10.0;110;3.30130681451517;49.8605202053574;9.947440142942227;EN PLACE
Quartier de l'Europe;Rue Henri Barbusse;12.0;120;3.30135291161612;49.8605432663793;9.947440142942227;EN PLACE
Quartier de l'Europe;Rue Henri Barbusse;12.0;120;3.30139578291348;49.8605648504317;9.947440142942227;EN PLACE
Quartier de l'Europe;Rue Henri Barbusse;12.0;125;3.30144694995878;49.8605902763913;9.947440142942227;EN PLACE
Quartier de l'Europe;Rue Henri Barbusse;11.0;110;3.30148521545171;49.8606100885186;9.947440142942227;EN PLACE
Quartier de l'Europe;Rue Henri Barbusse;10.0;100;3.30152992766039;49.8606322629665;9.947440142942227;EN PLACE
Quartier de l'Europe;Rue Henri Barbusse;11.0;90;3.30157417139673;49.8606526539863;9.947440142942227;EN PLACE
Quartier de l'Europe;Rue Henri Barbusse;11.0;110;3.30161981025425;49.8606760145641;9.947440142942227;EN PLACE
Quartier de l'Europe;Rue Henri Barbusse;11.0;100;3.30166821059946;49.8606999614032;9.947440142942227;EN PLACE
Quartier de l'Europe;Rue Henri Barbusse;11.0;130;3.30172308099418;49.8607298334196;9.947440142942227;EN PLACE
Quartier de l'Europe;Rue Henri Barbusse;9.0;105;3.30209072591704;49.8609292316241;9.947440142942227;EN PLACE
Quartier de l'Europe;Rue Henri Barbusse;11.0;130;3.30213498157684;49.860951703701;9.947440142942227;EN PLACE
Quartier de l'Europe;Rue Henri Barbusse;9.0;90;3.30218014696114;49.8609723906043;9.947440142942227;EN PLACE
Quartier de l'Europe;Rue Henri Barbusse;8.0;80;3.3022317678491;49.8609966265078;9.947440142942227;EN PLACE
Quartier de l'Europe;Rue Henri Barbusse;9.0;100;3.30228383901691;49.8610196726857;9.947440142942227;EN PLACE
Quartier de l'Europe;Rue Henri Barbusse;9.0;95;3.30233544858011;49.8610418281713;9.947440142942227;EN PLACE
Quartier de l'Europe;Rue Henri Barbusse;9.0;105;3.30239303182289;49.8610642667365;9.947440142942227;EN PLACE
Quartier de l'Europe;Rue Henri Barbusse;9.0;115;3.30244691150929;49.8610819606366;9.947440142942227;EN PLACE
Quartier de l'Europe;Rue Henri Barbusse;9.0;110;3.30250585159489;49.8611002357485;9.947440142942227;EN PLACE
Quartier de l'Europe;Rue Henri Barbusse;8.0;90;3.30255698636153;49.8611200161709;9.947440142942227;EN PLACE
Quartier de l'Europe;Rue Henri Barbusse;10.0;130;3.30448461486229;49.8617251642445;9.947440142942227;EN PLACE
OMISSY;Gymnase LEP;18.0;120;3.3063080444365;49.8650368750385;9.947440142942227;EN PLACE
OMISSY;Gymnase LEP;15.0;80;3.30629034484664;49.8650287191812;9.947440142942227;EN PLACE
OMISSY;Gymnase LEP;13.0;105;3.30609812526232;49.8649835639517;9.947440142942227;EN PLACE
OMISSY;Gymnase LEP;14.0;110;3.30601987867082;49.864996594587;9.947440142942227;EN PLACE
OMISSY;Gymnase LEP;14.0;120;3.30594662041196;49.8650135356225;9.947440142942227;EN PLACE
OMISSY;Gymnase LEP;14.0;120;3.30586396726528;49.8650276483995;9.947440142942227;EN PLACE
OMISSY;Gymnase LEP;14.0;115;3.30577140483043;49.8650449938234;9.947440142942227;EN PLACE
OMISSY;Gymnase LEP;13.0;100;3.30570089556654;49.865060500758;9.947440142942227;EN PLACE
OMISSY;Gymnase LEP;11.0;80;3.30561991735736;49.8650778177063;9.947440142942227;EN PLACE
OMISSY;Gymnase LEP;11.0;95;3.30553207894718;49.8650548624918;9.947440142942227;EN PLACE
OMISSY;Gymnase LEP;12.0;125;3.30554787526929;49.8651136524246;9.947440142942227;EN PLACE
OMISSY;Gymnase LEP;15.0;115;3.30554448515149;49.8652844426665;9.947440142942227;EN PLACE
OMISSY;Gymnase LEP;10.0;115;3.30555636644564;49.8653343287142;9.947440142942227;EN PLACE
OMISSY;Gymnase LEP;10.0;100;3.30557214651382;49.8653902659991;9.947440142942227;EN PLACE
OMISSY;Gymnase LEP;16.0;140;3.30566474019828;49.8653782681944;9.947440142942227;EN PLACE
OMISSY;Gymnase LEP;16.0;120;3.30574408154817;49.8653638081601;9.947440142942227;EN PLACE
OMISSY;Gymnase LEP;16.0;125;3.305826708636;49.8653454178673;9.947440142942227;EN PLACE
OMISSY;Gymnase LEP;12.0;115;3.3058983523296;49.8653348994215;9.947440142942227;EN PLACE
OMISSY;Gymnase LEP;11.0;85;3.30598263664248;49.8653168607252;9.947440142942227;EN PLACE
OMISSY;Gymnase LEP;13.0;100;3.30606852180224;49.8652899046312;9.947440142942227;EN PLACE
OMISSY;Gymnase LEP;14.0;120;3.30615118062694;49.8652768633638;9.947440142942227;EN PLACE
OMISSY;Gymnase LEP;17.0;160;3.3062393368683;49.8652605972018;9.947440142942227;EN PLACE
OMISSY;Gymnase LEP;17.0;125;3.30627496709502;49.8652234275358;9.947440142942227;EN PLACE
OMISSY;Gymnase LEP;15.0;120;3.30624871152508;49.865290713352;9.947440142942227;Non essouché
OMISSY;Gymnase LEP;12.0;140;3.30634096482444;49.865344556805;9.947440142942227;EN PLACE
OMISSY;Gymnase LEP;16.0;115;3.30642654394048;49.8656646338734;9.947440142942227;EN PLACE
OMISSY;Gymnase LEP;17.0;145;3.30644100436678;49.8656999539106;9.947440142942227;EN PLACE
OMISSY;Gymnase LEP;13.0;115;3.3066067209165;49.8661226314177;9.947440142942227;EN PLACE
OMISSY;Gymnase LEP;16.0;130;3.30655755864338;49.8661260223962;9.947440142942227;EN PLACE
OMISSY;Gymnase LEP;21.0;175;3.30651404852204;49.8661522775767;9.947440142942227;EN PLACE
OMISSY;Gymnase LEP;9.0;100;3.3064484150595;49.8661687836528;9.947440142942227;EN PLACE
OMISSY;Gymnase LEP;16.0;110;3.30638615942339;49.8661350690501;9.947440142942227;EN PLACE
OMISSY;Gymnase LEP;11.0;120;3.30622396169731;49.8661455775889;9.947440142942227;EN PLACE
OMISSY;Gymnase LEP;13.0;95;3.30608737463263;49.8661340356389;9.947440142942227;EN PLACE
OMISSY;Gymnase LEP;13.0;90;3.30602577745689;49.8661335955925;9.947440142942227;EN PLACE
OMISSY;Gymnase LEP;13.0;85;3.305966735997;49.8660995748079;9.947440142942227;EN PLACE
OMISSY;Gymnase LEP;14.0;130;3.3059069049073;49.866087246482;9.947440142942227;EN PLACE
OMISSY;Gymnase LEP;14.0;90;3.30585498637688;49.8660909419304;9.947440142942227;EN PLACE
OMISSY;Gymnase LEP;13.0;90;3.30578515198607;49.8660964650173;9.947440142942227;EN PLACE
OMISSY;Gymnase LEP;10.0;105;3.30572820999404;49.8661058168128;9.947440142942227;EN PLACE
OMISSY;Gymnase LEP;13.0;110;3.30572787959758;49.866050554991;9.947440142942227;EN PLACE
OMISSY;Gymnase LEP;6.0;85;3.3054376682642;49.8660016143138;9.947440142942227;EN PLACE
OMISSY;Gymnase LEP;7.0;100;3.30526177870916;49.8660281997444;9.947440142942227;EN PLACE
OMISSY;Gymnase LEP;7.0;70;3.30520358555861;49.8659974057518;9.947440142942227;EN PLACE
OMISSY;Gymnase LEP;6.0;110;3.30518080387072;49.8660373943699;9.947440142942227;EN PLACE
OMISSY;Gymnase LEP;13.0;70;3.30533264937181;49.8660329746672;9.947440142942227;EN PLACE
OMISSY;Gymnase LEP;13.0;130;3.30543087022026;49.8661007088792;9.947440142942227;EN PLACE
OMISSY;Gymnase LEP;13.0;125;3.30528122601235;49.8661044109404;9.947440142942227;EN PLACE
OMISSY;Gymnase LEP;11.0;110;3.30514795110461;49.8660781220949;9.947440142942227;EN PLACE
OMISSY;Gymnase LEP;13.0;130;3.30467007972778;49.8660455630171;9.947440142942227;EN PLACE
OMISSY;Gymnase LEP;19.0;125;3.30454891099059;49.8660453899975;9.947440142942227;EN PLACE
OMISSY;Gymnase LEP;19.0;110;3.30461271187133;49.8660145679023;9.947440142942227;EN PLACE
OMISSY;Gymnase LEP;19.0;120;3.30457065274661;49.8659914977263;9.947440142942227;EN PLACE
OMISSY;Gymnase LEP;19.0;120;3.30452476800524;49.865974141015;9.947440142942227;EN PLACE
OMISSY;Gymnase LEP;14.0;105;3.30462698405151;49.8659104229263;9.947440142942227;EN PLACE
OMISSY;Gymnase LEP;15.0;120;3.30460028345571;49.8658730531221;9.947440142942227;EN PLACE
OMISSY;Gymnase LEP;15.0;130;3.30453001510046;49.865836860761;9.947440142942227;EN PLACE
OMISSY;Gymnase LEP;15.0;110;3.30459667808639;49.8658235033493;9.947440142942227;EN PLACE
OMISSY;Gymnase LEP;13.0;110;3.30454240834676;49.8657876273225;9.947440142942227;EN PLACE
OMISSY;Gymnase LEP;13.0;110;3.30452888695077;49.8657402420937;9.947440142942227;EN PLACE
OMISSY;Gymnase LEP;12.0;105;3.30453363277011;49.8657035063713;9.947440142942227;EN PLACE
OMISSY;Gymnase LEP;11.0;105;3.304507568032;49.8656800395722;9.947440142942227;EN PLACE
OMISSY;Gymnase LEP;19.0;140;3.30458801883528;49.8655739473615;9.947440142942227;EN PLACE
OMISSY;Gymnase LEP;11.0;85;3.30455770116555;49.8653925441219;9.947440142942227;EN PLACE
OMISSY;Gymnase LEP;19.0;125;3.30459602196539;49.8653436030486;9.947440142942227;EN PLACE
OMISSY;Gymnase LEP;13.0;110;3.30450612861908;49.8653463229229;9.947440142942227;EN PLACE
OMISSY;Gymnase LEP;18.0;125;3.30452579944466;49.8653148978335;9.947440142942227;EN PLACE
OMISSY;Gymnase LEP;18.0;135;3.30451186566529;49.8652906884292;9.947440142942227;EN PLACE
OMISSY;Gymnase LEP;19.0;105;3.30458461553854;49.8652808808622;9.947440142942227;EN PLACE
OMISSY;Gymnase LEP;16.0;130;3.30463204301042;49.865279335558;9.947440142942227;EN PLACE
OMISSY;Gymnase LEP;12.0;115;3.30454631954523;49.8651486996057;9.947440142942227;EN PLACE
OMISSY;Gymnase LEP;12.0;90;3.30450981129734;49.8651313203675;9.947440142942227;EN PLACE
OMISSY;Gymnase LEP;12.0;80;3.30477657099218;49.8650967837331;9.947440142942227;EN PLACE
OMISSY;Gymnase LEP;13.0;130;3.30492941495576;49.864829354335;9.947440142942227;EN PLACE
OMISSY;Gymnase LEP;19.0;130;3.30503493320228;49.8650415883919;9.947440142942227;EN PLACE
OMISSY;Gymnase LEP;19.0;120;3.30503667583041;49.8650565593144;9.947440142942227;EN PLACE
OMISSY;Gymnase LEP;19.0;140;3.30526828564594;49.8649550798012;9.947440142942227;EN PLACE
OMISSY;Gymnase LEP;18.0;120;3.30528469608344;49.864932220195;9.947440142942227;EN PLACE
OMISSY;Gymnase LEP;19.0;120;3.30529911188677;49.8649446624125;9.947440142942227;EN PLACE
OMISSY;Gymnase LEP;12.0;55;3.30613591725624;49.8648702213024;9.947440142942227;EN PLACE
OMISSY;Gymnase LEP;16.0;140;3.30623021700421;49.8648821665537;9.947440142942227;Non essouché
Quartier de l'Europe;Gymnase Bertrand Gamess;7.0;30;3.29888521845884;49.865016001482;9.947440142942227;REMPLACÉ
Quartier de l'Europe;Gymnase Bertrand Gamess;7.0;35;3.2987964333397;49.8650380383061;9.947440142942227;EN PLACE
Quartier de l'Europe;Gymnase Bertrand Gamess;10.0;40;3.29839802231572;49.8650509528526;9.947440142942227;EN PLACE
Quartier de l'Europe;Gymnase Bertrand Gamess;10.0;35;3.29845278302548;49.8652418362347;9.947440142942227;EN PLACE
Quartier de l'Europe;Gymnase Bertrand Gamess;7.0;35;3.29840174904154;49.8654693854806;9.947440142942227;EN PLACE
Quartier de l'Europe;Gymnase Bertrand Gamess;10.0;40;3.29791184729023;49.8653524952001;9.947440142942227;EN PLACE
Quartier de l'Europe;Gymnase Bertrand Gamess;10.0;40;3.29737687101103;49.8653250850761;9.947440142942227;EN PLACE
Quartier de l'Europe;Gymnase Bertrand Gamess;10.0;40;3.29723961200037;49.8652955652745;9.947440142942227;EN PLACE
Quartier de l'Europe;Gymnase Bertrand Gamess;10.0;40;3.29715058284182;49.8652632657085;9.947440142942227;EN PLACE
Quartier de l'Europe;Gymnase Bertrand Gamess;10.0;40;3.29694943789131;49.8650734100516;9.947440142942227;EN PLACE
Quartier de l'Europe;Gymnase Bertrand Gamess;7.0;40;3.29693644973229;49.8650154444062;9.947440142942227;EN PLACE
Quartier de l'Europe;Gymnase Bertrand Gamess;7.0;40;3.29687463059238;49.8650587594876;9.947440142942227;EN PLACE
Quartier de l'Europe;Gymnase Bertrand Gamess;7.0;40;3.29667406499018;49.8653315825246;9.947440142942227;REMPLACÉ
Quartier de l'Europe;Gymnase Bertrand Gamess;8.0;40;3.29612287068967;49.8652820425317;9.947440142942227;EN PLACE
Quartier de l'Europe;Gymnase Bertrand Gamess;7.0;40;3.29582435369947;49.8651422421818;9.947440142942227;EN PLACE
Quartier de l'Europe;Gymnase Bertrand Gamess;7.0;40;3.29577599657022;49.864970650318;9.947440142942227;EN PLACE
Quartier de l'Europe;Gymnase Bertrand Gamess;10.0;40;3.29604322496192;49.8648893773601;9.947440142942227;EN PLACE
Quartier de l'Europe;Gymnase Bertrand Gamess;7.0;40;3.29655214919614;49.8649400547751;9.947440142942227;EN PLACE
Quartier de l'Europe;Gymnase Bertrand Gamess;10.0;40;3.29640974516563;49.8647842837888;9.947440142942227;EN PLACE
Quartier de l'Europe;Gymnase Bertrand Gamess;7.0;40;3.29623940994813;49.8647320248554;9.947440142942227;EN PLACE
Quartier de l'Europe;Gymnase Bertrand Gamess;7.0;40;3.29616202040347;49.8647284089733;9.947440142942227;EN PLACE
Quartier de l'Europe;Gymnase Bertrand Gamess;7.0;40;3.29575441838677;49.864800514875;9.947440142942227;EN PLACE
Quartier de l'Europe;Gymnase Bertrand Gamess;7.0;40;3.29581284926058;49.8646800049603;9.947440142942227;EN PLACE
Quartier de l'Europe;Gymnase Bertrand Gamess;7.0;40;3.29596277043438;49.8645526501867;9.947440142942227;EN PLACE
Quartier de l'Europe;Gymnase Bertrand Gamess;7.0;40;3.29605391777489;49.8645034394121;9.947440142942227;EN PLACE
Quartier de l'Europe;Gymnase Bertrand Gamess;10.0;40;3.29706258732247;49.8646336233605;9.947440142942227;EN PLACE
Quartier de l'Europe;Gymnase Bertrand Gamess;10.0;40;3.29712290253965;49.8646353785624;9.947440142942227;EN PLACE
Quartier de l'Europe;Gymnase Bertrand Gamess;10.0;40;3.29720231583289;49.8646330450826;9.947440142942227;EN PLACE
Quartier de l'Europe;Gymnase Bertrand Gamess;7.0;40;3.29726334659565;49.8646312327766;9.947440142942227;EN PLACE
Quartier de l'Europe;Gymnase Bertrand Gamess;7.0;40;3.29732913887652;49.864626081906;9.947440142942227;EN PLACE
Quartier de l'Europe;Gymnase Bertrand Gamess;7.0;40;3.29739377774101;49.8646123758797;9.947440142942227;EN PLACE
Quartier de l'Europe;Gymnase Bertrand Gamess;7.0;40;3.29712471203966;49.8645671560077;9.947440142942227;EN PLACE
Quartier de l'Europe;Gymnase Bertrand Gamess;7.0;40;3.29720383160965;49.8645776589805;9.947440142942227;EN PLACE
Quartier de l'Europe;Gymnase Bertrand Gamess;7.0;40;3.2971490904779;49.8643964334005;9.947440142942227;EN PLACE
Quartier de l'Europe;Gymnase Bertrand Gamess;14.0;150;3.29712850829395;49.8644611360337;9.947440142942227;EN PLACE
Quartier de l'Europe;Gymnase Bertrand Gamess;14.0;140;3.29718094182055;49.8644985638019;9.947440142942227;EN PLACE
Quartier de l'Europe;Gymnase Bertrand Gamess;14.0;150;3.2972379553377;49.8645017522905;9.947440142942227;EN PLACE
Quartier de l'Europe;Gymnase Bertrand Gamess;14.0;155;3.29736675662015;49.8645187904506;9.947440142942227;EN PLACE
Quartier de l'Europe;Gymnase Bertrand Gamess;14.0;140;3.29744953911109;49.864526907799;9.947440142942227;EN PLACE
Quartier de l'Europe;Gymnase Bertrand Gamess;14.0;110;3.2975028911303;49.8645324825161;9.947440142942227;EN PLACE
Quartier de l'Europe;Gymnase Bertrand Gamess;14.0;130;3.29756359359408;49.8645375638879;9.947440142942227;EN PLACE
Quartier de l'Europe;Gymnase Bertrand Gamess;14.0;155;3.29780733449058;49.8645279385055;9.947440142942227;EN PLACE
Quartier de l'Europe;Gymnase Bertrand Gamess;14.0;130;3.29782765120678;49.8644808254061;9.947440142942227;EN PLACE
Quartier de l'Europe;Gymnase Bertrand Gamess;14.0;135;3.29784539490629;49.8644339561764;9.947440142942227;EN PLACE
Quartier de l'Europe;Gymnase Bertrand Gamess;19.0;150;3.29897132432367;49.8643862031283;9.947440142942227;EN PLACE
Quartier de l'Europe;Rue Louis Galvani;13.0;130;3.30297162392053;49.8606106252484;9.947440142942227;EN PLACE
Quartier de l'Europe;Gymnase Bertrand Gamess;4.0;15;3.29901196210084;49.8645756631054;9.947440142942227;EN PLACE
Quartier de l'Europe;Gymnase Bertrand Gamess;4.0;15;3.29904531877021;49.8646201493901;9.947440142942227;EN PLACE
Quartier de l'Europe;Gymnase Bertrand Gamess;4.0;15;3.29902716804576;49.8646603039461;9.947440142942227;EN PLACE
Quartier de l'Europe;Gymnase Bertrand Gamess;4.0;15;3.29900227580224;49.8646481834212;9.947440142942227;EN PLACE
Quartier de l'Europe;Rue Laplace;6.0;15;3.3033916291607;49.8597830962067;9.947440142942227;EN PLACE
Quartier de l'Europe;Rue Laplace;6.0;90;3.30394468748058;49.8599685606211;9.947440142942227;ABATTU
Quartier de l'Europe;Rue Laplace;18.0;160;3.30416494352049;49.8598472640532;9.947440142942227;EN PLACE
Quartier de l'Europe;Rue Laplace;20.0;140;3.30421095876261;49.8597948569865;9.947440142942227;EN PLACE
Quartier de l'Europe;Rue Laplace;16.0;140;3.3042272173421;49.8597468019792;9.947440142942227;EN PLACE
Quartier de l'Europe;Rue Laplace;18.0;165;3.30424130864614;49.8597051700056;9.947440142942227;EN PLACE
Quartier de l'Europe;Rue Laplace;30.0;260;3.30400278711862;49.8597226404288;9.947440142942227;EN PLACE
Quartier de l'Europe;Rue Louis Galvani;12.0;160;3.3033492666275;49.8601822428162;9.947440142942227;EN PLACE
Quartier de l'Europe;Rue Louis Galvani;12.0;145;3.3034067419503;49.8602017098093;9.947440142942227;EN PLACE
Quartier de l'Europe;Rue Louis Galvani;12.0;150;3.30334205486253;49.8602678303441;9.947440142942227;EN PLACE
Quartier de l'Europe;Rue Louis Galvani;13.0;105;3.30330859700138;49.8602989330965;9.947440142942227;EN PLACE
Quartier de l'Europe;Rue Louis Galvani;13.0;135;3.30326048250594;49.8603388655007;9.947440142942227;EN PLACE
Quartier de l'Europe;Rue Louis Galvani;14.0;130;3.30322787252192;49.8603705836868;9.947440142942227;EN PLACE
Quartier de l'Europe;Rue Louis Galvani;14.0;145;3.30319043571014;49.8604064265805;9.947440142942227;EN PLACE
Quartier de l'Europe;Rue Louis Galvani;14.0;145;3.30312170614197;49.8604731507965;9.947440142942227;EN PLACE
Quartier de l'Europe;Rue Louis Galvani;13.0;125;3.30308074967529;49.8605110939287;9.947440142942227;EN PLACE
Quartier de l'Europe;Rue Louis Galvani;14.0;135;3.30304417557018;49.8605438912621;9.947440142942227;EN PLACE
Quartier de l'Europe;Rue Louis Galvani;13.0;120;3.30296292509123;49.8605825047281;9.947440142942227;EN PLACE
Quartier de l'Europe;Rue Louis Galvani;17.0;145;3.30265773726214;49.8608542320709;9.947440142942227;EN PLACE
Quartier de l'Europe;Rue Louis Galvani;10.0;140;3.30313812873205;49.8610901884193;9.947440142942227;EN PLACE
Quartier de l'Europe;Rue Louis Galvani;20.0;180;3.303439074973;49.860763800484;9.947440142942227;EN PLACE
Quartier de l'Europe;Rue Louis Galvani;16.0;155;3.30343661404945;49.8607364712283;9.947440142942227;EN PLACE
Quartier de l'Europe;Rue Louis Galvani;12.0;125;3.30344609991947;49.8607085186285;9.947440142942227;Essouché
Quartier de l'Europe;Rue Louis Galvani;7.0;180;3.30360317639147;49.8605355031242;9.947440142942227;EN PLACE
Quartier de l'Europe;Rue Archimède;13.0;175;3.30272836487029;49.859299943745;9.947440142942227;EN PLACE
Quartier de l'Europe;Rue Archimède;20.0;100;3.30259983479479;49.859217841077;9.947440142942227;EN PLACE
Quartier de l'Europe;Rue Archimède;9.0;190;3.30255246633713;49.859181096663;9.947440142942227;SUPPRIMÉ
Quartier de l'Europe;Rue Archimède;12.0;75;3.30281932875648;49.8590296182353;9.947440142942227;EN PLACE
Quartier de l'Europe;Rue Archimède;8.0;90;3.30284315704711;49.8590952225433;9.947440142942227;EN PLACE
Quartier de l'Europe;Rue Archimède;12.0;90;3.30292361851077;49.8590695305217;9.947440142942227;EN PLACE
Quartier de l'Europe;Rue Archimède;12.0;75;3.30295795116696;49.859043488158;9.947440142942227;EN PLACE
Quartier de l'Europe;Rue Archimède;14.0;100;3.30299544131711;49.8590101184655;9.947440142942227;EN PLACE
Quartier de l'Europe;Rue Archimède;13.0;95;3.30303055120349;49.8589786563949;9.947440142942227;EN PLACE
Quartier de l'Europe;Rue Archimède;15.0;95;3.30306275653914;49.8589533800856;9.947440142942227;EN PLACE
Quartier de l'Europe;Rue Archimède;12.0;80;3.30310009249239;49.8589252396347;9.947440142942227;EN PLACE
Quartier de l'Europe;Rue Archimède;14.0;85;3.30313375440771;49.8588975833546;9.947440142942227;EN PLACE
Quartier de l'Europe;Rue Archimède;16.0;145;3.30317109321016;49.8588699175717;9.947440142942227;EN PLACE
Quartier de l'Europe;Rue Archimède;9.0;70;3.30324427726809;49.8588107886392;9.947440142942227;EN PLACE
Quartier de l'Europe;Rue Archimède;14.0;75;3.30327645440155;49.8587807590605;9.947440142942227;EN PLACE
Quartier de l'Europe;Rue Archimède;12.0;70;3.30331380633491;49.8587554702866;9.947440142942227;EN PLACE
Quartier de l'Europe;Rue Archimède;12.0;80;3.30335408324701;49.8587273221553;9.947440142942227;EN PLACE
Quartier de l'Europe;Rue Archimède;12.0;100;3.30339578720191;49.8586915652522;9.947440142942227;EN PLACE
Quartier de l'Europe;Rue Archimède;16.0;115;3.3034331125475;49.858661997026;9.947440142942227;EN PLACE
Quartier de l'Europe;Rue Archimède;13.0;120;3.30329741224734;49.8587189059811;9.947440142942227;EN PLACE
Quartier de l'Europe;Rue Archimède;16.0;110;3.30323270618763;49.8587195414936;9.947440142942227;EN PLACE
Quartier de l'Europe;Rue Archimède;14.0;130;3.30301455027815;49.8588845679789;9.947440142942227;EN PLACE
Quartier de l'Europe;Rue Archimède;12.0;85;3.30293029535617;49.8589370705522;9.947440142942227;EN PLACE
Quartier de l'Europe;Rue des Frères Lumière;28.0;200;3.3020239405254;49.8587708484586;9.947440142942227;Essouché
Quartier de l'Europe;Rue des Frères Lumière;26.0;210;3.30210312479544;49.8588713753072;9.947440142942227;Essouché
Quartier de l'Europe;Rue des Frères Lumière;20.0;160;3.30225138060697;49.8588386234838;9.947440142942227;EN PLACE
Quartier de l'Europe;Rue des Frères Lumière;13.0;120;3.30229061448577;49.8590221454933;9.947440142942227;EN PLACE
Quartier de l'Europe;Rue des Frères Lumière;27.0;185;3.30226458754095;49.8590510306578;9.947440142942227;EN PLACE
Quartier de l'Europe;Rue des Frères Lumière;27.0;185;3.30230011136473;49.8590738200508;9.947440142942227;EN PLACE
Quartier de l'Europe;Rue des Frères Lumière;27.0;170;3.3023674337017;49.8591110903806;9.947440142942227;EN PLACE
Quartier de l'Europe;Rue des Frères Lumière;12.0;80;3.30294671014174;49.8594519360405;9.947440142942227;EN PLACE
Quartier de l'Europe;Rue des Frères Lumière;18.0;140;3.30288058282196;49.8596161078002;9.947440142942227;EN PLACE
Quartier de l'Europe;Rue des Frères Lumière;12.0;100;3.30278944196445;49.8595925647535;9.947440142942227;EN PLACE
Quartier de l'Europe;Rue des Frères Lumière;17.0;140;3.30269588150073;49.8595485259276;9.947440142942227;EN PLACE
Quartier de l'Europe;Rue des Frères Lumière;17.0;140;3.30256061765228;49.8595244985607;9.947440142942227;EN PLACE
Quartier de l'Europe;Rue des Frères Lumière;18.0;145;3.30252723151569;49.8594749623868;9.947440142942227;EN PLACE
Quartier de l'Europe;Rue des Frères Lumière;16.0;185;3.30197894223273;49.8590888765758;9.947440142942227;REMPLACÉ
Quartier de l'Europe;Rue des Frères Lumière;17.0;170;3.30196913154307;49.8590618628588;9.947440142942227;SUPPRIMÉ
Quartier de l'Europe;Rue des Frères Lumière;16.0;160;3.30190104561608;49.8590507404527;9.947440142942227;REMPLACÉ
Quartier de l'Europe;Rue des Frères Lumière;16.0;160;3.3018612810924;49.8590104312531;9.947440142942227;SUPPRIMÉ
Quartier de l'Europe;Rue des Frères Lumière;16.0;190;3.30182388887281;49.859016658892;9.947440142942227;REMPLACÉ
Quartier de l'Europe;Rue des Frères Lumière;16.0;190;3.30180774630341;49.8589828358432;9.947440142942227;SUPPRIMÉ
Quartier de l'Europe;Rue Gay Lussac;17.0;125;3.30160379072973;49.8599974239597;9.947440142942227;EN PLACE
Quartier de l'Europe;Rue Gay Lussac;18.0;125;3.30149088017698;49.8600604783884;9.947440142942227;EN PLACE
Quartier de l'Europe;Rue Gay Lussac;21.0;190;3.30162524282725;49.8601495187156;9.947440142942227;EN PLACE
Quartier de l'Europe;Rue Gay Lussac;21.0;180;3.3015061238928;49.8601514779671;9.947440142942227;EN PLACE
Quartier de l'Europe;Rue Gay Lussac;18.0;150;3.30123728218032;49.8600782174419;9.947440142942227;EN PLACE
Quartier de l'Europe;Rue Gay Lussac;17.0;130;3.30132701699951;49.860019286436;9.947440142942227;EN PLACE
Quartier de l'Europe;Rue Gay Lussac;17.0;110;3.30133753328207;49.8599945400666;9.947440142942227;Essouché
Quartier de l'Europe;Rue Gay Lussac;17.0;110;3.30131904141104;49.859976282855;9.947440142942227;Essouché
Quartier de l'Europe;Rue Gay Lussac;18.0;140;3.30136600164006;49.859958577827;9.947440142942227;EN PLACE
Quartier de l'Europe;Rue Gay Lussac;21.0;180;3.30128542336051;49.8598872300826;9.947440142942227;EN PLACE
Quartier de l'Europe;Rue Gay Lussac;20.0;135;3.30126137506033;49.8598618567496;9.947440142942227;EN PLACE
Quartier de l'Europe;Rue Gay Lussac;20.0;140;3.3012118932269;49.8598881253645;9.947440142942227;EN PLACE
Quartier de l'Europe;Rue Gay Lussac;20.0;120;3.30116962448654;49.859859467766;9.947440142942227;EN PLACE
Quartier de l'Europe;Rue Gay Lussac;11.0;145;3.30148780663242;49.8597890387473;9.947440142942227;EN PLACE
Quartier de l'Europe;Rue Gay Lussac;18.0;140;3.30108246930176;49.8598417372234;9.947440142942227;EN PLACE
Quartier de l'Europe;Rue Gay Lussac;18.0;95;3.30105882560346;49.8598070324681;9.947440142942227;EN PLACE
Quartier de l'Europe;Rue Gay Lussac;14.0;90;3.30098062710756;49.8597959345561;9.947440142942227;EN PLACE
Quartier de l'Europe;Rue Gay Lussac;14.0;130;3.30094901617073;49.8598129491831;9.947440142942227;EN PLACE
Quartier de l'Europe;Rue Gay Lussac;12.0;125;3.30067901130186;49.8598540216743;9.947440142942227;EN PLACE
Quartier de l'Europe;Rue Gay Lussac;12.0;105;3.30065060276229;49.8598689467193;9.947440142942227;EN PLACE
Quartier de l'Europe;Rue Gay Lussac;12.0;125;3.30067780905622;49.8598843299364;9.947440142942227;EN PLACE
Quartier de l'Europe;Rue Gay Lussac;12.0;80;3.30054194842268;49.8599931130623;9.947440142942227;EN PLACE
Quartier de l'Europe;Rue Gay Lussac;12.0;80;3.30052588081076;49.8599964204321;9.947440142942227;EN PLACE
Quartier de l'Europe;Rue Gay Lussac;11.0;65;3.30052684598044;49.8600041434999;9.947440142942227;EN PLACE
Quartier de l'Europe;Rue Gay Lussac;18.0;165;3.30101251722646;49.8595920327241;9.947440142942227;EN PLACE
Quartier de l'Europe;Rue Gay Lussac;18.0;220;3.30109283385159;49.8595728199959;9.947440142942227;EN PLACE
Quartier de l'Europe;Rue Gay Lussac;18.0;185;3.30125785188372;49.8593427397465;9.947440142942227;EN PLACE
Quartier de l'Europe;Rue Gay Lussac;18.0;185;3.30134177477894;49.8593116339443;9.947440142942227;EN PLACE
Quartier de l'Europe;Rue Gay Lussac;10.0;165;3.30177609292696;49.859513224819;9.947440142942227;EN PLACE
Quartier de l'Europe;Rue Georges Cuvier;4.0;80;3.3007953316246;49.8606746203025;9.947440142942227;EN PLACE
Quartier de l'Europe;Rue Georges Cuvier;16.0;180;3.30045731114338;49.8606865043834;9.947440142942227;EN PLACE
Quartier de l'Europe;Rue Georges Cuvier;18.0;95;3.29825429699264;49.8598048289649;9.947440142942227;EN PLACE
Quartier de l'Europe;Rue Georges Cuvier;17.0;110;3.29823732639303;49.8598266200879;9.947440142942227;EN PLACE
Quartier de l'Europe;Rue Georges Cuvier;17.0;110;3.29824353004501;49.8598501360695;9.947440142942227;EN PLACE
Quartier de l'Europe;Rue Georges Cuvier;14.0;90;3.29822380089047;49.8598715763742;9.947440142942227;EN PLACE
Quartier de l'Europe;Rue Georges Cuvier;13.0;90;3.29815777156645;49.8598977652474;9.947440142942227;EN PLACE
Quartier de l'Europe;Rue Georges Cuvier;13.0;95;3.2981335523157;49.8599060251751;9.947440142942227;EN PLACE
Quartier de l'Europe;Rue Georges Cuvier;12.0;90;3.29807225211248;49.8598922697861;9.947440142942227;EN PLACE
Quartier de l'Europe;Rue Georges Cuvier;10.0;95;3.29809913583494;49.8598679586598;9.947440142942227;EN PLACE
Quartier de l'Europe;Rue Georges Cuvier;8.0;55;3.29811472279153;49.8598928794182;9.947440142942227;EN PLACE
Quartier de l'Europe;Rue Georges Cuvier;10.0;50;3.29817691321203;49.8598702641514;9.947440142942227;EN PLACE
Quartier de l'Europe;Rue Georges Cuvier;10.0;60;3.29820601985841;49.8598488018398;9.947440142942227;EN PLACE
Quartier de l'Europe;Rue Georges Cuvier;15.0;70;3.29815528973405;49.8598507080756;9.947440142942227;EN PLACE
Quartier de l'Europe;Rue Georges Cuvier;12.0;50;3.29812278781116;49.8598572053152;9.947440142942227;EN PLACE
Quartier de l'Europe;Rue Georges Cuvier;12.0;60;3.29811110630412;49.8598401197542;9.947440142942227;EN PLACE
Quartier de l'Europe;Rue Georges Cuvier;10.0;55;3.2981524625139;49.8598385933616;9.947440142942227;EN PLACE
Quartier de l'Europe;Rue Georges Cuvier;10.0;60;3.29814903985514;49.8598193470957;9.947440142942227;EN PLACE
Quartier de l'Europe;Rue Georges Cuvier;10.0;55;3.29818987070923;49.859822456627;9.947440142942227;EN PLACE
Quartier Remicourt;Espace Henry Dunant;13.0;170;3.30800172392198;49.8553511658855;9.947440142942227;Essouché
Quartier Remicourt;Espace Henry Dunant;18.0;155;3.30785560979743;49.8554104828398;9.947440142942227;EN PLACE
Quartier Remicourt;Espace Henry Dunant;12.0;140;3.30781475229894;49.8555365651556;9.947440142942227;Non essouché
Quartier Remicourt;Espace Henry Dunant;5.0;70;3.30737919056582;49.8558597394469;9.947440142942227;EN PLACE
Quartier Remicourt;Espace Henry Dunant;6.0;110;3.3073151959098;49.8558099250496;9.947440142942227;EN PLACE
Quartier Remicourt;Espace Henry Dunant;6.0;90;3.30725196296123;49.8557649221486;9.947440142942227;EN PLACE
Quartier Remicourt;Espace Henry Dunant;5.0;50;3.30718779141566;49.8557163551286;9.947440142942227;Essouché
Quartier Remicourt;Espace Henry Dunant;12.0;150;3.30730621286987;49.8556156319268;9.947440142942227;EN PLACE
Quartier Remicourt;Rue Jacky Tabar;4.0;25;3.30653274281189;49.8549817153364;12.32876712328767;EN PLACE
Quartier Remicourt;Rue Jacky Tabar;4.0;25;3.30645046676504;49.8549637377714;12.32876712328767;EN PLACE
Quartier Remicourt;Rue Jacky Tabar;4.0;25;3.30636818049315;49.8549443351773;12.32876712328767;EN PLACE
Quartier Remicourt;Rue Jacky Tabar;4.0;25;3.30629637291925;49.854925032857;12.32876712328767;EN PLACE
Quartier Remicourt;Rue Jacky Tabar;4.0;25;3.30621655454426;49.8549062179926;12.32876712328767;EN PLACE
OMISSY;Rue Fleming;17.0;145;3.30152540736562;49.8647545514531;9.947440142942227;EN PLACE
Quartier de l'Europe;Rue Fleming;15.0;150;3.30114000486996;49.8647801032085;9.947440142942227;EN PLACE
Quartier de l'Europe;Rue Fleming;15.0;160;3.30106724769348;49.8647884827722;9.947440142942227;EN PLACE
Quartier de l'Europe;Rue Fleming;13.0;90;3.30104400680184;49.8648694746727;9.947440142942227;ABATTU
Quartier de l'Europe;Rue Fleming;14.0;145;3.30084443909578;49.8647936667509;9.947440142942227;EN PLACE
Quartier de l'Europe;Rue Fleming;14.0;145;3.30083911970953;49.8647334243635;9.947440142942227;EN PLACE
Quartier de l'Europe;Rue Fleming;15.0;210;3.30075529469596;49.8647357707012;9.947440142942227;EN PLACE
Quartier de l'Europe;Rue Fleming;18.0;185;3.30061319651738;49.8646776478218;9.947440142942227;EN PLACE
Quartier de l'Europe;Rue Fleming;18.0;160;3.30054378035448;49.8646917238703;9.947440142942227;EN PLACE
Quartier de l'Europe;Rue Fleming;18.0;170;3.30052157246529;49.864667177344;9.947440142942227;EN PLACE
Quartier de l'Europe;Rue Fleming;6.0;60;3.30023398700392;49.8646308046691;9.947440142942227;ABATTU
Quartier de l'Europe;Rue Fleming;7.0;60;3.3002937806432;49.8645750366671;9.947440142942227;EN PLACE
Quartier de l'Europe;Rue Fleming;12.0;130;3.30035076873211;49.8645110764869;9.947440142942227;EN PLACE
Quartier de l'Europe;Rue Fleming;11.0;115;3.30028794471073;49.8645205009323;9.947440142942227;EN PLACE
Quartier de l'Europe;Rue Fleming;10.0;135;3.30020276073877;49.8644793516952;9.947440142942227;ABATTU
Quartier de l'Europe;Rue Fleming;12.0;85;3.30016423225031;49.8644933521589;9.947440142942227;ABATTU
Quartier de l'Europe;Rue Fleming;11.0;115;3.30015581197722;49.8643746444523;9.947440142942227;ABATTU
Quartier de l'Europe;Rue Fleming;16.0;145;3.30002193286765;49.8642153227338;9.947440142942227;ABATTU
Quartier de l'Europe;Rue Fleming;12.0;135;3.29990827810161;49.86414714689;9.947440142942227;ABATTU
Quartier de l'Europe;Rue Fleming;15.0;110;3.30004652609737;49.8645925284751;9.947440142942227;EN PLACE
Quartier de l'Europe;Rue Fleming;11.0;105;3.30002188617887;49.8645450506476;9.947440142942227;ABATTU
Quartier de l'Europe;Rue Fleming;23.0;210;3.29997276661795;49.8644774283323;9.947440142942227;ABATTU
Quartier de l'Europe;Rue Fleming;11.0;80;3.29995097510036;49.8644453933585;9.947440142942227;ABATTU
Quartier de l'Europe;Rue Fleming;13.0;120;3.29994035496342;49.8645155399597;9.947440142942227;ABATTU
Quartier de l'Europe;Rue Fleming;20.0;200;3.29995254542541;49.8645562150364;9.947440142942227;ABATTU
Quartier de l'Europe;Rue Fleming;16.0;160;3.29972653740049;49.8645015059746;9.947440142942227;EN PLACE
Quartier de l'Europe;Rue Fleming;20.0;175;3.29981277419734;49.8643931429266;9.947440142942227;ABATTU
Quartier de l'Europe;Gymnase Pierre Laroche;23.0;185;3.29855165159819;49.8618831204183;9.947440142942227;EN PLACE
Quartier de l'Europe;Gymnase Pierre Laroche;28.0;195;3.29843823379805;49.8618327886277;9.947440142942227;EN PLACE
Quartier de l'Europe;Gymnase Pierre Laroche;25.0;200;3.29837876929958;49.861807072282;9.947440142942227;Essouché
Quartier de l'Europe;Ecole maternelle Pierre Laroche;13.0;210;3.29717741139284;49.8620789648074;9.947440142942227;EN PLACE
Quartier de l'Europe;Ecole maternelle Pierre Laroche;22.0;130;3.29716275904505;49.8621675411434;9.947440142942227;SUPPRIMÉ
Quartier de l'Europe;Ecole maternelle Pierre Laroche;22.0;175;3.2971474531569;49.8622228426234;9.947440142942227;SUPPRIMÉ
Quartier de l'Europe;Ecole maternelle Pierre Laroche;17.0;145;3.29714697772914;49.8622989060764;9.947440142942227;SUPPRIMÉ
Quartier de l'Europe;Ecole maternelle Pierre Laroche;25.0;150;3.29716661653407;49.8622774653086;9.947440142942227;SUPPRIMÉ
Quartier de l'Europe;Ecole maternelle Pierre Laroche;24.0;125;3.2971768657763;49.8623012102307;9.947440142942227;SUPPRIMÉ
Quartier de l'Europe;Ecole maternelle Pierre Laroche;27.0;155;3.29720850122351;49.8622877631106;9.947440142942227;SUPPRIMÉ
Quartier de l'Europe;Ecole maternelle Pierre Laroche;23.0;135;3.29724682097472;49.8621593142784;9.947440142942227;SUPPRIMÉ
Quartier de l'Europe;Ecole maternelle Pierre Laroche;23.0;165;3.29727907807073;49.8621732011536;9.947440142942227;SUPPRIMÉ
Quartier de l'Europe;Ecole maternelle Pierre Laroche;4.0;45;3.29730844908544;49.8621657015534;9.947440142942227;EN PLACE
Quartier de l'Europe;Ecole maternelle Pierre Laroche;9.0;70;3.29732486692962;49.8621433779542;9.947440142942227;EN PLACE
Quartier de l'Europe;Ecole maternelle Pierre Laroche;4.0;45;3.29734887002494;49.8621614429107;9.947440142942227;EN PLACE
Quartier de l'Europe;Ecole maternelle Pierre Laroche;9.0;225;3.29743990035255;49.8622444148885;9.947440142942227;EN PLACE
Quartier de l'Europe;Ecole maternelle Pierre Laroche;16.0;75;3.29750848874374;49.8623516217755;9.947440142942227;EN PLACE
Quartier de l'Europe;Ecole maternelle Pierre Laroche;10.0;90;3.29750765515639;49.86235566781;9.947440142942227;EN PLACE
Quartier de l'Europe;Ecole maternelle Pierre Laroche;16.0;60;3.29751323265249;49.8623534456157;9.947440142942227;EN PLACE
Quartier de l'Europe;Ecole maternelle Pierre Laroche;21.0;165;3.29748322587488;49.8624228760725;9.947440142942227;SUPPRIMÉ
Quartier de l'Europe;Ecole maternelle Pierre Laroche;20.0;140;3.2977293175295;49.8623765205057;9.947440142942227;SUPPRIMÉ
Quartier de l'Europe;Rue Boileau;20.0;160;3.29862085805277;49.8630841962843;9.947440142942227;EN PLACE
Quartier de l'Europe;Rue Boileau;18.0;145;3.2986236986017;49.863098451572;9.947440142942227;EN PLACE
Quartier de l'Europe;Rue Boileau;16.0;170;3.29917902011132;49.8632069064507;9.947440142942227;EN PLACE
Quartier de l'Europe;Rue Boileau;15.0;160;3.2992571420515;49.8632062237191;9.947440142942227;Essouché
Quartier de l'Europe;Rue Boileau;16.0;125;3.29953144370637;49.8633928538291;9.947440142942227;EN PLACE
Quartier de l'Europe;Rue Boileau;7.0;95;3.29984240190881;49.8632779979944;9.947440142942227;EN PLACE
Quartier de l'Europe;Rue Boileau;6.0;135;3.30056729631253;49.8637703808489;9.947440142942227;EN PLACE
Quartier de l'Europe;Rue Boileau;6.0;150;3.30061317897881;49.8637877382205;9.947440142942227;EN PLACE
Quartier de l'Europe;Rue Boileau;6.0;130;3.30067066479016;49.8638086332934;9.947440142942227;EN PLACE
Quartier de l'Europe;Rue Boileau;6.0;140;3.30072260549624;49.8638245492211;9.947440142942227;EN PLACE
Quartier de l'Europe;Rue Boileau;6.0;135;3.30077510355357;49.8638415335663;9.947440142942227;EN PLACE
Quartier de l'Europe;Rue Boileau;6.0;175;3.30081475692656;49.8638314534633;9.947440142942227;EN PLACE
Quartier de l'Europe;Rue Boileau;17.0;185;3.3012228495027;49.8635395112558;9.947440142942227;EN PLACE
Quartier de l'Europe;Rue Boileau;6.0;110;3.30094962263249;49.8638792537913;9.947440142942227;EN PLACE
Quartier de l'Europe;Rue Boileau;6.0;140;3.30100701743489;49.8638848174564;9.947440142942227;EN PLACE
Quartier de l'Europe;Rue Boileau;6.0;105;3.30105889469455;49.8638896804941;9.947440142942227;EN PLACE
Quartier de l'Europe;Rue Boileau;6.0;140;3.30112731487356;49.8638941477667;9.947440142942227;EN PLACE
Quartier de l'Europe;Rue Boileau;6.0;155;3.30118248697136;49.8638965074416;9.947440142942227;EN PLACE
Quartier de l'Europe;Rue Boileau;17.0;150;3.30121226814386;49.8635220662816;9.947440142942227;EN PLACE
Quartier de l'Europe;Rue Boileau;17.0;180;3.30124794404539;49.8635236425095;9.947440142942227;EN PLACE
Quartier de l'Europe;Rue Boileau;14.0;175;3.30150261287815;49.8634353056451;9.947440142942227;EN PLACE
Quartier de l'Europe;Rue Boileau;6.0;70;3.30181556184718;49.8634867653026;9.947440142942227;EN PLACE
Quartier de l'Europe;Rue Boileau;7.0;160;3.30148860380122;49.8638494614437;9.947440142942227;EN PLACE
Quartier de l'Europe;Rue Boileau;7.0;170;3.3015482649957;49.863833863512;9.947440142942227;EN PLACE
Quartier de l'Europe;Rue Boileau;7.0;95;3.30161889370173;49.8638075431986;9.947440142942227;EN PLACE
Quartier de l'Europe;Rue Boileau;7.0;150;3.3016917953284;49.863776760419;9.947440142942227;EN PLACE
Quartier de l'Europe;Rue Boileau;7.0;185;3.30174629212293;49.8637430508303;9.947440142942227;EN PLACE
Quartier de l'Europe;Rue Boileau;7.0;140;3.30193144575892;49.8636516766357;9.947440142942227;EN PLACE
Quartier de l'Europe;Rue Boileau;7.0;135;3.30196719237983;49.8636337610861;9.947440142942227;EN PLACE
Quartier de l'Europe;Rue Boileau;7.0;110;3.30200245485005;49.8636119844569;9.947440142942227;EN PLACE
Quartier de l'Europe;Rue Boileau;7.0;130;3.30204183985724;49.8635875234432;9.947440142942227;EN PLACE
Quartier de l'Europe;Rue Boileau;7.0;130;3.3020784929098;49.8635675260279;9.947440142942227;EN PLACE
Quartier de l'Europe;Rue Boileau;7.0;155;3.30211926205272;49.8635442499698;9.947440142942227;EN PLACE
Quartier de l'Europe;Rue Boileau;7.0;140;3.30214762975103;49.8635221925485;9.947440142942227;EN PLACE
Quartier de l'Europe;Rue Boileau;7.0;135;3.30219251633107;49.8634956387274;9.947440142942227;EN PLACE
Quartier de l'Europe;Rue Boileau;26.0;205;3.30225898922792;49.863466059775;9.947440142942227;EN PLACE
Quartier de l'Europe;Rue Boileau;8.0;100;3.30195042032992;49.8635957717494;9.947440142942227;EN PLACE
Quartier de l'Europe;Rue Boileau;5.0;40;3.30190828851122;49.8631710578992;9.947440142942227;EN PLACE
Quartier de l'Europe;Rue Boileau;5.0;50;3.30191260117866;49.8631542903378;9.947440142942227;EN PLACE
Quartier de l'Europe;Rue Boileau;10.0;120;3.30202459166123;49.8631582917417;9.947440142942227;EN PLACE
Quartier de l'Europe;Rue Boileau;17.0;105;3.30241018356632;49.8633208904077;9.947440142942227;EN PLACE
Quartier de l'Europe;Rue Boileau;6.0;160;3.30239029213783;49.8633770944236;9.947440142942227;EN PLACE
Quartier de l'Europe;Rue Boileau;6.0;160;3.30243242233656;49.8633508442919;9.947440142942227;EN PLACE
Quartier de l'Europe;Rue Boileau;6.0;155;3.30247043824082;49.8633281694702;9.947440142942227;EN PLACE
Quartier de l'Europe;Rue Boileau;6.0;130;3.30252357815111;49.8632983262195;9.947440142942227;EN PLACE
Quartier de l'Europe;Rue Boileau;6.0;155;3.30261173571061;49.8632826579274;9.947440142942227;EN PLACE
Quartier de l'Europe;Rue Boileau;6.0;160;3.30254718738211;49.863248945373;9.947440142942227;EN PLACE
Quartier de l'Europe;Rue Boileau;7.0;185;3.3026600950081;49.8631440806652;9.947440142942227;EN PLACE
Quartier de l'Europe;Rue Boileau;6.0;155;3.30289713182613;49.8630439591998;9.947440142942227;EN PLACE
Quartier de l'Europe;Rue Boileau;6.0;130;3.30294290296823;49.8630114600884;9.947440142942227;EN PLACE
Quartier de l'Europe;Rue Boileau;6.0;160;3.30298319393519;49.8629852135988;9.947440142942227;EN PLACE
Quartier de l'Europe;Rue Boileau;18.0;125;3.30297751994654;49.8629584878203;9.947440142942227;EN PLACE
Quartier de l'Europe;Rue Boileau;17.0;115;3.30293374856551;49.8629404723112;9.947440142942227;EN PLACE
Quartier de l'Europe;Rue Boileau;16.0;195;3.30318725976303;49.8628287217039;9.947440142942227;EN PLACE
Quartier de l'Europe;Rue Boileau;16.0;190;3.30327700608003;49.8628484057108;9.947440142942227;EN PLACE
Quartier de l'Europe;Rue Boileau;22.0;175;3.3034265929526;49.8626656139246;9.947440142942227;EN PLACE
Quartier de l'Europe;Rue Boileau;22.0;140;3.30352866471509;49.8626401650893;9.947440142942227;EN PLACE
Quartier de l'Europe;Rue Boileau;20.0;180;3.30360560795147;49.8625943367507;9.947440142942227;EN PLACE
Quartier de l'Europe;Rue Boileau;20.0;100;3.30367377211074;49.8625556614219;9.947440142942227;EN PLACE
Quartier de l'Europe;Rue Boileau;20.0;180;3.30374707907114;49.8625164971539;9.947440142942227;EN PLACE
Quartier de l'Europe;Rue Boileau;20.0;100;3.30382844954399;49.8624730352004;9.947440142942227;EN PLACE
Quartier de l'Europe;Rue Boileau;18.0;200;3.30389516841563;49.862438641156;9.947440142942227;EN PLACE
Quartier de l'Europe;Rue Boileau;21.0;210;3.30396554237752;49.8624009093317;9.947440142942227;EN PLACE
Quartier de l'Europe;Rue Boileau;21.0;190;3.30404546164947;49.8623607783626;9.947440142942227;EN PLACE
Quartier de l'Europe;Rue Boileau;20.0;160;3.3041261268987;49.8623225468955;9.947440142942227;EN PLACE
Quartier de l'Europe;Rue Boileau;20.0;150;3.30420386077984;49.8622857479588;9.947440142942227;EN PLACE
Quartier de l'Europe;Rue Boileau;20.0;140;3.30428380758347;49.8622498944302;9.947440142942227;EN PLACE
Quartier de l'Europe;Rue Boileau;17.0;155;3.30437841597665;49.8622068742836;9.947440142942227;Essouché
Quartier de l'Europe;Rue Boileau;20.0;180;3.30445542262447;49.862171503854;9.947440142942227;EN PLACE
Quartier de l'Europe;Rue Boileau;20.0;140;3.30454126099712;49.862137537262;9.947440142942227;EN PLACE
Quartier de l'Europe;Rue Boileau;20.0;140;3.30463003168458;49.8621016615104;9.947440142942227;EN PLACE
Quartier de l'Europe;Rue Boileau;20.0;170;3.30469678664654;49.8620739234713;9.947440142942227;EN PLACE
Quartier de l'Europe;Rue Boileau;20.0;160;3.30474110070026;49.8621056636094;9.947440142942227;SUPPRIMÉ
Quartier de l'Europe;Rue Boileau;10.0;100;3.30442486407949;49.8619799983215;9.947440142942227;EN PLACE
Quartier de l'Europe;Rue Boileau;16.0;115;3.30419614797299;49.8620814301807;9.947440142942227;EN PLACE
Quartier de l'Europe;Rue Boileau;12.0;105;3.30412536034506;49.8621115563637;9.947440142942227;EN PLACE
Quartier de l'Europe;Rue Boileau;12.0;100;3.30405090707044;49.8621431169875;9.947440142942227;EN PLACE
Quartier de l'Europe;Rue Boileau;13.0;110;3.30397459016142;49.8621708785091;9.947440142942227;EN PLACE
Quartier de l'Europe;Rue Boileau;13.0;125;3.30389283263772;49.862211252439;9.947440142942227;EN PLACE
Quartier de l'Europe;Rue Boileau;7.0;180;3.2993967400838;49.8635651691511;9.947440142942227;EN PLACE
Quartier de l'Europe;Rue Boileau;7.0;165;3.29937821563284;49.8635414455279;9.947440142942227;EN PLACE
Quartier de l'Europe;Rue Boileau;7.0;180;3.2993156363713;49.8635297142204;9.947440142942227;EN PLACE
Quartier de l'Europe;Rue Boileau;7.0;210;3.29925139550162;49.8634856609185;9.947440142942227;EN PLACE
Quartier de l'Europe;Rue Boileau;7.0;160;3.29920367638714;49.8634995640205;9.947440142942227;EN PLACE
Quartier de l'Europe;Rue Boileau;11.0;140;3.29858258880541;49.8633066499304;9.947440142942227;ABATTU
Quartier de l'Europe;Rue Boileau;9.0;155;3.2983999726975;49.8632509567967;9.947440142942227;EN PLACE
Quartier de l'Europe;Rue Boileau;7.0;80;3.29843179621975;49.8631908608308;9.947440142942227;EN PLACE
Quartier de l'Europe;Rue Boileau;20.0;155;3.2972658947789;49.8627818529434;9.947440142942227;Essouché
Quartier de l'Europe;Avenue Robert Schuman;7.0;155;3.29931173405521;49.8612047974577;9.947440142942227;EN PLACE
Quartier de l'Europe;Avenue Robert Schuman;13.0;110;3.29853884837071;49.8610013805263;9.947440142942227;EN PLACE
Quartier de l'Europe;Avenue Robert Schuman;13.0;45;3.29859045058411;49.8609442082277;9.947440142942227;EN PLACE
Quartier de l'Europe;Avenue Robert Schuman;8.0;95;3.29863112894434;49.860905186728;9.947440142942227;EN PLACE
Quartier de l'Europe;Avenue Robert Schuman;8.0;85;3.29859011559683;49.8608868649935;9.947440142942227;EN PLACE
Quartier de l'Europe;Avenue Robert Schuman;8.0;105;3.29854730706238;49.8608685819723;9.947440142942227;EN PLACE
Quartier de l'Europe;Avenue Robert Schuman;13.0;120;3.29821583738078;49.8610966526917;9.947440142942227;EN PLACE
Quartier de l'Europe;Avenue Robert Schuman;13.0;140;3.29801597087353;49.8607931895859;9.947440142942227;EN PLACE
Quartier de l'Europe;Avenue Robert Schuman;19.0;145;3.29816241338309;49.8606846810579;9.947440142942227;EN PLACE
Quartier de l'Europe;Avenue Robert Schuman;19.0;160;3.29816036297455;49.8606484383756;9.947440142942227;EN PLACE
Quartier de l'Europe;Avenue Robert Schuman;21.0;175;3.29819568136142;49.8605574340859;9.947440142942227;EN PLACE
Quartier de l'Europe;Avenue Robert Schuman;21.0;185;3.29818021621757;49.8605063668686;9.947440142942227;EN PLACE
Quartier de l'Europe;Avenue Robert Schuman;21.0;173;3.29812620559727;49.8605448268952;9.947440142942227;EN PLACE
Quartier de l'Europe;Avenue Robert Schuman;9.0;70;3.29770482195551;49.8605583342585;9.947440142942227;EN PLACE
Quartier de l'Europe;Avenue Robert Schuman;15.0;120;3.29733171406795;49.8601801205489;9.947440142942227;EN PLACE
Quartier de l'Europe;Avenue Robert Schuman;15.0;110;3.29729772096138;49.8601831743767;9.947440142942227;EN PLACE
Quartier de l'Europe;Avenue Robert Schuman;7.0;210;3.29705755205117;49.8600604549842;9.947440142942227;EN PLACE
Quartier de l'Europe;Avenue Robert Schuman;7.0;190;3.29701418281364;49.86003203693;9.947440142942227;EN PLACE
Quartier de l'Europe;Avenue Robert Schuman;14.0;145;3.29619303309405;49.8596962075146;9.947440142942227;EN PLACE
Quartier de l'Europe;Avenue Robert Schuman;14.0;135;3.29616853007181;49.8596713098879;9.947440142942227;EN PLACE
Quartier de l'Europe;Avenue Robert Schuman;14.0;215;3.2955850681865;49.8593940258962;9.947440142942227;EN PLACE
Quartier de l'Europe;Avenue Robert Schuman;9.0;90;3.29503642224546;49.8592551133418;9.947440142942227;EN PLACE
Quartier de l'Europe;Avenue Robert Schuman;9.0;70;3.29504184936695;49.8592399471146;9.947440142942227;EN PLACE
Quartier de l'Europe;Avenue Robert Schuman;12.0;165;3.29475182142948;49.8592361909896;9.947440142942227;EN PLACE
Quartier de l'Europe;Avenue Robert Schuman;10.0;120;3.29473332087493;49.8592160312726;9.947440142942227;EN PLACE
Quartier de l'Europe;Avenue Robert Schuman;10.0;115;3.29464001905158;49.8592153645631;9.947440142942227;EN PLACE
Quartier de l'Europe;Avenue Robert Schuman;10.0;125;3.29460745890374;49.8592279223737;9.947440142942227;EN PLACE
Quartier de l'Europe;Avenue Robert Schuman;23.0;270;3.29416491448758;49.8593160445642;9.947440142942227;EN PLACE
Quartier de l'Europe;Avenue Robert Schuman;14.0;110;3.29385417687706;49.8593075821229;9.947440142942227;EN PLACE
Quartier de l'Europe;Avenue Robert Schuman;19.0;135;3.29384167098907;49.8592909737975;9.947440142942227;EN PLACE
Quartier de l'Europe;Avenue Robert Schuman;14.0;90;3.29382839111405;49.8592993241392;9.947440142942227;EN PLACE
Quartier de l'Europe;Avenue Robert Schuman;19.0;160;3.29372799583301;49.8592639117823;9.947440142942227;EN PLACE
Quartier de l'Europe;Avenue Robert Schuman;19.0;170;3.2937192983116;49.8592701720459;9.947440142942227;EN PLACE
Quartier de l'Europe;Avenue Robert Schuman;19.0;160;3.29373237468493;49.8592782406786;9.947440142942227;EN PLACE
Quartier de l'Europe;Avenue Robert Schuman;6.0;45;3.29351783790246;49.8592470235632;9.947440142942227;EN PLACE
Quartier de l'Europe;Avenue Robert Schuman;15.0;120;3.29301483830575;49.8592444291129;9.947440142942227;EN PLACE
Quartier de l'Europe;Avenue Robert Schuman;15.0;105;3.29294296571216;49.8592137008864;9.947440142942227;EN PLACE
Quartier de l'Europe;Avenue Robert Schuman;15.0;95;3.29287697012783;49.8591822450115;9.947440142942227;EN PLACE
Quartier de l'Europe;Avenue Robert Schuman;15.0;90;3.29280989737955;49.8591553086129;9.947440142942227;EN PLACE
Quartier de l'Europe;Avenue Robert Schuman;15.0;115;3.29271236869483;49.8591389049482;9.947440142942227;EN PLACE
Quartier de l'Europe;Avenue Robert Schuman;15.0;105;3.29264204722605;49.8591221960542;9.947440142942227;EN PLACE
Quartier de l'Europe;Avenue Robert Schuman;15.0;105;3.29256074034073;49.8591133586997;9.947440142942227;EN PLACE
Quartier de l'Europe;Avenue Robert Schuman;15.0;120;3.29247869498332;49.8591040475307;9.947440142942227;EN PLACE
Quartier de l'Europe;Avenue Robert Schuman;15.0;120;3.29238933968675;49.8591023595707;9.947440142942227;EN PLACE
Quartier de l'Europe;Avenue Robert Schuman;9.0;135;3.29237028008902;49.8591770416695;9.947440142942227;EN PLACE
Quartier de l'Europe;Avenue Robert Schuman;9.0;175;3.2922897357708;49.8591731928558;9.947440142942227;EN PLACE
Quartier de l'Europe;Avenue Robert Schuman;9.0;140;3.29220698724775;49.8591693503708;9.947440142942227;EN PLACE
Quartier de l'Europe;Avenue Robert Schuman;15.0;115;3.29230760700587;49.8590997723985;9.947440142942227;EN PLACE
Quartier de l'Europe;Avenue Robert Schuman;15.0;145;3.29222163418563;49.8590946298321;9.947440142942227;EN PLACE
Quartier de l'Europe;Avenue Robert Schuman;15.0;130;3.29214441011211;49.8590927352829;9.947440142942227;EN PLACE
Quartier de l'Europe;Avenue Robert Schuman;14.0;150;3.29206074393444;49.8590893696765;9.947440142942227;EN PLACE
Quartier de l'Europe;Avenue Robert Schuman;14.0;125;3.29197388626052;49.8590904685372;9.947440142942227;EN PLACE
Quartier de l'Europe;Avenue Robert Schuman;14.0;145;3.29187601150911;49.8590936742204;9.947440142942227;EN PLACE
Quartier de l'Europe;Avenue Robert Schuman;15.0;125;3.29170730671412;49.8590881345192;9.947440142942227;EN PLACE
Quartier de l'Europe;Avenue Robert Schuman;15.0;130;3.29163603683342;49.8590823616265;9.947440142942227;EN PLACE
Quartier de l'Europe;Avenue Robert Schuman;15.0;145;3.291551465971;49.8590816725782;9.947440142942227;EN PLACE
Quartier de l'Europe;Avenue Robert Schuman;9.0;75;3.29106909532406;49.8591175869269;9.947440142942227;EN PLACE
Quartier de l'Europe;Avenue Robert Schuman;9.0;120;3.29106193129378;49.8590703605028;9.947440142942227;EN PLACE
Quartier de l'Europe;Avenue Robert Schuman;9.0;100;3.29098285047817;49.8590649050586;9.947440142942227;EN PLACE
Quartier de l'Europe;Avenue Robert Schuman;9.0;140;3.29089644646494;49.8590651110396;9.947440142942227;EN PLACE
Quartier de l'Europe;Avenue Robert Schuman;9.0;130;3.29081418109681;49.8590653067078;9.947440142942227;EN PLACE
Quartier de l'Europe;Avenue Robert Schuman;9.0;150;3.29072957117911;49.8590577825859;9.947440142942227;EN PLACE
Quartier de l'Europe;Avenue Robert Schuman;9.0;145;3.29064682967509;49.8590553055408;9.947440142942227;EN PLACE
Quartier de l'Europe;Avenue Robert Schuman;9.0;145;3.29056454885826;49.859053123984;9.947440142942227;EN PLACE
Quartier de l'Europe;Avenue Robert Schuman;9.0;135;3.29048226592736;49.8590503490019;9.947440142942227;EN PLACE
Quartier de l'Europe;Avenue Robert Schuman;9.0;125;3.2903985925384;49.8590454969988;9.947440142942227;EN PLACE
Quartier de l'Europe;Avenue Robert Schuman;13.0;140;3.29022395100389;49.8590465059422;9.947440142942227;EN PLACE
Quartier de l'Europe;Avenue Robert Schuman;8.0;70;3.29040613497674;49.8589473776;9.947440142942227;ABATTU
Quartier de l'Europe;Avenue Robert Schuman;5.0;40;3.29041678217907;49.8589610204259;9.947440142942227;ABATTU
Quartier de l'Europe;Avenue Robert Schuman;4.0;45;3.29093016035822;49.8589624719771;9.947440142942227;ABATTU
Quartier de l'Europe;Avenue Robert Schuman;7.0;70;3.29095409113257;49.8589680605189;9.947440142942227;ABATTU
Quartier Remicourt;Avenue Robert Schuman;17.0;130;3.2908964265371;49.8588496483388;9.947440142942227;EN PLACE
Quartier Remicourt;Avenue Robert Schuman;13.0;75;3.29132075446642;49.8588709207333;9.947440142942227;EN PLACE
Quartier Remicourt;Avenue Robert Schuman;9.0;60;3.29132162960692;49.8588634906099;9.947440142942227;SUPPRIMÉ
Quartier Remicourt;Avenue Robert Schuman;16.0;125;3.2913510757738;49.8588690662871;9.947440142942227;EN PLACE
Quartier de l'Europe;Avenue Robert Schuman;14.0;110;3.29175211938837;49.8589976524727;9.947440142942227;EN PLACE
Quartier de l'Europe;Avenue Robert Schuman;12.0;75;3.29206606953326;49.8590058157952;9.947440142942227;ABATTU
Quartier Remicourt;Avenue Robert Schuman;10.0;85;3.29276845381375;49.8588665678062;9.947440142942227;EN PLACE
Quartier Remicourt;Avenue Robert Schuman;10.0;60;3.29280212576897;49.8588878794488;9.947440142942227;EN PLACE
Quartier Remicourt;Avenue Robert Schuman;20.0;145;3.29340494085228;49.8588576123993;9.947440142942227;EN PLACE
Quartier Remicourt;Avenue Robert Schuman;18.0;70;3.29344033453306;49.8588584194141;9.947440142942227;EN PLACE
Quartier Remicourt;Avenue Robert Schuman;6.0;35;3.29348374052174;49.8588939690705;9.947440142942227;EN PLACE
Quartier Remicourt;Avenue Robert Schuman;15.0;115;3.29350628095875;49.8588974801655;9.947440142942227;EN PLACE
Quartier Remicourt;Avenue Robert Schuman;15.0;55;3.29353260433402;49.8589194033395;9.947440142942227;EN PLACE
Quartier Remicourt;Avenue Robert Schuman;13.0;70;3.29355187091601;49.8589131184665;9.947440142942227;EN PLACE
Quartier Remicourt;Avenue Robert Schuman;13.0;90;3.29357664932736;49.8589062246393;9.947440142942227;EN PLACE
Quartier Remicourt;Avenue Robert Schuman;13.0;55;3.29361017752458;49.85890228119;9.947440142942227;EN PLACE
Quartier Remicourt;Avenue Robert Schuman;7.0;20;3.29363272686592;49.8589072783685;9.947440142942227;EN PLACE
Quartier Remicourt;Avenue Robert Schuman;7.0;50;3.2936433101807;49.8589096298922;9.947440142942227;EN PLACE
Quartier Remicourt;Avenue Robert Schuman;7.0;70;3.29357127232476;49.8589303038586;9.947440142942227;EN PLACE
Quartier Remicourt;Avenue Robert Schuman;7.0;50;3.29359289710683;49.8589344114983;9.947440142942227;EN PLACE
Quartier Remicourt;Avenue Robert Schuman;7.0;35;3.29358223125826;49.8589177985426;9.947440142942227;EN PLACE
Quartier Remicourt;Avenue Robert Schuman;7.0;30;3.29359554878152;49.8589159842284;9.947440142942227;EN PLACE
Quartier Remicourt;Avenue Robert Schuman;7.0;35;3.29360519470366;49.8589150700515;9.947440142942227;EN PLACE
Quartier Remicourt;Avenue Robert Schuman;7.0;40;3.29363555327712;49.8589194534317;9.947440142942227;EN PLACE
Quartier Remicourt;Avenue Robert Schuman;7.0;45;3.29364658407431;49.8589194267473;9.947440142942227;EN PLACE
Quartier Remicourt;Avenue Robert Schuman;7.0;35;3.29363285285174;49.8589292652261;9.947440142942227;EN PLACE
Quartier Remicourt;Avenue Robert Schuman;7.0;35;3.29364710599141;49.8589304190285;9.947440142942227;EN PLACE
Quartier Remicourt;Avenue Robert Schuman;8.0;50;3.29368841993476;49.8589217037077;9.947440142942227;EN PLACE
Quartier Remicourt;Avenue Robert Schuman;10.0;40;3.29393743400605;49.8589205097647;9.947440142942227;EN PLACE
Quartier Remicourt;Avenue Robert Schuman;10.0;100;3.29413600713985;49.8588614403198;9.947440142942227;EN PLACE
Quartier Remicourt;Avenue Robert Schuman;10.0;60;3.29423555971547;49.8589104031318;9.947440142942227;EN PLACE
Quartier de l'Europe;Avenue Robert Schuman;6.0;85;3.29358764924142;49.8590523764097;9.947440142942227;ABATTU
Quartier de l'Europe;Avenue Robert Schuman;10.0;30;3.293599128872;49.8590536792019;9.947440142942227;ABATTU
Quartier de l'Europe;Avenue Robert Schuman;10.0;75;3.29402919924375;49.8590598719628;9.947440142942227;ABATTU
Quartier de l'Europe;Avenue Robert Schuman;12.0;65;3.29403923376015;49.8590655522097;9.947440142942227;ABATTU
Quartier de l'Europe;Avenue Robert Schuman;12.0;75;3.29405160608488;49.8590624204049;9.947440142942227;ABATTU
Quartier de l'Europe;Avenue Robert Schuman;12.0;70;3.29436859721505;49.8590717585027;9.947440142942227;ABATTU
Quartier de l'Europe;Avenue Robert Schuman;12.0;70;3.29437783095358;49.8590788666217;9.947440142942227;ABATTU
Quartier de l'Europe;Avenue Robert Schuman;10.0;50;3.29440208401251;49.859076669677;9.947440142942227;ABATTU
Quartier de l'Europe;Avenue Robert Schuman;10.0;125;3.29557081073832;49.859119246413;9.947440142942227;EN PLACE
Quartier de l'Europe;Avenue Robert Schuman;10.0;63;3.29567987310686;49.8591589148554;9.947440142942227;EN PLACE
Quartier de l'Europe;Avenue Robert Schuman;10.0;80;3.29577713900243;49.8591933831342;9.947440142942227;EN PLACE
Quartier de l'Europe;Avenue Robert Schuman;13.0;110;3.29586689979094;49.8592332168936;9.947440142942227;EN PLACE
Quartier de l'Europe;Avenue Robert Schuman;9.0;85;3.29595594154273;49.8592757864078;9.947440142942227;EN PLACE
Quartier de l'Europe;Avenue Robert Schuman;13.0;56;3.29604363093247;49.859318691912;9.947440142942227;EN PLACE
Quartier de l'Europe;Avenue Robert Schuman;13.0;75;3.29614155368608;49.8593646624782;9.947440142942227;EN PLACE
Quartier de l'Europe;Avenue Robert Schuman;10.0;100;3.29623977005735;49.8594106322216;9.947440142942227;EN PLACE
Quartier de l'Europe;Avenue Robert Schuman;10.0;85;3.29632618376437;49.8594501647984;9.947440142942227;EN PLACE
Quartier de l'Europe;Avenue Robert Schuman;10.0;65;3.2964216396028;49.8594923968109;9.947440142942227;EN PLACE
Quartier de l'Europe;Avenue Robert Schuman;10.0;100;3.29651196828958;49.859534665966;9.947440142942227;EN PLACE
Quartier de l'Europe;Avenue Robert Schuman;13.0;88;3.29660044647714;49.8595751569089;9.947440142942227;REMPLACÉ
Quartier de l'Europe;Avenue Robert Schuman;13.0;95;3.29676865275295;49.8596528890636;9.947440142942227;EN PLACE
Quartier de l'Europe;Avenue Robert Schuman;10.0;100;3.29686082673604;49.8596966394153;9.947440142942227;EN PLACE
Quartier de l'Europe;Avenue Robert Schuman;13.0;113;3.29696330625108;49.8597420277753;9.947440142942227;EN PLACE
Quartier de l'Europe;Avenue Robert Schuman;13.0;110;3.29707135102319;49.8597746849039;9.947440142942227;EN PLACE
Quartier de l'Europe;Avenue Robert Schuman;14.0;95;3.2978874551171;49.859906519345;9.947440142942227;EN PLACE
Quartier de l'Europe;Avenue Robert Schuman;14.0;95;3.29788350629316;49.8599226924836;9.947440142942227;EN PLACE
Quartier de l'Europe;Avenue Robert Schuman;12.0;80;3.29794341824686;49.8599192185019;9.947440142942227;EN PLACE
Quartier de l'Europe;Avenue Robert Schuman;12.0;105;3.29797052325367;49.8599015634107;9.947440142942227;EN PLACE
Quartier de l'Europe;Avenue Robert Schuman;15.0;120;3.29791813998326;49.8600483367693;9.947440142942227;EN PLACE
Quartier de l'Europe;Avenue Robert Schuman;14.0;150;3.29786139714085;49.8600909626192;9.947440142942227;EN PLACE
Quartier de l'Europe;Avenue Robert Schuman;14.0;130;3.29789335390579;49.8601327781851;9.947440142942227;EN PLACE
Quartier de l'Europe;Avenue Robert Schuman;5.0;40;3.29829338659867;49.8601451882395;9.947440142942227;EN PLACE
Quartier de l'Europe;Avenue Robert Schuman;5.0;35;3.29844010721628;49.8602106708666;9.947440142942227;EN PLACE
Quartier de l'Europe;Avenue Robert Schuman;5.0;40;3.29857024091695;49.8602688250714;9.947440142942227;EN PLACE
Quartier de l'Europe;Avenue Robert Schuman;5.0;35;3.29870407228349;49.860330537156;9.947440142942227;EN PLACE
Quartier de l'Europe;Avenue Robert Schuman;5.0;35;3.29884600104476;49.8603936543741;9.947440142942227;EN PLACE
Quartier de l'Europe;Avenue Robert Schuman;5.0;30;3.29897504156299;49.8604532368033;9.947440142942227;EN PLACE
Quartier de l'Europe;Avenue Robert Schuman;5.0;40;3.29910481090552;49.8605118678369;9.947440142942227;EN PLACE
Quartier de l'Europe;Avenue Robert Schuman;4.0;35;3.29924453798174;49.8605757022262;9.947440142942227;REMPLACÉ
Quartier de l'Europe;Avenue Robert Schuman;4.0;30;3.29938315672775;49.8606383516292;9.947440142942227;EN PLACE
Quartier de l'Europe;Avenue Robert Schuman;4.0;30;3.29952325156041;49.8607017100494;9.947440142942227;EN PLACE
Quartier de l'Europe;Avenue Robert Schuman;15.0;135;3.30067286382925;49.8609612246572;9.947440142942227;EN PLACE
Quartier de l'Europe;Avenue Robert Schuman;17.0;170;3.30048076703906;49.8613553778248;9.947440142942227;EN PLACE
Quartier de l'Europe;Avenue Robert Schuman;17.0;155;3.30054207561756;49.8613855332944;9.947440142942227;EN PLACE
Quartier de l'Europe;Avenue Robert Schuman;16.0;165;3.3007114756228;49.861429981094;9.947440142942227;EN PLACE
Quartier de l'Europe;Avenue Robert Schuman;16.0;210;3.30083280815139;49.8614287910688;9.947440142942227;EN PLACE
Quartier de l'Europe;Avenue Robert Schuman;8.0;90;3.30120973653168;49.8612798979573;9.947440142942227;EN PLACE
Quartier de l'Europe;Avenue Robert Schuman;17.0;195;3.301428243038;49.8610782099928;9.947440142942227;EN PLACE
Quartier de l'Europe;Avenue Robert Schuman;17.0;195;3.30149402019399;49.8610094139724;9.947440142942227;EN PLACE
Quartier de l'Europe;Rue Geoffroy Saint-Hilaire;8.0;70;3.29993699960261;49.8613442675208;9.947440142942227;SUPPRIMÉ
Quartier de l'Europe;Rue Geoffroy Saint-Hilaire;8.0;65;3.29996965817891;49.8613330152109;9.947440142942227;SUPPRIMÉ
Quartier de l'Europe;Rue Geoffroy Saint-Hilaire;18.0;130;3.29996120265837;49.8613526315946;9.947440142942227;EN PLACE
Quartier de l'Europe;Rue Geoffroy Saint-Hilaire;12.0;130;3.30005323121917;49.8613704700854;9.947440142942227;Essouché
Quartier de l'Europe;Rue Geoffroy Saint-Hilaire;12.0;100;3.3000261582489;49.8613938309326;9.947440142942227;Essouché
Quartier de l'Europe;Rue Geoffroy Saint-Hilaire;12.0;120;3.30004247939103;49.8614180348022;9.947440142942227;Essouché
Quartier de l'Europe;Rue Geoffroy Saint-Hilaire;9.0;105;3.29981659082349;49.8615348723119;9.947440142942227;EN PLACE
Quartier de l'Europe;Rue Geoffroy Saint-Hilaire;9.0;100;3.29987026040959;49.8615323626875;9.947440142942227;EN PLACE
Quartier de l'Europe;Rue Geoffroy Saint-Hilaire;9.0;145;3.29990571601185;49.8615588974972;9.947440142942227;EN PLACE
Quartier de l'Europe;Rue Geoffroy Saint-Hilaire;9.0;125;3.29985353965145;49.8615652063044;9.947440142942227;EN PLACE
Quartier de l'Europe;Rue Geoffroy Saint-Hilaire;9.0;200;3.29981404940845;49.8616028586289;9.947440142942227;EN PLACE
Quartier de l'Europe;Rue Geoffroy Saint-Hilaire;9.0;160;3.29973287172956;49.861679595635;9.947440142942227;EN PLACE
Quartier de l'Europe;Rue Geoffroy Saint-Hilaire;9.0;110;3.29970361453286;49.8617067631597;9.947440142942227;EN PLACE
Quartier de l'Europe;Rue Geoffroy Saint-Hilaire;9.0;145;3.29966340868318;49.8617477464368;9.947440142942227;EN PLACE
Quartier de l'Europe;Rue Geoffroy Saint-Hilaire;9.0;170;3.29962903036393;49.8617792055854;9.947440142942227;EN PLACE
Quartier de l'Europe;Rue Geoffroy Saint-Hilaire;9.0;130;3.29957419855342;49.8618340094725;9.947440142942227;EN PLACE
Quartier de l'Europe;Rue Geoffroy Saint-Hilaire;9.0;120;3.29953248183685;49.8618683399947;9.947440142942227;EN PLACE
Quartier de l'Europe;Rue Geoffroy Saint-Hilaire;9.0;120;3.29949812517294;49.8619036029255;9.947440142942227;EN PLACE
Quartier de l'Europe;Rue Geoffroy Saint-Hilaire;9.0;120;3.29946448676687;49.8619360122295;9.947440142942227;EN PLACE
Quartier de l'Europe;Rue Geoffroy Saint-Hilaire;9.0;110;3.29942498571605;49.8619717629538;9.947440142942227;EN PLACE
Quartier de l'Europe;Rue Geoffroy Saint-Hilaire;9.0;130;3.29938476931611;49.8620113184663;9.947440142942227;EN PLACE
Quartier de l'Europe;Rue Geoffroy Saint-Hilaire;9.0;120;3.29934747527937;49.8620470635365;9.947440142942227;EN PLACE
Quartier de l'Europe;Rue Geoffroy Saint-Hilaire;9.0;105;3.29931164542455;49.8620818545675;9.947440142942227;EN PLACE
Quartier de l'Europe;Rue Geoffroy Saint-Hilaire;9.0;120;3.29928166655054;49.8621114027046;9.947440142942227;EN PLACE
Quartier de l'Europe;Rue Geoffroy Saint-Hilaire;9.0;120;3.29925167453056;49.862138572882;9.947440142942227;EN PLACE
Quartier de l'Europe;Rue Geoffroy Saint-Hilaire;9.0;110;3.2992121717709;49.862174323535;9.947440142942227;EN PLACE
Quartier de l'Europe;Rue Geoffroy Saint-Hilaire;9.0;120;3.29917781466261;49.8622095863674;9.947440142942227;EN PLACE
Quartier de l'Europe;Rue Geoffroy Saint-Hilaire;9.0;110;3.29913539350819;49.862249147406;9.947440142942227;EN PLACE
Quartier de l'Europe;Rue Geoffroy Saint-Hilaire;9.0;110;3.29909444371449;49.8622887046812;9.947440142942227;EN PLACE
Quartier de l'Europe;Rue Geoffroy Saint-Hilaire;9.0;140;3.29905934493537;49.8623230190707;9.947440142942227;EN PLACE
Quartier de l'Europe;Rue Geoffroy Saint-Hilaire;9.0;105;3.29903300807267;49.8623463778021;9.947440142942227;EN PLACE
Quartier de l'Europe;Rue Geoffroy Saint-Hilaire;9.0;115;3.29900667847647;49.8623711615017;9.947440142942227;EN PLACE
Quartier de l'Europe;Rue Geoffroy Saint-Hilaire;9.0;120;3.29896937532;49.8624059561732;9.947440142942227;EN PLACE
Quartier de l'Europe;Rue Geoffroy Saint-Hilaire;9.0;105;3.29892696541579;49.8624474194916;9.947440142942227;EN PLACE
Quartier de l'Europe;Rue Geoffroy Saint-Hilaire;9.0;135;3.29888527088131;49.8624855517943;9.947440142942227;EN PLACE
Quartier de l'Europe;Rue Geoffroy Saint-Hilaire;9.0;125;3.29880263043033;49.862564193332;9.947440142942227;EN PLACE
Quartier de l'Europe;Rue Geoffroy Saint-Hilaire;9.0;110;3.29876899400213;49.862597077118;9.947440142942227;EN PLACE
Quartier de l'Europe;Rue Geoffroy Saint-Hilaire;9.0;125;3.29872803494299;49.8626352083897;9.947440142942227;EN PLACE
Quartier de l'Europe;Rue Geoffroy Saint-Hilaire;9.0;130;3.29869293854911;49.862669997355;9.947440142942227;EN PLACE
Quartier de l'Europe;Rue Geoffroy Saint-Hilaire;9.0;140;3.29865563054505;49.8627038407397;9.947440142942227;EN PLACE
Quartier de l'Europe;Rue Geoffroy Saint-Hilaire;9.0;120;3.29861248728538;49.8627457805006;9.947440142942227;EN PLACE
Quartier de l'Europe;Rue Geoffroy Saint-Hilaire;9.0;170;3.29857591489563;49.8627796228871;9.947440142942227;EN PLACE
Quartier de l'Europe;Rue Geoffroy Saint-Hilaire;12.0;120;3.29834801056301;49.8627920641436;9.947440142942227;EN PLACE
Quartier de l'Europe;Rue Geoffroy Saint-Hilaire;13.0;65;3.29841288238354;49.8629445047816;9.947440142942227;EN PLACE
Quartier de l'Europe;Rue Geoffroy Saint-Hilaire;7.0;170;3.29876355715763;49.8629246315699;9.947440142942227;EN PLACE
Quartier de l'Europe;Rue Geoffroy Saint-Hilaire;18.0;175;3.29883861329398;49.8628065528124;9.947440142942227;EN PLACE
Quartier de l'Europe;Rue Geoffroy Saint-Hilaire;18.0;140;3.29889149497995;49.8627950137994;9.947440142942227;EN PLACE
Quartier de l'Europe;Rue Geoffroy Saint-Hilaire;8.0;100;3.29979172060569;49.8624948345667;9.947440142942227;EN PLACE
Quartier de l'Europe;Rue Geoffroy Saint-Hilaire;17.0;185;3.29963445665582;49.8624827427347;9.947440142942227;EN PLACE
Quartier de l'Europe;Rue Geoffroy Saint-Hilaire;17.0;120;3.29961722476225;49.8624599661357;9.947440142942227;EN PLACE
Quartier de l'Europe;Rue Geoffroy Saint-Hilaire;16.0;180;3.29969540506903;49.8624362421293;9.947440142942227;EN PLACE
Quartier de l'Europe;Rue Geoffroy Saint-Hilaire;10.0;130;3.29988815853494;49.8623865666888;9.947440142942227;EN PLACE
Quartier de l'Europe;Rue Geoffroy Saint-Hilaire;23.0;180;3.30000215390739;49.8622629241868;9.947440142942227;EN PLACE
Quartier de l'Europe;Rue Geoffroy Saint-Hilaire;23.0;175;3.29999006503645;49.8621766706158;9.947440142942227;EN PLACE
Quartier de l'Europe;Rue Geoffroy Saint-Hilaire;16.0;80;3.30018546958857;49.8621095175805;9.947440142942227;EN PLACE
Quartier de l'Europe;Rue Geoffroy Saint-Hilaire;16.0;160;3.30027580886479;49.8619962725298;9.947440142942227;EN PLACE
Quartier de l'Europe;Rue Geoffroy Saint-Hilaire;4.0;100;3.29935348909718;49.8623500844326;9.947440142942227;EN PLACE
Quartier de l'Europe;Rue Geoffroy Saint-Hilaire;15.0;100;3.29952785556477;49.8621749527765;9.947440142942227;EN PLACE
Quartier de l'Europe;Rue Geoffroy Saint-Hilaire;15.0;75;3.29952810577853;49.8621706025382;9.947440142942227;EN PLACE
Quartier de l'Europe;Rue Geoffroy Saint-Hilaire;5.0;70;3.2996477952588;49.8620521747168;9.947440142942227;EN PLACE
Quartier de l'Europe;Rue Geoffroy Saint-Hilaire;6.0;185;3.29986237735342;49.8618755643699;9.947440142942227;EN PLACE
Quartier de l'Europe;Rue Geoffroy Saint-Hilaire;19.0;170;3.30014251583207;49.8617175717204;9.947440142942227;EN PLACE
Quartier de l'Europe;Rue Geoffroy Saint-Hilaire;19.0;150;3.30021943011479;49.8616662776416;9.947440142942227;EN PLACE
Quartier de l'Europe;Rue Geoffroy Saint-Hilaire;14.0;170;3.30018154245134;49.8615543574233;9.947440142942227;EN PLACE
Quartier de l'Europe;Rue Geoffroy Saint-Hilaire;14.0;150;3.30026381729306;49.8614766076625;9.947440142942227;EN PLACE
Quartier de l'Europe;Square de Kaiserlautern;19.0;140;3.29896989868249;49.8627201509079;9.947440142942227;EN PLACE
Quartier de l'Europe;Square de Kaiserlautern;9.0;95;3.29908121819924;49.8627667043177;9.947440142942227;EN PLACE
Quartier de l'Europe;Square de Kaiserlautern;11.0;80;3.29919659831036;49.8628160990598;9.947440142942227;EN PLACE
Quartier de l'Europe;Square de Kaiserlautern;15.0;110;3.29930682696232;49.8628645556236;9.947440142942227;EN PLACE
Quartier de l'Europe;Square de Kaiserlautern;14.0;110;3.29935880326469;49.8628867717026;9.947440142942227;EN PLACE
Quartier de l'Europe;Square de Kaiserlautern;13.0;100;3.29942385250037;49.8628181567769;9.947440142942227;EN PLACE
Quartier de l'Europe;Square de Kaiserlautern;16.0;95;3.29938071234582;49.8627978214875;9.947440142942227;EN PLACE
Quartier de l'Europe;Square de Kaiserlautern;9.0;75;3.29926824609917;49.8627441400269;9.947440142942227;EN PLACE
Quartier de l'Europe;Square de Kaiserlautern;9.0;75;3.29915764473624;49.8626944958318;9.947440142942227;EN PLACE
Quartier de l'Europe;Square de Kaiserlautern;10.0;80;3.29904556346282;49.8626434285097;9.947440142942227;EN PLACE
Quartier de l'Europe;Square de Kaiserlautern;10.0;90;3.29899616623227;49.8626219195694;9.947440142942227;EN PLACE
Quartier du faubourg d'Isle;Boulevard du Docteur Camille Guérin;15.0;140;3.29944353138943;49.8340415411753;9.947440142942227;EN PLACE
Quartier de l'Europe;Square de Kaiserlautern;7.0;80;3.29913963441978;49.8626329775294;9.947440142942227;EN PLACE
Quartier de l'Europe;Square de Kaiserlautern;9.0;90;3.29936048288061;49.8627341682425;9.947440142942227;EN PLACE
Quartier de l'Europe;Square de Kaiserlautern;12.0;90;3.29951095621921;49.8627482988229;9.947440142942227;EN PLACE
Quartier de l'Europe;Square de Kaiserlautern;9.0;80;3.29944021036924;49.8626607644112;9.947440142942227;EN PLACE
Quartier de l'Europe;Square de Kaiserlautern;7.0;75;3.29921459351038;49.8625612474373;9.947440142942227;EN PLACE
Quartier de l'Europe;Square de Kaiserlautern;7.0;75;3.29912052560576;49.8625721740676;9.947440142942227;EN PLACE
Quartier de l'Europe;Square de Kaiserlautern;10.0;90;3.29914828171098;49.8624772662769;9.947440142942227;EN PLACE
Quartier de l'Europe;Square de Kaiserlautern;10.0;100;3.29919361560605;49.8624954581259;9.947440142942227;EN PLACE
Quartier de l'Europe;Square de Kaiserlautern;7.0;80;3.29931014156903;49.862551981099;9.947440142942227;EN PLACE
Quartier de l'Europe;Square de Kaiserlautern;7.0;65;3.29942110836086;49.8626009112755;9.947440142942227;EN PLACE
Quartier de l'Europe;Square de Kaiserlautern;11.0;90;3.29954566405078;49.8626474322981;9.947440142942227;EN PLACE
Quartier de l'Europe;Square de Kaiserlautern;9.0;90;3.29959545042228;49.8626722682946;9.947440142942227;EN PLACE
Quartier de l'Europe;Square de Kaiserlautern;8.0;80;3.29940310499977;49.8625405815354;9.947440142942227;EN PLACE
Quartier de l'Europe;Square de Kaiserlautern;13.0;125;3.29927114872031;49.8624237214348;9.947440142942227;EN PLACE
Quartier de l'Europe;Square de Kaiserlautern;9.0;90;3.29938802872269;49.8624781054912;9.947440142942227;EN PLACE
Quartier de l'Europe;Square de Kaiserlautern;14.0;100;3.29951297292628;49.8625279520413;9.947440142942227;EN PLACE
Quartier de l'Europe;Square de Kaiserlautern;14.0;120;3.29962616172208;49.8625799672887;9.947440142942227;EN PLACE
Quartier de l'Europe;Square de Kaiserlautern;9.0;85;3.29967666926929;49.8626024243256;9.947440142942227;EN PLACE
Quartier de l'Europe;Rue Ampère;18.0;85;3.29627176188666;49.8582302376925;9.947440142942227;EN PLACE
Quartier de l'Europe;Rue Ampère;18.0;120;3.29625711394886;49.8582403745835;9.947440142942227;EN PLACE
Quartier Remicourt;Rue Ampère;17.0;80;3.29624969122873;49.8582285078607;9.947440142942227;EN PLACE
Quartier Remicourt;Rue Ampère;12.0;30;3.29537893353403;49.8585586750449;9.947440142942227;EN PLACE
Quartier Remicourt;Rue Ampère;15.0;100;3.29536946438223;49.8585743863947;9.947440142942227;EN PLACE
Quartier Remicourt;Rue Ampère;11.0;105;3.29538716484002;49.858583376429;9.947440142942227;EN PLACE
Quartier Remicourt;Rue Ampère;8.0;180;3.29502232075979;49.858436887103;9.947440142942227;EN PLACE
Quartier Remicourt;Rue Ampère;8.0;195;3.29495782947645;49.858474598854;9.947440142942227;SUPPRIMÉ
Quartier de Neuville;Ecole primaire Henri Arnould;11.0;50;3.31717974291812;49.8356076988737;9.947440142942227;EN PLACE
Quartier de Neuville;Ecole primaire Henri Arnould;8.0;100;3.31725024271489;49.8356100895398;9.947440142942227;EN PLACE
Quartier de Neuville;Ecole primaire Henri Arnould;14.0;160;3.31718264288563;49.8355253397979;9.947440142942227;EN PLACE
Quartier de Neuville;Ecole primaire Henri Arnould;14.0;140;3.31720409812443;49.8355021220183;9.947440142942227;EN PLACE
Quartier de Neuville;Ecole primaire Henri Arnould;13.0;110;3.31725082002822;49.8353816843642;9.947440142942227;EN PLACE
Quartier de Neuville;Ecole primaire Henri Arnould;15.0;120;3.31727626433497;49.8353599401362;9.947440142942227;EN PLACE
Quartier de Neuville;Ecole primaire Henri Arnould;17.0;195;3.31723942979428;49.8353463443122;9.947440142942227;EN PLACE
Quartier de Neuville;Ecole primaire Henri Arnould;19.0;165;3.31755571245483;49.8348153516109;9.947440142942227;EN PLACE
Quartier de Neuville;Ecole primaire Henri Arnould;18.0;125;3.31757342239326;49.8348267154716;9.947440142942227;EN PLACE
Quartier de Neuville;Ecole primaire Henri Arnould;20.0;130;3.3181273623636;49.8348447645189;9.947440142942227;EN PLACE
Quartier de Neuville;Ecole primaire Henri Arnould;20.0;120;3.31811977034616;49.8348647514379;9.947440142942227;EN PLACE
Quartier de Neuville;Ecole primaire Henri Arnould;19.0;85;3.31810000910469;49.8348783529436;9.947440142942227;EN PLACE
Quartier de Neuville;Ecole primaire Henri Arnould;5.0;170;3.3180034135324;49.8350647247625;9.947440142942227;EN PLACE
Quartier de Neuville;Ecole primaire Henri Arnould;5.0;130;3.31798348760849;49.8351106524193;9.947440142942227;EN PLACE
Quartier de Neuville;Ecole primaire Henri Arnould;5.0;120;3.31796758697494;49.8351541929498;9.947440142942227;EN PLACE
Quartier de Neuville;Ecole primaire Henri Arnould;5.0;180;3.3179372651852;49.835242222099;9.947440142942227;EN PLACE
Quartier de Neuville;Ecole primaire Henri Arnould;17.0;160;3.31774838607768;49.8357768294618;9.947440142942227;EN PLACE
Quartier Remicourt;Rue Gaston Bonnier;8.0;35;3.29241718255254;49.8586679518992;9.947440142942227;EN PLACE
Quartier Remicourt;Rue Gaston Bonnier;8.0;35;3.29235302228006;49.858619675318;9.947440142942227;EN PLACE
Quartier Remicourt;Rue Gaston Bonnier;8.0;35;3.29227963764374;49.8585657765241;9.947440142942227;EN PLACE
Quartier Remicourt;Rue Gaston Bonnier;7.0;30;3.29220787994451;49.8585164956527;9.947440142942227;EN PLACE
Quartier Remicourt;Rue Gaston Bonnier;7.0;30;3.29214895389114;49.8584737090201;9.947440142942227;EN PLACE
Quartier Remicourt;Rue Gaston Bonnier;6.0;30;3.29199523791368;49.8583656874542;9.947440142942227;EN PLACE
Quartier Remicourt;Rue Gaston Bonnier;7.0;35;3.29191749472383;49.8583113937961;9.947440142942227;EN PLACE
Quartier Remicourt;Rue Gaston Bonnier;7.0;35;3.29184219111579;49.8582592337626;9.947440142942227;EN PLACE
Quartier Remicourt;Rue Gaston Bonnier;6.0;30;3.29176909547322;49.8582072102439;9.947440142942227;EN PLACE
Quartier Remicourt;Rue Gaston Bonnier;6.0;40;3.29169268061565;49.858153341082;9.947440142942227;EN PLACE
Quartier Remicourt;Rue Gaston Bonnier;6.0;35;3.29161781747464;49.858101036859;9.947440142942227;EN PLACE
Quartier Remicourt;Rue Gaston Bonnier;6.0;35;3.29154582623864;49.8580494384042;9.947440142942227;EN PLACE
Quartier Remicourt;Rue Gaston Bonnier;6.0;30;3.29146962282351;49.8579938576766;9.947440142942227;EN PLACE
Quartier Remicourt;Rue Gaston Bonnier;6.0;150;3.29136661689853;49.8580672717419;9.947440142942227;EN PLACE
Quartier Remicourt;Rue Gaston Bonnier;6.0;140;3.29139291417442;49.8580850355583;9.947440142942227;EN PLACE
Quartier Remicourt;Rue Gaston Bonnier;6.0;154;3.29143120969052;49.8581113878896;9.947440142942227;EN PLACE
Quartier Remicourt;Rue Gaston Bonnier;6.0;154;3.29147226782202;49.8581383276233;9.947440142942227;EN PLACE
Quartier Remicourt;Rue Gaston Bonnier;6.0;150;3.2915105616601;49.8581643832458;9.947440142942227;EN PLACE
Quartier Remicourt;Rue Gaston Bonnier;6.0;165;3.29155115956927;49.858191323195;9.947440142942227;EN PLACE
Quartier Remicourt;Rue Gaston Bonnier;6.0;105;3.29160417866395;49.8582203144861;9.947440142942227;EN PLACE
Quartier Remicourt;Rue Gaston Bonnier;6.0;150;3.29165124905045;49.8582540738074;9.947440142942227;EN PLACE
Quartier Remicourt;Rue Gaston Bonnier;6.0;165;3.29168817060588;49.858281320425;9.947440142942227;EN PLACE
Quartier Remicourt;Rue Gaston Bonnier;6.0;150;3.29175785004094;49.8583301788325;9.947440142942227;EN PLACE
Quartier Remicourt;Rue Gaston Bonnier;6.0;155;3.29182846232815;49.8583820053421;9.947440142942227;EN PLACE
Quartier Remicourt;Rue Gaston Bonnier;6.0;170;3.29185709226808;49.8584054092921;9.947440142942227;EN PLACE
Quartier Remicourt;Rue Gaston Bonnier;6.0;155;3.29200847171354;49.8585164675454;9.947440142942227;EN PLACE
Quartier Remicourt;Rue Gaston Bonnier;6.0;160;3.29204632311904;49.8585451969671;9.947440142942227;EN PLACE
Quartier Remicourt;Rue Gaston Bonnier;17.0;155;3.29232620451864;49.8587843015443;9.947440142942227;EN PLACE
Quartier Remicourt;Rue Gaston Bonnier;15.0;115;3.2923347425573;49.8588306317227;9.947440142942227;EN PLACE
Quartier Remicourt;Rue Gaston Bonnier;11.0;85;3.29227314759963;49.8588289968344;9.947440142942227;EN PLACE
Quartier Remicourt;Rue Gaston Bonnier;23.0;195;3.29274502434754;49.8586466250223;9.947440142942227;EN PLACE
Quartier Remicourt;Rue Gaston Bonnier;23.0;100;3.29274951439509;49.8586278956012;9.947440142942227;EN PLACE
Quartier Remicourt;Rue Gaston Bonnier;22.0;190;3.29280471960516;49.858637568398;9.947440142942227;EN PLACE
Quartier Remicourt;Rue Gaston Bonnier;22.0;140;3.29279651251898;49.8586488782367;9.947440142942227;EN PLACE
Quartier Remicourt;Rue Gaston Bonnier;23.0;155;3.2928163933716;49.858669331506;9.947440142942227;EN PLACE
Quartier Remicourt;Rue Gaston Bonnier;23.0;140;3.29288453244226;49.8586902640847;9.947440142942227;EN PLACE
Quartier Remicourt;Rue Gaston Bonnier;23.0;130;3.29293798872401;49.8587153904611;9.947440142942227;EN PLACE
Quartier Remicourt;Rue Gaston Bonnier;23.0;145;3.29294951424729;49.8587216020168;9.947440142942227;EN PLACE
Quartier Remicourt;Rue Gaston Bonnier;22.0;105;3.29300093827036;49.8587128626139;9.947440142942227;EN PLACE
Quartier Remicourt;Rue Gaston Bonnier;22.0;150;3.29307829461366;49.858737931987;9.947440142942227;EN PLACE
Quartier Remicourt;Rue Fournier;17.0;170;3.29005945055048;49.8585046988492;12.082191780821917;EN PLACE
Quartier Remicourt;Rue Fournier;18.0;175;3.29001179692582;49.8585300079366;12.082191780821917;EN PLACE
Quartier Remicourt;Rue Fournier;10.0;150;3.28997149285939;49.8585548232583;12.082191780821917;EN PLACE
Quartier Remicourt;Rue Fournier;17.0;160;3.28992040161496;49.8585834681813;12.082191780821917;EN PLACE
Quartier Remicourt;Rue Fournier;14.0;150;3.28986124658875;49.8586553449343;12.082191780821917;EN PLACE
Quartier Remicourt;Rue Fournier;15.0;180;3.29013235885494;49.8587955592605;12.082191780821917;EN PLACE
Quartier Remicourt;Rue Fournier;14.0;70;3.29019178032104;49.858745026965;12.082191780821917;EN PLACE
Quartier Remicourt;Rue Fournier;14.0;100;3.29015902495147;49.8586743661443;12.082191780821917;EN PLACE
Quartier Remicourt;Rue Fournier;5.0;130;3.29172878386407;49.8586397509172;12.082191780821917;EN PLACE
Quartier Remicourt;Rue Fournier;5.0;130;3.29176772028572;49.858617076331;12.082191780821917;EN PLACE
Quartier Remicourt;Rue Fournier;20.0;140;3.29188507774793;49.8585648006934;12.082191780821917;EN PLACE
Quartier Remicourt;Rue Fournier;20.0;125;3.29192532111619;49.8585299415726;12.082191780821917;EN PLACE
Quartier Remicourt;Rue Fournier;20.0;140;3.29194160355227;49.858564368884;12.082191780821917;EN PLACE
Quartier de l'Europe;Rue Albert Calmette;13.0;105;3.29034695916253;49.8599413948039;9.947440142942227;EN PLACE
Quartier de l'Europe;Rue Albert Calmette;16.0;90;3.29047521331639;49.8598822914645;9.947440142942227;EN PLACE
Quartier de l'Europe;Rue Albert Calmette;22.0;145;3.29048456255457;49.8598716244885;9.947440142942227;EN PLACE
Quartier de l'Europe;Rue Albert Calmette;8.0;100;3.29059140942702;49.8597710082046;9.947440142942227;EN PLACE
Quartier de l'Europe;Rue Albert Calmette;22.0;255;3.29091109581087;49.8593196272728;9.947440142942227;EN PLACE
Quartier de l'Europe;Rue Marconi;10.0;75;3.29107283928458;49.8596534141069;9.947440142942227;EN PLACE
Quartier de l'Europe;Rue Marconi;11.0;110;3.29101435105936;49.8595841470237;9.947440142942227;SUPPRIMÉ
Quartier de l'Europe;Rue Marconi;13.0;85;3.29106266752659;49.8595460010634;9.947440142942227;EN PLACE
Quartier de l'Europe;Rue Marconi;10.0;80;3.29120702755653;49.8594572341932;9.947440142942227;EN PLACE
Quartier de l'Europe;Rue Marconi;6.0;50;3.29134811248471;49.8594388340161;9.947440142942227;EN PLACE
Quartier de l'Europe;Rue Marconi;22.0;190;3.29180707655272;49.8594562777757;9.947440142942227;EN PLACE
Quartier de l'Europe;Rue Marconi;13.0;170;3.29212271241974;49.8594854727341;9.947440142942227;EN PLACE
Quartier de l'Europe;Rue Marconi;15.0;130;3.29251268467767;49.8596924513286;9.947440142942227;EN PLACE
Quartier de l'Europe;Rue Marconi;9.0;140;3.29251861675685;49.859572639051;9.947440142942227;EN PLACE
Quartier de l'Europe;Rue Marconi;21.0;175;3.29336155253046;49.8598044726623;9.947440142942227;EN PLACE
Quartier de l'Europe;Rue Joliot Curie;10.0;140;3.29356681631094;49.8599753078143;9.947440142942227;EN PLACE
Quartier de l'Europe;Rue Joliot Curie;10.0;130;3.29354551750057;49.859926028395;9.947440142942227;EN PLACE
Quartier de l'Europe;Rue Joliot Curie;10.0;135;3.29351599824654;49.8598758264148;9.947440142942227;EN PLACE
Quartier de l'Europe;Rue Joliot Curie;11.0;130;3.29346360105112;49.8597796871081;9.947440142942227;EN PLACE
Quartier de l'Europe;Rue Joliot Curie;11.0;120;3.29342907446839;49.8597216534061;9.947440142942227;EN PLACE
Quartier de l'Europe;Rue Joliot Curie;11.0;115;3.29339015096311;49.8596664824644;9.947440142942227;EN PLACE
Quartier de l'Europe;Rue Joliot Curie;11.0;100;3.29335344884478;49.8596141595441;9.947440142942227;EN PLACE
Quartier de l'Europe;Rue Joliot Curie;11.0;95;3.29332338139561;49.8595643158019;9.947440142942227;EN PLACE
Quartier de l'Europe;Rue Joliot Curie;9.0;95;3.29328615927916;49.8595173417068;9.947440142942227;EN PLACE
Quartier de l'Europe;Rue Joliot Curie;11.0;95;3.29325390485528;49.8594710690393;9.947440142942227;EN PLACE
Quartier de l'Europe;Rue Joliot Curie;11.0;150;3.29320617563639;49.8594191287311;9.947440142942227;EN PLACE
Quartier de l'Europe;Rue Joliot Curie;10.0;100;3.29316514792779;49.8593817902259;9.947440142942227;EN PLACE
Quartier de l'Europe;Rue Joliot Curie;10.0;110;3.29311853021615;49.859331272999;9.947440142942227;EN PLACE
Quartier de l'Europe;Rue Joliot Curie;7.0;75;3.29306812307359;49.8592928880011;9.947440142942227;EN PLACE
Quartier de l'Europe;Rue Joliot Curie;5.0;80;3.29317037625274;49.8595236805292;9.947440142942227;EN PLACE
Quartier de l'Europe;Rue Joliot Curie;11.0;45;3.29292393029969;49.8593463573565;9.947440142942227;SUPPRIMÉ
Quartier de l'Europe;Rue Joliot Curie;10.0;45;3.2933339702365;49.8593009252347;9.947440142942227;EN PLACE
Quartier de l'Europe;Rue Joliot Curie;15.0;75;3.2933149364743;49.8593159455585;9.947440142942227;EN PLACE
Quartier de l'Europe;Rue Joliot Curie;15.0;115;3.29330400366317;49.8593328480355;9.947440142942227;EN PLACE
Quartier de l'Europe;Rue Joliot Curie;15.0;95;3.29332686943072;49.8593451537589;9.947440142942227;EN PLACE
Quartier de l'Europe;Rue Joliot Curie;15.0;90;3.29334732478427;49.8593215727237;9.947440142942227;EN PLACE
Quartier de l'Europe;Rue Joliot Curie;14.0;90;3.29370258433523;49.8593997516827;9.947440142942227;EN PLACE
Quartier de l'Europe;Rue Joliot Curie;8.0;80;3.29350695891435;49.8595880001974;9.947440142942227;EN PLACE
Quartier de l'Europe;Rue Joliot Curie;7.0;100;3.29366373808741;49.859837202478;9.947440142942227;EN PLACE
Quartier de l'Europe;Rue André Godin;6.0;40;3.29734507256988;49.8607657619281;9.947440142942227;EN PLACE
Quartier de l'Europe;Rue Hertz;13.0;140;3.29705200114132;49.8606474101125;9.947440142942227;EN PLACE
Quartier de l'Europe;Rue Hertz;5.0;70;3.29636115876669;49.8604651129268;9.947440142942227;EN PLACE
Quartier de l'Europe;Rue Hertz;5.0;70;3.29620145624487;49.8604436320848;9.947440142942227;EN PLACE
Quartier de l'Europe;Rue Hertz;4.0;55;3.29592118121654;49.8604267227108;9.947440142942227;EN PLACE
Quartier de l'Europe;Rue Hertz;5.0;75;3.29569315956006;49.8604172924617;9.947440142942227;EN PLACE
Quartier de l'Europe;Rue Hertz;4.0;60;3.29560782582677;49.8604117938387;9.947440142942227;EN PLACE
Quartier de l'Europe;Rue Hertz;5.0;75;3.29552395498174;49.8604053411767;9.947440142942227;EN PLACE
Quartier de l'Europe;Rue Hertz;4.0;60;3.29536212321284;49.8603967002856;9.947440142942227;EN PLACE
Quartier de l'Europe;Rue Hertz;5.0;70;3.29519071744898;49.8603857052516;9.947440142942227;Essouché
Quartier de l'Europe;Rue Hertz;4.0;70;3.29511053232275;49.8603806698216;9.947440142942227;EN PLACE
Quartier de l'Europe;Rue Hertz;4.0;70;3.29494722647774;49.8603715564661;9.947440142942227;EN PLACE
Quartier de l'Europe;Rue Hertz;5.0;80;3.29461399086953;49.8603523944978;9.947440142942227;EN PLACE
Quartier de l'Europe;Rue Hertz;7.0;70;3.29422487267165;49.8603338418138;9.947440142942227;EN PLACE
Quartier de l'Europe;Rue Hertz;18.0;190;3.29414551198052;49.8604718946085;9.947440142942227;EN PLACE
Quartier de l'Europe;Rue Hertz;5.0;30;3.29395027504855;49.860281259;9.947440142942227;EN PLACE
Quartier de l'Europe;Rue Hertz;6.0;25;3.29382625475647;49.8603515352216;9.947440142942227;EN PLACE
Quartier de l'Europe;Rue Hertz;9.0;50;3.29376131244129;49.8602094545455;9.947440142942227;EN PLACE
Quartier de l'Europe;Rue Hertz;12.0;105;3.29338032710474;49.860428858969;9.947440142942227;EN PLACE
Quartier de l'Europe;Rue Hertz;17.0;140;3.29133030562739;49.8603353593618;9.947440142942227;SUPPRIMÉ
Quartier de l'Europe;Rue Hertz;7.0;125;3.29128968031325;49.8603040806121;9.947440142942227;EN PLACE
Quartier de l'Europe;Rue Hertz;7.0;100;3.29122861941613;49.8602994733878;9.947440142942227;EN PLACE
Quartier de l'Europe;Rue Hertz;7.0;105;3.29083579489258;49.8602756888979;9.947440142942227;EN PLACE
Quartier de l'Europe;Rue Hertz;7.0;120;3.29077546697128;49.8602710787238;9.947440142942227;EN PLACE
Quartier de l'Europe;Rue Hertz;7.0;85;3.29075644210828;49.8601584560354;9.947440142942227;EN PLACE
Quartier de l'Europe;Rue Hertz;16.0;180;3.29034953340032;49.8602441631803;9.947440142942227;EN PLACE
Quartier de l'Europe;Rue Hertz;22.0;250;3.29011199517828;49.8601120936868;9.947440142942227;EN PLACE
Quartier de l'Europe;Rue Hertz;22.0;180;3.29128607366977;49.8600261070052;9.947440142942227;EN PLACE
Quartier de l'Europe;Rue Hertz;22.0;170;3.29131579905602;49.8600486155986;9.947440142942227;EN PLACE
Quartier de l'Europe;Rue Hertz;22.0;175;3.29133920831895;49.8600271682329;9.947440142942227;EN PLACE
Quartier de l'Europe;Rue Hertz;22.0;195;3.29150472002764;49.8600043118184;9.947440142942227;EN PLACE
Quartier de l'Europe;Rue Hertz;21.0;205;3.29166133890482;49.8600663313674;9.947440142942227;EN PLACE
Quartier de l'Europe;Rue Hertz;21.0;190;3.29176917621312;49.8600524069206;9.947440142942227;EN PLACE
Quartier de l'Europe;Rue Hertz;19.0;75;3.29181852379989;49.8600875872864;9.947440142942227;EN PLACE
Quartier de l'Europe;Rue Hertz;14.0;150;3.29250215841263;49.8601224966631;9.947440142942227;EN PLACE
Quartier de l'Europe;Rue Hertz;14.0;70;3.29281481823007;49.8601446261513;9.947440142942227;EN PLACE
Quartier de l'Europe;Rue Hertz;14.0;90;3.29283517209268;49.8601193219896;9.947440142942227;EN PLACE
Quartier de l'Europe;Rue Hertz;14.0;115;3.29285573157561;49.8601461909654;9.947440142942227;EN PLACE
Quartier de l'Europe;Rue Hertz;14.0;65;3.2933670468417;49.860150585921;9.947440142942227;EN PLACE
Quartier de l'Europe;Rue Hertz;14.0;90;3.29337784920677;49.8601525476322;9.947440142942227;EN PLACE
Quartier de l'Europe;Rue Hertz;10.0;140;3.29431046597927;49.8601600468959;9.947440142942227;EN PLACE
Quartier de l'Europe;Rue Hertz;11.0;90;3.29441181307585;49.8602005081209;9.947440142942227;EN PLACE
Quartier de l'Europe;Rue Hertz;20.0;125;3.2945773221314;49.8602093200068;9.947440142942227;EN PLACE
Quartier de l'Europe;Rue Hertz;21.0;180;3.29462601818931;49.8602053400204;9.947440142942227;EN PLACE
Quartier de l'Europe;Rue Hertz;12.0;175;3.29483646658808;49.8601962151218;9.947440142942227;EN PLACE
Quartier de l'Europe;Rue Hertz;5.0;145;3.29510021017305;49.8601842884492;9.947440142942227;EN PLACE
Quartier de l'Europe;Rue Hertz;27.0;175;3.29520275863602;49.8601938456322;9.947440142942227;EN PLACE
Quartier de l'Europe;Rue Hertz;19.0;210;3.29512722317141;49.8602457254595;9.947440142942227;EN PLACE
Quartier de l'Europe;Rue Hertz;11.0;120;3.29601167258629;49.8602582626498;9.947440142942227;EN PLACE
Quartier de l'Europe;Rue Hertz;18.0;135;3.29608467417167;49.8602609393881;9.947440142942227;EN PLACE
Quartier de l'Europe;Rue Hertz;18.0;175;3.29613479778002;49.8602497052387;9.947440142942227;EN PLACE
Quartier de l'Europe;Rue Hertz;18.0;175;3.29610694784628;49.8602975491755;9.947440142942227;EN PLACE
Quartier de l'Europe;Rue Hertz;7.0;145;3.29636067163566;49.8602785091792;9.947440142942227;SUPPRIMÉ
Quartier de l'Europe;Rue Hertz;19.0;165;3.29646953332324;49.8603465828616;9.947440142942227;EN PLACE
Quartier de l'Europe;Rue Hertz;17.0;150;3.29666350968364;49.8601922044243;9.947440142942227;EN PLACE
Quartier de l'Europe;Rue Hertz;17.0;165;3.29674531166736;49.8601698011001;9.947440142942227;EN PLACE
Quartier de l'Europe;Rue Berthollet;5.0;170;3.29606914217259;49.8600407311101;9.947440142942227;EN PLACE
Quartier de l'Europe;Rue Berthollet;7.0;60;3.29424329826635;49.8600728590406;9.947440142942227;EN PLACE
Quartier du Centre-Ville;Square Churchill;4.0;15;3.2902854053133;49.8485424875395;12.167123287671233;EN PLACE
Quartier de l'Europe;Local Espaces Verts Europe;16.0;155;3.29208022509535;49.8606319000764;9.947440142942227;EN PLACE
Quartier de l'Europe;Local Espaces Verts Europe;4.0;110;3.29206215365197;49.8606608467664;9.947440142942227;ABATTU
Quartier de l'Europe;Local Espaces Verts Europe;18.0;230;3.29152965984352;49.8607499701684;9.947440142942227;SUPPRIMÉ
Quartier de l'Europe;Rue Mariotte;17.0;115;3.29767441485026;49.8595522395567;9.947440142942227;EN PLACE
Quartier de l'Europe;Rue Mariotte;18.0;125;3.29747121785136;49.8597072490389;9.947440142942227;EN PLACE
Quartier de l'Europe;Rue Mariotte;18.0;125;3.29737490309987;49.859769984154;9.947440142942227;EN PLACE
Quartier de l'Europe;Rue Mariotte;13.0;90;3.29719203025385;49.8597264475972;9.947440142942227;EN PLACE
Quartier de l'Europe;Rue Mariotte;14.0;120;3.29714091668416;49.8597109469578;9.947440142942227;EN PLACE
Quartier de l'Europe;Rue Mariotte;14.0;105;3.29714641512527;49.8597329247088;9.947440142942227;EN PLACE
Quartier de l'Europe;Rue Mariotte;14.0;100;3.29710068364919;49.859719725487;9.947440142942227;EN PLACE
Quartier de l'Europe;Rue Mariotte;14.0;105;3.2971621238974;49.85966344143;9.947440142942227;EN PLACE
Quartier de l'Europe;Rue Mariotte;14.0;125;3.29722690636111;49.8596047106557;9.947440142942227;EN PLACE
Quartier de l'Europe;Rue Mariotte;14.0;100;3.29724634277584;49.859659333596;9.947440142942227;EN PLACE
Quartier de l'Europe;Eglise Jean XXIII;15.0;85;3.29751058333876;49.8598274530029;9.947440142942227;EN PLACE
Quartier de l'Europe;Eglise Jean XXIII;14.0;70;3.29754291471851;49.859823095205;9.947440142942227;EN PLACE
Quartier de l'Europe;Eglise Jean XXIII;14.0;150;3.29767599386328;49.8598194440393;9.947440142942227;EN PLACE
Quartier de l'Europe;Eglise Jean XXIII;14.0;135;3.29763130876286;49.8598490263661;9.947440142942227;EN PLACE
Quartier de l'Europe;Eglise Jean XXIII;15.0;150;3.2977564773169;49.8598758190126;9.947440142942227;EN PLACE
Quartier Remicourt;Cimetière Saint-Jean;11.0;150;3.28980486926846;49.8574402835029;9.947440142942227;EN PLACE
Quartier Remicourt;Cimetière Saint-Jean;3.0;120;3.29288243639898;49.8585566884161;9.947440142942227;EN PLACE
Quartier Remicourt;Cimetière Saint-Jean;16.0;110;3.28976785412038;49.8575226775407;9.947440142942227;EN PLACE
Quartier Remicourt;Cimetière Saint-Jean;18.0;210;3.2897752786752;49.8575351389405;9.947440142942227;EN PLACE
Quartier Remicourt;Cimetière Saint-Jean;6.0;55;3.28978800649627;49.8575849329149;9.947440142942227;EN PLACE
Quartier de l'Europe;Square des Marronniers;18.0;155;3.30170751336688;49.8618709283881;9.947440142942227;EN PLACE
Quartier de l'Europe;Square des Marronniers;18.0;195;3.30163176151948;49.8618701645928;9.947440142942227;EN PLACE
Quartier de l'Europe;Square des Marronniers;18.0;100;3.30161027459064;49.8618426450337;9.947440142942227;EN PLACE
Quartier de l'Europe;Square des Marronniers;18.0;175;3.301557865424;49.8618094977122;9.947440142942227;EN PLACE
Quartier de l'Europe;Square des Marronniers;23.0;265;3.30144027386309;49.8618216724583;9.947440142942227;EN PLACE
Quartier de l'Europe;Square des Marronniers;8.0;100;3.30126413748053;49.861757928714;9.947440142942227;EN PLACE
Quartier de l'Europe;Square des Marronniers;22.0;215;3.30121088761949;49.8617067187925;9.947440142942227;EN PLACE
Quartier de l'Europe;Square des Marronniers;16.0;190;3.30131082916494;49.8615700361391;9.947440142942227;EN PLACE
Quartier de l'Europe;Square des Marronniers;14.0;130;3.30157837551366;49.8615470322667;9.947440142942227;EN PLACE
Quartier de l'Europe;Square des Marronniers;24.0;215;3.301626383274;49.8615820932759;9.947440142942227;EN PLACE
Quartier de l'Europe;Square des Marronniers;17.0;120;3.30167071103714;49.8616166863231;9.947440142942227;EN PLACE
Quartier de l'Europe;Square des Marronniers;22.0;130;3.30170760401321;49.8616375124288;9.947440142942227;EN PLACE
Quartier de l'Europe;Square des Marronniers;21.0;145;3.30172377380715;49.8616360467908;9.947440142942227;EN PLACE
Quartier de l'Europe;Square des Marronniers;5.0;20;3.30176334866883;49.8611525746606;9.947440142942227;Essouché
Quartier de l'Europe;Square des Marronniers;6.0;40;3.30197429306254;49.8611463009784;9.947440142942227;EN PLACE
Quartier de l'Europe;Square des Marronniers;9.0;90;3.30207334932325;49.8612384523501;9.947440142942227;Non essouché
Quartier de l'Europe;Square des Marronniers;5.0;120;3.30196369670948;49.8613490135888;9.947440142942227;SUPPRIMÉ
Quartier de l'Europe;Square des Marronniers;15.0;95;3.30200603570543;49.8614202164334;9.947440142942227;EN PLACE
Quartier de l'Europe;Square des Marronniers;9.0;75;3.30194880501665;49.8615667783238;9.947440142942227;EN PLACE
Quartier de l'Europe;Square des Marronniers;6.0;80;3.30206523516759;49.8616068974736;9.947440142942227;EN PLACE
Quartier de l'Europe;Square des Marronniers;17.0;130;3.30230397381638;49.861562572259;9.947440142942227;EN PLACE
Quartier de l'Europe;Square des Marronniers;13.0;120;3.30236039837684;49.861528679371;9.947440142942227;EN PLACE
Quartier de l'Europe;Square des Marronniers;16.0;80;3.30229025544542;49.8614813146067;9.947440142942227;EN PLACE
Quartier de l'Europe;Square des Marronniers;16.0;80;3.30224306653589;49.8614600395843;9.947440142942227;EN PLACE
Quartier de l'Europe;Square des Marronniers;16.0;70;3.3022893098637;49.8614456634291;9.947440142942227;EN PLACE
Quartier de l'Europe;Square des Marronniers;15.0;90;3.30247472314542;49.8614618418042;9.947440142942227;EN PLACE
Quartier de l'Europe;Square des Marronniers;7.0;100;3.30259057355682;49.8616521859263;9.947440142942227;SUPPRIMÉ
Quartier de l'Europe;Square des Marronniers;7.0;80;3.30261148815833;49.8617068032392;9.947440142942227;Essouché
Quartier de l'Europe;Square des Marronniers;6.0;100;3.3025187223315;49.861688968651;9.947440142942227;EN PLACE
Quartier de l'Europe;Square des Marronniers;8.0;90;3.30197092791951;49.8617012579127;9.947440142942227;EN PLACE
Quartier de l'Europe;Square des Marronniers;18.0;160;3.30211600041058;49.8617351268868;9.947440142942227;EN PLACE
Quartier de l'Europe;Square des Marronniers;17.0;190;3.30216036240029;49.8617754259273;9.947440142942227;Essouché
Quartier de l'Europe;Square des Marronniers;16.0;145;3.30221868116256;49.8618128363499;9.947440142942227;Essouché
Quartier de l'Europe;Square des Marronniers;13.0;105;3.30226378054776;49.8618536081509;9.947440142942227;EN PLACE
Quartier de l'Europe;Square des Marronniers;10.0;80;3.30231699931274;49.8618991141052;9.947440142942227;EN PLACE
Quartier de l'Europe;Square des Marronniers;16.0;135;3.302383521517;49.8619559965164;9.947440142942227;EN PLACE
Quartier de l'Europe;Square des Marronniers;15.0;140;3.30244513913993;49.8619296961813;9.947440142942227;EN PLACE
Quartier de l'Europe;Square des Marronniers;15.0;145;3.30247211148947;49.8618896972293;9.947440142942227;EN PLACE
Quartier de l'Europe;Square des Marronniers;16.0;125;3.30240087806852;49.8619065121951;9.947440142942227;EN PLACE
Quartier de l'Europe;Square des Marronniers;17.0;120;3.30239402314491;49.8618665967657;9.947440142942227;EN PLACE
Quartier de l'Europe;Square des Marronniers;16.0;105;3.30228335170855;49.8618055458355;9.947440142942227;EN PLACE
Quartier de l'Europe;Square des Marronniers;16.0;110;3.30236137532303;49.8618177131985;9.947440142942227;EN PLACE
Quartier de l'Europe;Square des Marronniers;12.0;80;3.30246268672311;49.8617884633563;9.947440142942227;EN PLACE
Quartier de l'Europe;Square des Marronniers;13.0;80;3.3024555569374;49.8618260368156;9.947440142942227;EN PLACE
Quartier de l'Europe;Square des Marronniers;12.0;80;3.30251502307373;49.8618092512298;9.947440142942227;EN PLACE
Quartier de l'Europe;Square des Marronniers;19.0;160;3.30268772616366;49.8617898075044;9.947440142942227;EN PLACE
Quartier de l'Europe;Square des Marronniers;12.0;85;3.30265784375948;49.8619591198011;9.947440142942227;EN PLACE
Quartier de l'Europe;Square des Marronniers;12.0;85;3.30263222692305;49.8619796248087;9.947440142942227;EN PLACE
Quartier de l'Europe;Square des Marronniers;13.0;75;3.30260525480569;49.8620200993927;9.947440142942227;EN PLACE
Quartier de l'Europe;Square des Marronniers;13.0;95;3.30264210142473;49.862032843767;9.947440142942227;EN PLACE
Quartier de l'Europe;Square des Marronniers;23.0;210;3.30276946782295;49.8620567736173;9.947440142942227;EN PLACE
Quartier de l'Europe;Square des Marronniers;12.0;55;3.30258567210873;49.8621898607097;9.947440142942227;EN PLACE
Quartier de l'Europe;Square des Marronniers;12.0;65;3.30237384175481;49.862184205574;9.947440142942227;EN PLACE
Quartier de l'Europe;Square des Marronniers;12.0;95;3.30249472320133;49.8623545706933;9.947440142942227;EN PLACE
Quartier de l'Europe;Square des Marronniers;17.0;125;3.30275213023777;49.8623572608358;9.947440142942227;EN PLACE
Quartier de l'Europe;Square des Marronniers;19.0;140;3.30277859608126;49.8623557685099;9.947440142942227;EN PLACE
Quartier de l'Europe;Square des Marronniers;19.0;180;3.30280126799434;49.8622107194679;9.947440142942227;EN PLACE
Quartier de l'Europe;Square des Marronniers;22.0;160;3.30296382809833;49.8622169720528;9.947440142942227;EN PLACE
Quartier de l'Europe;Square des Marronniers;24.0;240;3.30311224741043;49.8621947358729;9.947440142942227;EN PLACE
Quartier de l'Europe;Square des Marronniers;10.0;80;3.30302207203957;49.8619938710091;9.947440142942227;EN PLACE
Quartier de l'Europe;Square des Marronniers;10.0;80;3.30298615816903;49.862014401764;9.947440142942227;EN PLACE
Quartier de l'Europe;Square des Marronniers;17.0;105;3.30291750002569;49.8619694097381;9.947440142942227;EN PLACE
Quartier de l'Europe;Square des Marronniers;16.0;115;3.30287970597222;49.8619210142879;9.947440142942227;EN PLACE
Quartier de l'Europe;Square des Marronniers;16.0;120;3.3029470605353;49.8618699804249;9.947440142942227;EN PLACE
Quartier de l'Europe;Square des Marronniers;17.0;145;3.30317373243123;49.8620224928056;9.947440142942227;EN PLACE
Quartier de l'Europe;Square des Marronniers;17.0;180;3.30321265694138;49.862013839654;9.947440142942227;EN PLACE
Quartier de l'Europe;Square des Marronniers;16.0;150;3.30344853011103;49.8619818778557;9.947440142942227;EN PLACE
Quartier de l'Europe;Square des Marronniers;16.0;170;3.30344245861331;49.8619500420183;9.947440142942227;EN PLACE
Quartier de l'Europe;Square des Marronniers;15.0;115;3.30355879819045;49.8619749480027;9.947440142942227;EN PLACE
Quartier de l'Europe;Rue du Capitaine Dumont;20.0;190;3.30056604760125;49.8615709629473;9.947440142942227;EN PLACE
Quartier de l'Europe;Rue du Capitaine Dumont;7.0;110;3.30126966263242;49.8620276824113;9.947440142942227;EN PLACE
Quartier de l'Europe;Rue du Capitaine Dumont;9.0;105;3.3012828562527;49.8620826164417;9.947440142942227;EN PLACE
Quartier de l'Europe;Rue du Capitaine Dumont;23.0;240;3.3011894744207;49.8621473205097;9.947440142942227;EN PLACE
Quartier de l'Europe;Rue du Capitaine Dumont;8.0;40;3.30078015240189;49.8621819032232;9.947440142942227;SUPPRIMÉ
Quartier de l'Europe;Rue du Capitaine Dumont;11.0;60;3.30076997696355;49.8621709348104;9.947440142942227;EN PLACE
Quartier de l'Europe;Rue du Capitaine Dumont;9.0;60;3.30074517381205;49.8621736703062;9.947440142942227;EN PLACE
Quartier de l'Europe;Rue du Capitaine Dumont;25.0;165;3.30076833944259;49.8622051073724;9.947440142942227;EN PLACE
Quartier de l'Europe;Rue du Capitaine Dumont;18.0;140;3.30073770754333;49.8622328145032;9.947440142942227;EN PLACE
Quartier de l'Europe;Rue du Capitaine Dumont;10.0;60;3.3007072353346;49.8622094183574;9.947440142942227;EN PLACE
Quartier de l'Europe;Rue du Capitaine Dumont;16.0;95;3.30065007254814;49.862258880263;9.947440142942227;EN PLACE
Quartier de l'Europe;Rue du Capitaine Dumont;16.0;100;3.30065334624081;49.8622683793278;9.947440142942227;EN PLACE
Quartier de l'Europe;Rue du Capitaine Dumont;9.0;85;3.30094386972836;49.8622750919063;9.947440142942227;EN PLACE
Quartier de l'Europe;Rue du Capitaine Dumont;9.0;125;3.30091890265996;49.8622501955796;9.947440142942227;EN PLACE
Quartier de l'Europe;Rue du Capitaine Dumont;9.0;105;3.30096756152901;49.8622396760789;9.947440142942227;EN PLACE
Quartier de l'Europe;Rue du Capitaine Dumont;13.0;175;3.30147748862893;49.8622740729727;9.947440142942227;EN PLACE
Quartier de l'Europe;Rue du Capitaine Dumont;7.0;80;3.30146115905594;49.8623888012119;9.947440142942227;EN PLACE
Quartier de l'Europe;Rue du Capitaine Dumont;8.0;180;3.3018071606493;49.862527591502;9.947440142942227;EN PLACE
Quartier de l'Europe;Rue du Capitaine Dumont;11.0;100;3.30260989075092;49.862797170807;9.947440142942227;EN PLACE
Quartier de l'Europe;Rue du Capitaine Dumont;13.0;145;3.30262334406687;49.8628179356419;9.947440142942227;EN PLACE
Quartier de l'Europe;Rue du Capitaine Dumont;13.0;100;3.30269360150627;49.8628070648824;9.947440142942227;EN PLACE
Quartier de l'Europe;Rue du Capitaine Dumont;18.0;210;3.30280559552415;49.8628581882921;9.947440142942227;EN PLACE
Quartier de l'Europe;Rue du Capitaine Dumont;13.0;160;3.30287789131097;49.8626482447008;9.947440142942227;EN PLACE
Quartier de l'Europe;Rue du Capitaine Dumont;8.0;95;3.30233488786412;49.8624856707872;9.947440142942227;EN PLACE
Quartier de l'Europe;Rue du Capitaine Dumont;18.0;150;3.3022103445301;49.862410807457;9.947440142942227;EN PLACE
Quartier de l'Europe;Rue du Capitaine Dumont;20.0;210;3.30213360856156;49.8624145633394;9.947440142942227;EN PLACE
Quartier de l'Europe;Rue du Capitaine Dumont;9.0;70;3.30168641378072;49.8622098019416;9.947440142942227;EN PLACE
Quartier de l'Europe;Rue du Capitaine Dumont;13.0;250;3.3015646410767;49.862012252821;9.947440142942227;EN PLACE
Quartier de l'Europe;Rue du Capitaine Dumont;13.0;125;3.30153578818435;49.8619830871252;9.947440142942227;EN PLACE
Quartier de l'Europe;Rue du Capitaine Dumont;20.0;190;3.30158030031832;49.8619555239475;9.947440142942227;EN PLACE
Quartier de l'Europe;Avenue Buffon;20.0;170;3.30184797277992;49.8602643242174;9.947440142942227;EN PLACE
Quartier de l'Europe;Avenue Buffon;17.0;145;3.30227315551153;49.8603495555476;9.947440142942227;EN PLACE
Quartier de l'Europe;Avenue Buffon;5.0;120;3.302877609986;49.8597137631271;9.947440142942227;ABATTU
Quartier de l'Europe;Avenue Buffon;5.0;110;3.30283896321813;49.8597069652843;9.947440142942227;EN PLACE
Quartier de l'Europe;Avenue Buffon;5.0;110;3.30283479125365;49.8596855831399;9.947440142942227;EN PLACE
Quartier de l'Europe;Avenue Buffon;5.0;125;3.30278845566024;49.8596840339853;9.947440142942227;EN PLACE
Quartier de l'Europe;Avenue Buffon;5.0;115;3.30269907383046;49.8596162746321;9.947440142942227;EN PLACE
Quartier de l'Europe;Avenue Buffon;5.0;140;3.30264805848652;49.8596318518082;9.947440142942227;EN PLACE
Quartier de l'Europe;Avenue Buffon;5.0;135;3.302633189062;49.8596665925748;9.947440142942227;EN PLACE
Quartier de l'Europe;Avenue Buffon;16.0;120;3.30253066911641;49.8597391053213;9.947440142942227;EN PLACE
Quartier de l'Europe;Avenue Buffon;16.0;120;3.30247881814108;49.859738044952;9.947440142942227;SUPPRIMÉ
Quartier de l'Europe;Avenue Buffon;16.0;135;3.30252311693546;49.8597678853972;9.947440142942227;EN PLACE
Quartier de l'Europe;Avenue Buffon;16.0;160;3.3024330475677;49.8598940860309;9.947440142942227;EN PLACE
Quartier de l'Europe;Avenue Buffon;9.0;145;3.30314468265313;49.8594037413036;9.947440142942227;EN PLACE
Quartier de l'Europe;Avenue Buffon;4.0;105;3.30338263095102;49.859212756445;9.947440142942227;EN PLACE
Quartier de l'Europe;Avenue Buffon;12.0;100;3.30360492979578;49.8591261589588;9.947440142942227;EN PLACE
Quartier de l'Europe;Avenue Buffon;12.0;125;3.30354669565453;49.8591025350099;9.947440142942227;SUPPRIMÉ
Quartier de l'Europe;Avenue Buffon;8.0;160;3.3037414901751;49.8589660885637;9.947440142942227;EN PLACE
Quartier de l'Europe;Avenue Buffon;17.0;130;3.30387810436456;49.8588155262179;9.947440142942227;EN PLACE
Quartier de l'Europe;Avenue Buffon;15.0;120;3.30391941031114;49.8588368158292;9.947440142942227;EN PLACE
Quartier de l'Europe;Avenue Buffon;14.0;105;3.3039345527309;49.8587863866408;9.947440142942227;EN PLACE
Quartier de l'Europe;Avenue Buffon;14.0;85;3.30388738057641;49.8587679640046;9.947440142942227;EN PLACE
Quartier de l'Europe;Avenue Buffon;14.0;85;3.30395548106964;49.8585961787299;9.947440142942227;EN PLACE
Quartier de l'Europe;Avenue Buffon;17.0;195;3.30409977907812;49.858624817505;9.947440142942227;EN PLACE
Quartier de l'Europe;Avenue Buffon;8.0;150;3.30401747530441;49.8590043832869;9.947440142942227;EN PLACE
Quartier de l'Europe;Avenue Buffon;15.0;150;3.30409635305484;49.8590369899048;9.947440142942227;EN PLACE
Quartier de l'Europe;Avenue Buffon;15.0;105;3.30408628969899;49.8590759970036;9.947440142942227;EN PLACE
Quartier de l'Europe;Avenue Buffon;15.0;160;3.30409751248177;49.8591082951058;9.947440142942227;EN PLACE
Quartier de l'Europe;Avenue Buffon;15.0;140;3.30399047636375;49.8590396303386;9.947440142942227;EN PLACE
Quartier de l'Europe;Avenue Buffon;15.0;115;3.30395564740289;49.8591181554731;9.947440142942227;EN PLACE
Quartier de l'Europe;Avenue Buffon;9.0;70;3.30400314091377;49.8593138987962;9.947440142942227;EN PLACE
Quartier de l'Europe;Avenue Buffon;20.0;120;3.30402103512091;49.859355212392;9.947440142942227;EN PLACE
Quartier de l'Europe;Avenue Buffon;20.0;155;3.30396002441581;49.8593591670209;9.947440142942227;EN PLACE
Quartier de l'Europe;Avenue Buffon;20.0;130;3.30399564605286;49.8594137487713;9.947440142942227;EN PLACE
Quartier de l'Europe;Avenue Buffon;20.0;125;3.30393169552737;49.8594181856943;9.947440142942227;EN PLACE
Quartier de l'Europe;Avenue Buffon;9.0;60;3.3038874921073;49.859404509557;9.947440142942227;EN PLACE
Quartier de l'Europe;Avenue Buffon;9.0;70;3.30385020039214;49.8594397814068;9.947440142942227;EN PLACE
Quartier de l'Europe;Avenue Buffon;13.0;150;3.3037256089942;49.8592632460954;9.947440142942227;Essouché
Quartier de l'Europe;Avenue Buffon;13.0;160;3.30367144965121;49.8593066421829;9.947440142942227;EN PLACE
Quartier de l'Europe;Avenue Buffon;13.0;180;3.30362612429094;49.8593514403987;9.947440142942227;EN PLACE
Quartier de l'Europe;Avenue Buffon;7.0;75;3.30247280915138;49.8605465771456;9.947440142942227;SUPPRIMÉ
Quartier de l'Europe;Avenue Buffon;14.0;125;3.30225013289412;49.8606949740785;9.947440142942227;EN PLACE
Quartier de l'Europe;Avenue Buffon;14.0;115;3.30220825464113;49.8607012574316;9.947440142942227;Non essouché
Quartier de l'Europe;Avenue Buffon;14.0;200;3.30222163526137;49.8607254694741;9.947440142942227;EN PLACE
Quartier Remicourt;Rond point Jean Bouin;4.0;85;3.31035593764897;49.8542704507583;9.947440142942227;EN PLACE
Quartier de l'Europe;Rue Gustave Eiffel;21.0;140;3.29750724833258;49.8610006495558;9.947440142942227;EN PLACE
Quartier de l'Europe;Rue Gustave Eiffel;21.0;120;3.2974864507157;49.8609810912738;9.947440142942227;EN PLACE
Quartier de l'Europe;Rue Gustave Eiffel;19.0;115;3.29746936440477;49.8609671669213;9.947440142942227;Essouché
Quartier de l'Europe;Rue Gustave Eiffel;15.0;130;3.29744545934308;49.8609663347161;9.947440142942227;EN PLACE
Quartier de l'Europe;Rue Gustave Eiffel;16.0;155;3.2974225810125;49.8609839196339;9.947440142942227;EN PLACE
Quartier de l'Europe;Rue Gustave Eiffel;20.0;130;3.29743874803915;49.8609978454224;9.947440142942227;EN PLACE
Quartier de l'Europe;Rue Gustave Eiffel;20.0;115;3.29748875535736;49.8610036030319;9.947440142942227;EN PLACE
Quartier de l'Europe;Rue Gustave Eiffel;14.0;185;3.29926267019166;49.8618906886627;9.947440142942227;EN PLACE
Quartier de l'Europe;Rue Gustave Eiffel;18.0;180;3.29917399165894;49.861942485876;9.947440142942227;EN PLACE
Quartier de l'Europe;Rue Gustave Eiffel;18.0;190;3.29914544937269;49.8619660876045;9.947440142942227;EN PLACE
Quartier de l'Europe;Rue Gustave Eiffel;18.0;155;3.29919443241607;49.8619797533369;9.947440142942227;EN PLACE
Quartier Saint-Jean;Rond point Georges Pompidou;9.0;70;3.29190961644566;49.8641846827276;9.947440142942227;EN PLACE
Quartier Saint-Jean;Rond point Georges Pompidou;9.0;80;3.29196317040157;49.8642002910363;9.947440142942227;EN PLACE
Quartier Saint-Jean;Rond point Georges Pompidou;9.0;80;3.2919210013301;49.8642208330231;9.947440142942227;EN PLACE
Quartier de l'Europe;Rond point Georges Pompidou;10.0;115;3.29228889622739;49.8641345812353;9.947440142942227;EN PLACE
Quartier de l'Europe;Rond point Georges Pompidou;10.0;115;3.29236626075358;49.864159651018;9.947440142942227;EN PLACE
Quartier de l'Europe;Rond point Georges Pompidou;10.0;95;3.29228411438917;49.8641824278904;9.947440142942227;EN PLACE
Quartier Saint-Jean;Rond point Georges Pompidou;6.0;20;3.29230441474354;49.8643908809978;11.082191780821917;EN PLACE
Quartier Saint-Jean;Rond point Georges Pompidou;6.0;25;3.29227975758037;49.8644515516868;11.082191780821917;EN PLACE
Quartier Saint-Jean;Rond point Georges Pompidou;6.0;90;3.29218536727099;49.8644070912863;9.947440142942227;EN PLACE
Quartier Remicourt;Piscine Jean Bouin;10.0;95;3.30955552173119;49.8532721235718;9.947440142942227;EN PLACE
Quartier Remicourt;Piscine Jean Bouin;11.0;100;3.30946955364334;49.8532818495846;9.947440142942227;EN PLACE
Quartier Remicourt;Piscine Jean Bouin;12.0;115;3.3095315400142;49.8533187730342;9.947440142942227;EN PLACE
Quartier Remicourt;Piscine Jean Bouin;7.0;110;3.30967993838087;49.8530253173451;9.947440142942227;Essouché
Quartier Remicourt;Piscine Jean Bouin;8.0;80;3.30968793504574;49.8529796585096;9.947440142942227;EN PLACE
Quartier Remicourt;Piscine Jean Bouin;7.0;90;3.3097294553681;49.8530066509517;9.947440142942227;EN PLACE
Quartier Remicourt;Piscine Jean Bouin;18.0;200;3.3098779536822;49.8532141409265;9.947440142942227;EN PLACE
Quartier Remicourt;Piscine Jean Bouin;16.0;140;3.30986632166463;49.8533874497443;9.947440142942227;EN PLACE
Quartier Remicourt;Piscine Jean Bouin;14.0;130;3.30994068190701;49.8533733559153;9.947440142942227;EN PLACE
Quartier Remicourt;Piscine Jean Bouin;14.0;120;3.30997845844118;49.8533279798721;9.947440142942227;EN PLACE
Quartier Remicourt;Piscine Jean Bouin;16.0;130;3.30996275861175;49.8532855905031;9.947440142942227;EN PLACE
Quartier Remicourt;Piscine Jean Bouin;14.0;115;3.3101663752699;49.8531253413848;9.947440142942227;EN PLACE
Quartier Remicourt;Piscine Jean Bouin;10.0;80;3.31017172373194;49.8531887923254;9.947440142942227;EN PLACE
Quartier Remicourt;Piscine Jean Bouin;14.0;110;3.31017537747531;49.8532454733749;9.947440142942227;EN PLACE
Quartier Remicourt;Piscine Jean Bouin;10.0;100;3.31017963316954;49.8533107109203;9.947440142942227;EN PLACE
Quartier Remicourt;Piscine Jean Bouin;14.0;105;3.31018337893203;49.853359726396;9.947440142942227;EN PLACE
Quartier Remicourt;Piscine Jean Bouin;14.0;120;3.31018742469519;49.8534205663244;9.947440142942227;EN PLACE
Quartier Remicourt;Piscine Jean Bouin;14.0;130;3.31019222869359;49.8534852072427;9.947440142942227;EN PLACE
Quartier Remicourt;Piscine Jean Bouin;13.0;140;3.30986468304542;49.8539124659946;9.947440142942227;SUPPRIMÉ
Quartier Remicourt;Piscine Jean Bouin;12.0;125;3.30989300981038;49.8539760963302;9.947440142942227;EN PLACE
Quartier Remicourt;Piscine Jean Bouin;14.0;130;3.30980102615319;49.8539639698926;9.947440142942227;EN PLACE
Quartier Remicourt;Piscine Jean Bouin;12.0;125;3.30974680280396;49.853995008002;9.947440142942227;EN PLACE
Quartier Remicourt;Piscine Jean Bouin;11.0;150;3.30971801775706;49.8540317113496;9.947440142942227;EN PLACE
Quartier Remicourt;Piscine Jean Bouin;17.0;165;3.30965700315243;49.8537795755409;9.947440142942227;EN PLACE
Quartier Remicourt;Piscine Jean Bouin;17.0;115;3.30959165230248;49.8538548529582;9.947440142942227;EN PLACE
Quartier Remicourt;Piscine Jean Bouin;17.0;155;3.30946323899285;49.8537765009643;9.947440142942227;EN PLACE
Quartier Remicourt;Piscine Jean Bouin;9.0;95;3.30933799201934;49.8540387592843;9.947440142942227;EN PLACE
Quartier Remicourt;Piscine Jean Bouin;12.0;125;3.30940666144064;49.8540863630132;9.947440142942227;EN PLACE
Quartier Remicourt;Piscine Jean Bouin;16.0;90;3.30910907241451;49.8540588895849;9.947440142942227;EN PLACE
Quartier Remicourt;Piscine Jean Bouin;17.0;105;3.30910129831459;49.8540651494774;9.947440142942227;EN PLACE
Quartier Remicourt;Piscine Jean Bouin;17.0;80;3.3090998674209;49.8540565358226;9.947440142942227;EN PLACE
Quartier Remicourt;Cimetière Saint-Jean;7.0;120;3.28979709524595;49.857709897393;9.947440142942227;EN PLACE
Quartier Remicourt;Cimetière Saint-Jean;7.0;90;3.28979575257152;49.8577161392182;9.947440142942227;EN PLACE
Quartier Saint-Jean;Cimetière Saint-Jean;9.0;130;3.28975949843365;49.8583905506487;9.947440142942227;EN PLACE
Quartier de l'Europe;Rue Boileau;6.0;175;3.30241816435568;49.8631873314199;9.947440142942227;EN PLACE
Quartier de l'Europe;Rue Boileau;6.0;100;3.30219422350232;49.8630930465227;9.947440142942227;EN PLACE
Quartier de l'Europe;Rue Boileau;6.0;155;3.30212731648556;49.863064688248;9.947440142942227;EN PLACE
Quartier de l'Europe;Rue Boileau;6.0;160;3.30204104458122;49.8630260397785;9.947440142942227;EN PLACE
Quartier de l'Europe;Rue Boileau;6.0;150;3.30221979573226;49.8629407402503;9.947440142942227;EN PLACE
Quartier de l'Europe;Rue Boileau;6.0;120;3.30228395788388;49.8629712443764;9.947440142942227;EN PLACE
Quartier de l'Europe;Rue Boileau;6.0;105;3.30234368738104;49.8629985502741;9.947440142942227;EN PLACE
Quartier de l'Europe;Rue Boileau;10.0;100;3.30233288564757;49.8629440264832;9.947440142942227;ABATTU
Quartier du faubourg d'Isle;Avenue Léo Lagrange;5.0;20;3.29869809798877;49.8413184638956;9.947440142942227;REMPLACÉ
Quartier du faubourg d'Isle;Avenue Léo Lagrange;5.0;20;3.29876427543354;49.8413593761091;9.947440142942227;REMPLACÉ
Quartier du faubourg d'Isle;Avenue Léo Lagrange;5.0;20;3.29883223066778;49.8414022814645;9.947440142942227;REMPLACÉ
Quartier du faubourg d'Isle;Avenue Léo Lagrange;5.0;20;3.29898095125692;49.8414920530415;9.947440142942227;REMPLACÉ
Quartier du faubourg d'Isle;Avenue Léo Lagrange;5.0;20;3.29914273257715;49.8415522706005;9.947440142942227;EN PLACE
Quartier du faubourg d'Isle;Avenue Léo Lagrange;5.0;20;3.29923124733896;49.8415663148364;9.947440142942227;REMPLACÉ
Quartier du faubourg d'Isle;Avenue Léo Lagrange;5.0;20;3.29955176008671;49.841617728107;9.947440142942227;REMPLACÉ
Quartier du faubourg d'Isle;Avenue Léo Lagrange;5.0;20;3.29963938587965;49.8416304913492;9.947440142942227;REMPLACÉ
Quartier du faubourg d'Isle;Avenue Léo Lagrange;5.0;40;3.29973429802599;49.8416446636242;9.947440142942227;REMPLACÉ
Quartier du faubourg d'Isle;Avenue Léo Lagrange;5.0;45;3.29981750967709;49.8416569147532;9.947440142942227;EN PLACE
Quartier du faubourg d'Isle;Avenue Léo Lagrange;6.0;40;3.30014739967913;49.8417106849494;9.947440142942227;EN PLACE
Quartier du faubourg d'Isle;Avenue Léo Lagrange;6.0;50;3.30023009681969;49.8417226512015;9.947440142942227;EN PLACE
Quartier du faubourg d'Isle;Avenue Léo Lagrange;8.0;45;3.30032250423952;49.8417359258548;9.947440142942227;EN PLACE
Quartier du faubourg d'Isle;Avenue Léo Lagrange;8.0;40;3.30040608284666;49.8417478906268;9.947440142942227;EN PLACE
Quartier du faubourg d'Isle;Avenue Léo Lagrange;8.0;40;3.30049967226754;49.8417621115204;9.947440142942227;EN PLACE
Quartier du faubourg d'Isle;Avenue Léo Lagrange;6.0;45;3.30070980124699;49.8417933514986;9.947440142942227;REMPLACÉ
Quartier du faubourg d'Isle;Avenue Léo Lagrange;6.0;50;3.30079809258804;49.8418066354228;9.947440142942227;REMPLACÉ
Quartier du faubourg d'Isle;Avenue Léo Lagrange;6.0;35;3.30088108221522;49.841818410766;9.947440142942227;REMPLACÉ
Quartier du faubourg d'Isle;Avenue Léo Lagrange;5.0;20;3.30097496174836;49.841832061434;9.947440142942227;REMPLACÉ
Quartier du faubourg d'Isle;Avenue Léo Lagrange;5.0;20;3.30106325089869;49.8418449648634;9.947440142942227;REMPLACÉ
Quartier du faubourg d'Isle;Avenue Léo Lagrange;5.0;20;3.30121069687544;49.8418670396707;9.947440142942227;REMPLACÉ
Quartier du faubourg d'Isle;Avenue Léo Lagrange;5.0;40;3.30129456691771;49.8418786227616;9.947440142942227;REMPLACÉ
Quartier du faubourg d'Isle;Avenue Léo Lagrange;5.0;40;3.30137667891177;49.8418909709086;9.947440142942227;REMPLACÉ
Quartier du faubourg d'Isle;Avenue Léo Lagrange;6.0;20;3.30146762734023;49.8419044875561;9.947440142942227;REMPLACÉ
Quartier du faubourg d'Isle;Avenue Léo Lagrange;5.0;40;3.30155561198999;49.8419173410502;9.947440142942227;REMPLACÉ
Quartier du faubourg d'Isle;Avenue Léo Lagrange;6.0;90;3.30239902678072;49.8422226723169;9.947440142942227;EN PLACE
Quartier du faubourg d'Isle;Avenue Léo Lagrange;6.0;120;3.30244321724593;49.8422368247099;9.947440142942227;EN PLACE
Quartier du faubourg d'Isle;Avenue Léo Lagrange;8.0;145;3.30248740363182;49.8422500852321;9.947440142942227;EN PLACE
Quartier du faubourg d'Isle;Avenue Léo Lagrange;8.0;120;3.30252284678909;49.8422612887512;9.947440142942227;EN PLACE
Quartier du faubourg d'Isle;Avenue Léo Lagrange;6.0;145;3.30256058795897;49.8422724863365;9.947440142942227;SUPPRIMÉ
Quartier du faubourg d'Isle;Avenue Léo Lagrange;10.0;100;3.30299370955109;49.842374990923;9.947440142942227;EN PLACE
Quartier du faubourg d'Isle;Avenue Léo Lagrange;10.0;75;3.30317905654575;49.8424377592435;9.947440142942227;EN PLACE
Quartier du faubourg d'Isle;Avenue Léo Lagrange;10.0;105;3.3032729670154;49.8424687238346;9.947440142942227;EN PLACE
Quartier du faubourg d'Isle;Avenue Léo Lagrange;10.0;100;3.3033668510123;49.8424949351041;9.947440142942227;EN PLACE
Quartier du faubourg d'Isle;Avenue Léo Lagrange;9.0;110;3.3039422639942;49.8426803947888;9.947440142942227;EN PLACE
Quartier du faubourg d'Isle;Avenue Léo Lagrange;9.0;100;3.3040297222177;49.8427078098194;9.947440142942227;EN PLACE
Quartier du faubourg d'Isle;Avenue Léo Lagrange;9.0;75;3.30412178990968;49.8427375899498;9.947440142942227;EN PLACE
Quartier du faubourg d'Isle;Avenue Léo Lagrange;10.0;65;3.30421293693965;49.842767074806;9.947440142942227;EN PLACE
Quartier du faubourg d'Isle;Avenue Léo Lagrange;10.0;80;3.30431144334832;49.842798027554;9.947440142942227;EN PLACE
Quartier du faubourg d'Isle;Avenue Léo Lagrange;10.0;80;3.30439844321724;49.8428254434978;9.947440142942227;EN PLACE
Quartier du faubourg d'Isle;Avenue Léo Lagrange;9.0;65;3.30462951703193;49.8428973656156;9.947440142942227;EN PLACE
Quartier du faubourg d'Isle;Avenue Léo Lagrange;9.0;70;3.30472250299127;49.8429271437905;9.947440142942227;EN PLACE
Quartier du faubourg d'Isle;Avenue Léo Lagrange;9.0;70;3.30480766175696;49.8429539690341;9.947440142942227;EN PLACE
Quartier du faubourg d'Isle;Avenue Léo Lagrange;5.0;40;3.30493700744417;49.8428401442455;9.947440142942227;EN PLACE
Quartier du faubourg d'Isle;Avenue Léo Lagrange;5.0;30;3.30463046967439;49.8427490987504;9.947440142942227;EN PLACE
Quartier du faubourg d'Isle;Avenue Léo Lagrange;9.0;100;3.30426239083325;49.8425760354647;9.947440142942227;EN PLACE
Quartier du faubourg d'Isle;Avenue Léo Lagrange;9.0;80;3.30414547234883;49.842539186713;9.947440142942227;EN PLACE
Quartier du faubourg d'Isle;Avenue Léo Lagrange;9.0;80;3.30403315831417;49.8425041087497;9.947440142942227;EN PLACE
Quartier du faubourg d'Isle;Avenue Léo Lagrange;10.0;100;3.30391347648963;49.8424663750591;9.947440142942227;EN PLACE
Quartier du faubourg d'Isle;Avenue Léo Lagrange;10.0;90;3.30377952926082;49.8424245164278;9.947440142942227;EN PLACE
Quartier du faubourg d'Isle;Avenue Léo Lagrange;10.0;90;3.30365340572472;49.842385015412;9.947440142942227;EN PLACE
Quartier du faubourg d'Isle;Avenue Léo Lagrange;10.0;85;3.30353786077009;49.8423475673257;9.947440142942227;EN PLACE
Quartier du faubourg d'Isle;Avenue Léo Lagrange;10.0;80;3.30343521579549;49.8423157336584;9.947440142942227;EN PLACE
Quartier du faubourg d'Isle;Avenue Léo Lagrange;10.0;90;3.30333808859295;49.8422847766087;9.947440142942227;EN PLACE
Quartier du faubourg d'Isle;Avenue Léo Lagrange;10.0;90;3.30349688308913;49.8421783088839;9.947440142942227;EN PLACE
Quartier du faubourg d'Isle;Avenue Léo Lagrange;10.0;100;3.30369206366768;49.8422414087999;9.947440142942227;EN PLACE
Quartier du faubourg d'Isle;Avenue Léo Lagrange;10.0;100;3.30388401449461;49.8423021378465;9.947440142942227;EN PLACE
Quartier du faubourg d'Isle;Avenue Léo Lagrange;10.0;95;3.30406629388778;49.8423590292812;9.947440142942227;EN PLACE
Quartier du faubourg d'Isle;Avenue Léo Lagrange;10.0;90;3.30425778778467;49.8424203549744;9.947440142942227;EN PLACE
Quartier du faubourg d'Isle;Avenue Léo Lagrange;6.0;20;3.30148463913599;49.8418197877365;9.947440142942227;REMPLACÉ
Quartier du faubourg d'Isle;Avenue Léo Lagrange;5.0;35;3.30111465989781;49.8417666240127;9.947440142942227;EN PLACE
Quartier du faubourg d'Isle;Avenue Léo Lagrange;6.0;25;3.30097043158963;49.8417416647507;9.947440142942227;REMPLACÉ
Quartier du faubourg d'Isle;Avenue Léo Lagrange;6.0;35;3.30083468407398;49.8417210817658;9.947440142942227;REMPLACÉ
Quartier du faubourg d'Isle;Avenue Léo Lagrange;5.0;40;3.30046316930395;49.8416725545655;9.947440142942227;EN PLACE
Quartier du faubourg d'Isle;Avenue Léo Lagrange;5.0;20;3.30021482277779;49.8416301431092;9.947440142942227;REMPLACÉ
Quartier du faubourg d'Isle;Avenue Léo Lagrange;5.0;20;3.29980796728442;49.8415717651369;9.947440142942227;REMPLACÉ
Quartier du faubourg d'Isle;Avenue Léo Lagrange;5.0;20;3.29922378272281;49.8414781651156;9.947440142942227;REMPLACÉ
Quartier du faubourg d'Isle;Avenue Léo Lagrange;5.0;20;3.29915063843167;49.8414463738718;9.947440142942227;REMPLACÉ
Quartier du faubourg d'Isle;Avenue Léo Lagrange;5.0;25;3.29908296929213;49.8414082698369;9.947440142942227;REMPLACÉ
Quartier du faubourg d'Isle;Terrain de mini golf;20.0;220;3.30017672131632;49.8418674846683;9.947440142942227;EN PLACE
Quartier du faubourg d'Isle;Terrain de mini golf;20.0;190;3.30028781839669;49.8418838501637;9.947440142942227;EN PLACE
Quartier du faubourg d'Isle;Terrain de mini golf;20.0;275;3.30039818305218;49.8419006930295;9.947440142942227;EN PLACE
Quartier du faubourg d'Isle;Terrain de mini golf;20.0;275;3.30042250853725;49.8418317917656;9.947440142942227;EN PLACE
Quartier du faubourg d'Isle;Terrain de mini golf;20.0;180;3.30031146809841;49.8418153561262;9.947440142942227;EN PLACE
Quartier du faubourg d'Isle;Terrain de mini golf;20.0;200;3.30020077082356;49.8417988727533;9.947440142942227;EN PLACE
Quartier du Centre-Ville;Avenue Faidherbe;4.0;25;3.27923657517277;49.8436783511905;11.580821917808219;EN PLACE
Quartier du Centre-Ville;Avenue Faidherbe;4.0;25;3.27942911354096;49.8437670478877;11.580821917808219;EN PLACE
Quartier du Centre-Ville;Avenue Faidherbe;4.0;25;3.27950419038858;49.8438007482661;11.580821917808219;EN PLACE
Quartier du Centre-Ville;Avenue Faidherbe;4.0;25;3.27966586166423;49.8438740641968;11.580821917808219;EN PLACE
Quartier du Centre-Ville;Avenue Faidherbe;4.0;25;3.28009837062231;49.8440703631109;11.580821917808219;EN PLACE
Quartier du Centre-Ville;Avenue Faidherbe;4.0;25;3.28020062735583;49.8441170740494;11.580821917808219;EN PLACE
Quartier du Centre-Ville;Avenue Faidherbe;4.0;25;3.28026741568701;49.8441472271676;11.580821917808219;EN PLACE
Quartier du Centre-Ville;Avenue Faidherbe;4.0;25;3.28044245279706;49.8442276432179;11.580821917808219;EN PLACE
Quartier du Centre-Ville;Avenue Faidherbe;4.0;25;3.2805700460148;49.8442861797144;11.580821917808219;EN PLACE
Quartier du Centre-Ville;Avenue Faidherbe;4.0;25;3.28076349964282;49.8443733867843;11.580821917808219;EN PLACE
Quartier du Centre-Ville;Avenue Faidherbe;4.0;25;3.28114996037878;49.8445495829599;11.580821917808219;EN PLACE
Quartier du Centre-Ville;Avenue Faidherbe;4.0;25;3.28137704373481;49.8446524590173;11.580821917808219;EN PLACE
Quartier du Centre-Ville;Avenue Faidherbe;4.0;25;3.28145489209589;49.8446882310135;11.580821917808219;EN PLACE
Quartier du Centre-Ville;Avenue Faidherbe;4.0;25;3.28160735736589;49.8447577030873;11.580821917808219;EN PLACE
Quartier du Centre-Ville;Avenue Faidherbe;4.0;25;3.28170178053616;49.8447996772982;11.580821917808219;EN PLACE
Quartier du Centre-Ville;Avenue Faidherbe;4.0;25;3.28196941312818;49.8449229596461;11.580821917808219;EN PLACE
Quartier du Centre-Ville;Avenue Faidherbe;4.0;25;3.2821356955095;49.8449980457066;11.580821917808219;EN PLACE
Quartier du Centre-Ville;Avenue Faidherbe;4.0;25;3.28221538462849;49.8450341103591;11.580821917808219;EN PLACE
Quartier du Centre-Ville;Avenue Faidherbe;4.0;25;3.28216009051518;49.8450889085212;11.580821917808219;EN PLACE
Quartier du Centre-Ville;Avenue Faidherbe;4.0;25;3.28207855966654;49.8450519563945;11.580821917808219;EN PLACE
Quartier du Centre-Ville;Avenue Faidherbe;4.0;25;3.28193207770134;49.8449848476704;11.580821917808219;EN PLACE
Quartier du Centre-Ville;Avenue Faidherbe;4.0;25;3.28163727874006;49.8448509316605;11.580821917808219;EN PLACE
Quartier du Centre-Ville;Avenue Faidherbe;4.0;25;3.28153962619763;49.8448065880414;11.580821917808219;EN PLACE
Quartier du Centre-Ville;Avenue Faidherbe;4.0;25;3.28138577522286;49.8447362273397;11.580821917808219;EN PLACE
Quartier du Centre-Ville;Avenue Faidherbe;4.0;25;3.28131161601026;49.8447025259728;11.580821917808219;EN PLACE
Quartier du Centre-Ville;Avenue Faidherbe;4.0;25;3.2811480978999;49.8446283248826;11.580821917808219;EN PLACE
Quartier du Centre-Ville;Avenue Faidherbe;4.0;25;3.28106979617104;49.844593444732;11.580821917808219;EN PLACE
Quartier du Centre-Ville;Avenue Faidherbe;4.0;25;3.28070405611655;49.8444255195084;11.580821917808219;EN PLACE
Quartier du Centre-Ville;Avenue Faidherbe;4.0;25;3.28046407891621;49.8443170268829;11.580821917808219;EN PLACE
Quartier du Centre-Ville;Avenue Faidherbe;4.0;25;3.28027016047794;49.8442286327768;11.580821917808219;EN PLACE
Quartier du Centre-Ville;Avenue Faidherbe;4.0;25;3.28018494816889;49.8441902019788;11.580821917808219;EN PLACE
Quartier du Centre-Ville;Avenue Faidherbe;4.0;25;3.28003478706151;49.8441216135172;11.580821917808219;EN PLACE
Quartier du Centre-Ville;Avenue Faidherbe;4.0;25;3.27977960782893;49.8440051316784;11.580821917808219;EN PLACE
Quartier du Centre-Ville;Avenue Faidherbe;4.0;25;3.27966951762468;49.8439542791052;11.580821917808219;EN PLACE
Quartier du Centre-Ville;Avenue Faidherbe;4.0;25;3.27943506717944;49.8438472573369;11.580821917808219;EN PLACE
Quartier du Centre-Ville;Avenue Faidherbe;4.0;25;3.27934847706541;49.8438088292082;11.580821917808219;EN PLACE
Quartier du Centre-Ville;Avenue Faidherbe;4.0;25;3.27926280544173;49.8437698054538;11.580821917808219;EN PLACE
Quartier du Centre-Ville;Avenue Faidherbe;4.0;25;3.27917529466106;49.8437307851111;11.580821917808219;EN PLACE
Quartier Remicourt;Avenue de la Résistance;23.0;210;3.30578083767171;49.8578698873918;9.947440142942227;EN PLACE
Quartier Remicourt;Avenue de la Résistance;14.0;80;3.306071057529;49.857830178999;9.947440142942227;EN PLACE
Quartier Remicourt;Avenue de la Résistance;14.0;95;3.30609022504137;49.8578382124071;9.947440142942227;EN PLACE
Quartier Remicourt;Avenue de la Résistance;14.0;85;3.3061078246269;49.857830086756;9.947440142942227;EN PLACE
Quartier Remicourt;Avenue de la Résistance;14.0;90;3.30607238615549;49.857806406419;9.947440142942227;EN PLACE
Quartier Remicourt;Avenue de la Résistance;15.0;100;3.30607877971744;49.8577688336855;9.947440142942227;EN PLACE
Quartier Remicourt;Avenue de la Résistance;13.0;140;3.30593826102558;49.8577573009296;9.947440142942227;EN PLACE
Quartier Remicourt;Avenue de la Résistance;7.0;160;3.3060706755297;49.857643826443;9.947440142942227;EN PLACE
Quartier Remicourt;Avenue de la Résistance;7.0;155;3.30591830336496;49.8576175864108;9.947440142942227;EN PLACE
Quartier Remicourt;Avenue de la Résistance;12.0;60;3.30575572019622;49.8574820319425;9.947440142942227;EN PLACE
Quartier Remicourt;Avenue de la Résistance;12.0;80;3.30572852595816;49.8574844771433;9.947440142942227;EN PLACE
Quartier Remicourt;Avenue de la Résistance;16.0;100;3.30713527115265;49.8577376579005;9.947440142942227;EN PLACE
Quartier Remicourt;Avenue de la Résistance;14.0;70;3.30716347282383;49.8577808473826;9.947440142942227;EN PLACE
Quartier Remicourt;Avenue de la Résistance;16.0;120;3.3072450083894;49.8577663805134;9.947440142942227;EN PLACE
Quartier Remicourt;Avenue de la Résistance;16.0;100;3.30720473449752;49.8577945299909;9.947440142942227;EN PLACE
Quartier Remicourt;Avenue de la Résistance;22.0;120;3.3072910203644;49.857818011306;9.947440142942227;EN PLACE
Quartier Remicourt;Avenue de la Résistance;20.0;80;3.30729276927875;49.8578336951746;9.947440142942227;EN PLACE
Quartier Remicourt;Avenue de la Résistance;12.0;50;3.30731310685406;49.8578222347884;9.947440142942227;EN PLACE
Quartier Remicourt;Avenue de la Résistance;18.0;115;3.30732221625943;49.8578696314088;9.947440142942227;EN PLACE
Quartier Remicourt;Avenue de la Résistance;24.0;170;3.30740359977752;49.857830207164;9.947440142942227;EN PLACE
Quartier Remicourt;Avenue de la Résistance;19.0;105;3.30740160249882;49.8578647970981;9.947440142942227;EN PLACE
Quartier de l'Europe;Avenue de la Résistance;20.0;160;3.30739376174953;49.8579364819003;9.947440142942227;EN PLACE
Quartier de l'Europe;Avenue de la Résistance;20.0;140;3.30745882481758;49.8579341790132;9.947440142942227;EN PLACE
Quartier de l'Europe;Avenue de la Résistance;13.0;80;3.30788309903924;49.8580480353434;9.947440142942227;EN PLACE
Quartier de l'Europe;Avenue de la Résistance;12.0;60;3.30791670501422;49.8580523283032;9.947440142942227;EN PLACE
Quartier de l'Europe;Avenue de la Résistance;13.0;65;3.30791809419757;49.8580390142067;9.947440142942227;EN PLACE
Quartier de l'Europe;Avenue de la Résistance;15.0;125;3.30805607050439;49.8580310274679;9.947440142942227;EN PLACE
Quartier de l'Europe;Avenue de la Résistance;12.0;100;3.3082324589584;49.8580156079821;9.947440142942227;EN PLACE
Quartier de l'Europe;Avenue de la Résistance;13.0;75;3.30821378225676;49.8580277780143;9.947440142942227;EN PLACE
Quartier de l'Europe;Avenue de la Résistance;16.0;110;3.30838743449223;49.8580162278017;9.947440142942227;EN PLACE
Quartier de l'Europe;Avenue de la Résistance;16.0;110;3.30837267893754;49.8580079449333;9.947440142942227;EN PLACE
Quartier de l'Europe;Avenue de la Résistance;16.0;100;3.30850044340958;49.8580079195154;9.947440142942227;EN PLACE
Quartier de l'Europe;Avenue de la Résistance;17.0;80;3.30857756596973;49.85799316573;9.947440142942227;EN PLACE
Quartier de l'Europe;Avenue de la Résistance;8.0;55;3.30856794014428;49.8579976467229;9.947440142942227;EN PLACE
Quartier de l'Europe;Avenue de la Résistance;6.0;35;3.30857622429675;49.8579994095708;9.947440142942227;EN PLACE
Quartier de l'Europe;Avenue de la Résistance;20.0;115;3.30858539776128;49.8579964140996;9.947440142942227;EN PLACE
Quartier de l'Europe;Avenue de la Résistance;18.0;110;3.30877457200234;49.8579671166058;9.947440142942227;EN PLACE
Quartier de l'Europe;Avenue de la Résistance;18.0;140;3.30876955348701;49.857973368319;9.947440142942227;EN PLACE
Quartier de l'Europe;Avenue de la Résistance;22.0;165;3.30878517687685;49.8579730314488;9.947440142942227;EN PLACE
Quartier de l'Europe;Avenue de la Résistance;20.0;130;3.30905108478203;49.8579532010014;9.947440142942227;EN PLACE
Quartier de l'Europe;Avenue de la Résistance;17.0;100;3.30921158843387;49.8579377724006;9.947440142942227;EN PLACE
Quartier de l'Europe;Avenue de la Résistance;17.0;110;3.30921485200606;49.8579421367926;9.947440142942227;EN PLACE
Quartier de l'Europe;Avenue de la Résistance;18.0;150;3.30931802273614;49.8579304668981;9.947440142942227;EN PLACE
Quartier de l'Europe;Avenue de la Résistance;17.0;125;3.30943898932977;49.8579189532044;9.947440142942227;EN PLACE
Quartier de l'Europe;Avenue de la Résistance;12.0;55;3.30945641268787;49.8579120744991;9.947440142942227;EN PLACE
Quartier de l'Europe;Avenue de la Résistance;12.0;65;3.30948263865471;49.857917059849;9.947440142942227;EN PLACE
Quartier de l'Europe;Avenue de la Résistance;10.0;75;3.30956389702561;49.8579025920999;9.947440142942227;Non essouché
Quartier de l'Europe;Avenue de la Résistance;21.0;175;3.30957867100579;49.8579135485496;9.947440142942227;EN PLACE
Quartier de l'Europe;Avenue de la Résistance;13.0;110;3.30975685786691;49.8578917037016;9.947440142942227;EN PLACE
Quartier de l'Europe;Avenue de la Résistance;13.0;95;3.3098259373006;49.857915001084;9.947440142942227;EN PLACE
Quartier de l'Europe;Avenue de la Résistance;16.0;105;3.30984342347974;49.8579185223818;9.947440142942227;EN PLACE
Quartier de l'Europe;Avenue de la Résistance;12.0;100;3.30992392019938;49.8579299050197;9.947440142942227;EN PLACE
Quartier de l'Europe;Avenue de la Résistance;15.0;105;3.31002931228038;49.8579540018919;9.947440142942227;EN PLACE
Quartier de l'Europe;Avenue de la Résistance;14.0;105;3.3100693861898;49.8579690531892;9.947440142942227;EN PLACE
Quartier de l'Europe;Avenue de la Résistance;8.0;70;3.31011819662634;49.8579843789862;9.947440142942227;SUPPRIMÉ
Quartier de l'Europe;Ecole primaire Pierre Laroche;15.0;130;3.29767163905402;49.8614995605751;9.947440142942227;Essouché
Quartier de l'Europe;Ecole primaire Pierre Laroche;17.0;165;3.29762835165398;49.8615167801002;9.947440142942227;EN PLACE
Quartier de l'Europe;Ecole primaire Pierre Laroche;10.0;90;3.29762823762218;49.8614972898971;9.947440142942227;EN PLACE
Quartier de l'Europe;Ecole primaire Pierre Laroche;17.0;120;3.29761415507084;49.861478308894;9.947440142942227;EN PLACE
Quartier de l'Europe;Ecole primaire Pierre Laroche;17.0;160;3.29756268561751;49.8614482474435;9.947440142942227;EN PLACE
Quartier de l'Europe;Ecole primaire Pierre Laroche;17.0;140;3.29752131213466;49.8614469218828;9.947440142942227;EN PLACE
Quartier de l'Europe;Ecole primaire Pierre Laroche;17.0;125;3.29740420587769;49.8614161878221;9.947440142942227;EN PLACE
Quartier de l'Europe;Ecole primaire Pierre Laroche;17.0;135;3.29739971512599;49.8614026505199;9.947440142942227;EN PLACE
Quartier de l'Europe;Ecole primaire Pierre Laroche;15.0;80;3.29740336809943;49.861366987665;9.947440142942227;EN PLACE
Quartier de l'Europe;Ecole primaire Pierre Laroche;17.0;90;3.29736820357345;49.8613586346395;9.947440142942227;EN PLACE
Quartier de l'Europe;Ecole primaire Pierre Laroche;14.0;95;3.29736013519408;49.8613619815529;9.947440142942227;EN PLACE
Quartier de l'Europe;Ecole primaire Pierre Laroche;16.0;65;3.29735547125988;49.8613882590921;9.947440142942227;EN PLACE
Quartier de l'Europe;Ecole primaire Pierre Laroche;14.0;80;3.29735392875902;49.8614075152425;9.947440142942227;EN PLACE
Quartier de l'Europe;Ecole primaire Pierre Laroche;20.0;105;3.29729335025588;49.8617071572455;9.947440142942227;EN PLACE
Quartier de l'Europe;Ecole primaire Pierre Laroche;16.0;110;3.29728675188778;49.8617107386799;9.947440142942227;EN PLACE
Quartier de l'Europe;Ecole primaire Pierre Laroche;17.0;265;3.29724960515664;49.8618669939738;9.947440142942227;EN PLACE
Quartier de l'Europe;Ecole primaire Pierre Laroche;15.0;115;3.29727414279796;49.862007767923;9.947440142942227;EN PLACE
Quartier de l'Europe;Ecole primaire Pierre Laroche;18.0;90;3.29730226948232;49.8620076994178;9.947440142942227;EN PLACE
Quartier de l'Europe;Ecole primaire Pierre Laroche;18.0;100;3.29731693633044;49.8620019110686;9.947440142942227;Essouché
Quartier de Neuville;Ecole maternelle Benjamin Rouché;16.0;104;3.32023694920647;49.8323097701969;9.947440142942227;EN PLACE
Quartier de Neuville;Ecole maternelle Benjamin Rouché;7.0;75;3.31978533384899;49.8319152552302;9.947440142942227;EN PLACE
Quartier de Neuville;Ecole maternelle Benjamin Rouché;7.0;107;3.31972453815896;49.8318893858315;9.947440142942227;EN PLACE
Quartier de Neuville;Ecole maternelle Benjamin Rouché;7.0;107;3.31966429293984;49.8318635158008;9.947440142942227;EN PLACE
Quartier de Neuville;Ecole maternelle Benjamin Rouché;6.0;107;3.31960736828492;49.831839776464;9.947440142942227;EN PLACE
Quartier de Neuville;Ecole maternelle Benjamin Rouché;14.0;104;3.31967176244318;49.8319119881616;9.947440142942227;EN PLACE
Quartier de Neuville;Ecole maternelle Benjamin Rouché;14.0;113;3.31958517644955;49.8319050836219;9.947440142942227;EN PLACE
Quartier de Neuville;Ecole maternelle Benjamin Rouché;12.0;66;3.31958478385001;49.8319303995786;9.947440142942227;EN PLACE
Quartier de Neuville;Ecole maternelle Benjamin Rouché;12.0;119;3.31951123615745;49.831980866383;9.947440142942227;EN PLACE
Quartier de Neuville;Ecole maternelle Benjamin Rouché;12.0;119;3.31949433621604;49.8319227925311;9.947440142942227;EN PLACE
Quartier Saint-Martin - Oëstres;Ecole élémentaire Ernest Lavisse;19.0;170;3.26508455468945;49.8364944415096;9.947440142942227;Essouché
Quartier Saint-Martin - Oëstres;Ecole élémentaire Ernest Lavisse;18.0;180;3.26528606044503;49.8365149208033;9.947440142942227;EN PLACE
Quartier Saint-Martin - Oëstres;Ecole élémentaire Ernest Lavisse;22.0;190;3.26548093297561;49.8365325620446;9.947440142942227;EN PLACE
Quartier Saint-Martin - Oëstres;Ecole élémentaire Ernest Lavisse;16.0;145;3.26673511849911;49.8367514262204;9.947440142942227;EN PLACE
Quartier Saint-Martin - Oëstres;Ecole élémentaire Ernest Lavisse;10.0;104;3.26635466931958;49.8370198479263;9.947440142942227;EN PLACE
Quartier Saint-Martin - Oëstres;Ecole élémentaire Ernest Lavisse;14.0;107;3.26588421865615;49.8369086780073;9.947440142942227;Essouché
Quartier Saint-Martin - Oëstres;Ecole maternelle Ernest Lavisse;8.0;55;3.26623139825333;49.8362469469561;9.947440142942227;REMPLACÉ
Quartier Saint-Martin - Oëstres;Ecole maternelle Ernest Lavisse;9.0;105;3.26615728534657;49.8364821350434;9.947440142942227;Non essouché
Quartier Saint-Martin - Oëstres;Square Romain Tricoteaux;19.0;132;3.27734352244424;49.8440194290392;9.947440142942227;EN PLACE
Quartier Saint-Martin - Oëstres;Square Romain Tricoteaux;15.0;110;3.27729122056081;49.8440334537858;9.947440142942227;EN PLACE
Quartier Saint-Martin - Oëstres;Square Romain Tricoteaux;11.0;113;3.27729805661074;49.8440740839287;9.947440142942227;EN PLACE
Quartier Saint-Martin - Oëstres;Square Romain Tricoteaux;14.0;148;3.27752685453669;49.8439698093493;9.947440142942227;SUPPRIMÉ
Quartier Saint-Martin - Oëstres;Square Romain Tricoteaux;12.0;119;3.27685195877926;49.844030290152;9.947440142942227;EN PLACE
Quartier Saint-Martin - Oëstres;Square Romain Tricoteaux;19.0;151;3.27702820449229;49.8443550266902;9.947440142942227;EN PLACE
Quartier Saint-Martin - Oëstres;Square Romain Tricoteaux;17.0;110;3.27695535701129;49.8443082463173;9.947440142942227;EN PLACE
Quartier Saint-Martin - Oëstres;Square Romain Tricoteaux;21.0;129;3.27691545054715;49.8443208166472;9.947440142942227;EN PLACE
Quartier Saint-Martin - Oëstres;Square Romain Tricoteaux;12.0;97;3.27697872532944;49.8443812861685;9.947440142942227;EN PLACE
Quartier Saint-Martin - Oëstres;Square Romain Tricoteaux;15.0;110;3.27693002481512;49.8443816932557;9.947440142942227;EN PLACE
Quartier Saint-Martin - Oëstres;Square Romain Tricoteaux;13.0;79;3.27691135414036;49.8444126360258;9.947440142942227;EN PLACE
Quartier Saint-Martin - Oëstres;Square Romain Tricoteaux;13.0;135;3.27692619137603;49.8444375614944;9.947440142942227;EN PLACE
Quartier Saint-Martin - Oëstres;Square Romain Tricoteaux;10.0;75;3.27688575141558;49.8444361671492;9.947440142942227;EN PLACE
Quartier Saint-Martin - Oëstres;Square Romain Tricoteaux;17.0;148;3.27632331535309;49.8437702414382;9.947440142942227;EN PLACE
Quartier Saint-Martin - Oëstres;Square Romain Tricoteaux;18.0;207;3.27617811362451;49.8438356990144;9.947440142942227;EN PLACE
Quartier Saint-Martin - Oëstres;Square Romain Tricoteaux;13.0;122;3.27667945017378;49.8443736648502;9.947440142942227;EN PLACE
Quartier Saint-Martin - Oëstres;Rue d'Aboukir;8.0;75;3.26930265060916;49.8458599273252;9.947440142942227;EN PLACE
Quartier Saint-Martin - Oëstres;Rue d'Aboukir;10.0;119;3.26923102324386;49.8458001858284;9.947440142942227;EN PLACE
Quartier Saint-Martin - Oëstres;Rue d'Aboukir;8.0;107;3.26909482097097;49.8457629284272;9.947440142942227;EN PLACE
Quartier Saint-Martin - Oëstres;Rue d'Aboukir;7.0;53;3.26890042775921;49.8457039319772;9.947440142942227;EN PLACE
Quartier Saint-Martin - Oëstres;Rue d'Aboukir;9.0;104;3.26898789516689;49.8458401783697;9.947440142942227;EN PLACE
Quartier Saint-Martin - Oëstres;Rue d'Aboukir;7.0;53;3.26871652240074;49.8458217605721;9.947440142942227;EN PLACE
Quartier Saint-Martin - Oëstres;Rue d'Aboukir;7.0;44;3.26862692109423;49.8459783633057;9.947440142942227;EN PLACE
Quartier Saint-Martin - Oëstres;Rue d'Aboukir;11.0;60;3.26852121758567;49.84610950112;9.947440142942227;EN PLACE
Quartier Saint-Martin - Oëstres;Rue d'Aboukir;10.0;79;3.26839653694355;49.8460542480629;9.947440142942227;EN PLACE
Quartier Saint-Martin - Oëstres;Rue d'Aboukir;13.0;132;3.26814428073337;49.8459801895246;9.947440142942227;EN PLACE
Quartier Saint-Martin - Oëstres;Rue d'Aboukir;7.0;41;3.2682886469131;49.8458645640831;9.947440142942227;EN PLACE
Quartier Saint-Martin - Oëstres;Rue d'Aboukir;8.0;53;3.26840880482462;49.8458426222164;9.947440142942227;EN PLACE
Quartier Saint-Martin - Oëstres;Rue d'Aboukir;7.0;57;3.26853214891543;49.845867642229;9.947440142942227;EN PLACE
Quartier Saint-Martin - Oëstres;Rue d'Aboukir;10.0;60;3.26849195320974;49.8457168638702;9.947440142942227;EN PLACE
Quartier Saint-Martin - Oëstres;Rue d'Aboukir;11.0;63;3.2682681450902;49.8457960931121;9.947440142942227;EN PLACE
Quartier du faubourg d'Isle;Rue de la Convention;9.0;107;3.31218357489566;49.8390466428378;9.947440142942227;EN PLACE
Quartier du faubourg d'Isle;Rue de la Convention;9.0;116;3.31210893735755;49.8390059485267;9.947440142942227;EN PLACE
Quartier du faubourg d'Isle;Rue de la Convention;9.0;113;3.3121818289082;49.8390013888585;9.947440142942227;EN PLACE
Quartier du faubourg d'Isle;Cimetière Sud;7.0;116;3.31394463650742;49.8419829177844;9.947440142942227;EN PLACE
Quartier du faubourg d'Isle;Cimetière Sud;8.0;88;3.31389526949726;49.8420360996066;9.947440142942227;EN PLACE
Quartier du faubourg d'Isle;Cimetière Sud;8.0;141;3.31384385705225;49.8420911883824;9.947440142942227;EN PLACE
Quartier du faubourg d'Isle;Cimetière Sud;8.0;110;3.31378952592607;49.8421498964508;9.947440142942227;EN PLACE
Quartier du faubourg d'Isle;Cimetière Sud;7.0;126;3.31373781365565;49.8422042244763;9.947440142942227;EN PLACE
Quartier du faubourg d'Isle;Cimetière Sud;8.0;107;3.31368932411947;49.8422566441567;9.947440142942227;EN PLACE
Quartier du faubourg d'Isle;Cimetière Sud;8.0;132;3.31363731933331;49.8423113532179;9.947440142942227;EN PLACE
Quartier du faubourg d'Isle;Cimetière Sud;8.0;38;3.31358269421164;49.8423702525695;9.947440142942227;EN PLACE
Quartier du faubourg d'Isle;Cimetière Sud;15.0;28;3.31430183061618;49.8438447874222;9.947440142942227;Essouché
Quartier du faubourg d'Isle;Cimetière Sud;10.0;28;3.31416783313736;49.8438715756881;9.947440142942227;Essouché
Quartier du faubourg d'Isle;Cimetière Sud;7.0;35;3.31417909086356;49.8438341097213;9.947440142942227;Essouché
Quartier du faubourg d'Isle;Cimetière Sud;7.0;47;3.31408017182489;49.8439109866689;9.947440142942227;Essouché
Quartier du faubourg d'Isle;Cimetière Sud;6.0;176;3.31402777284033;49.8439503527087;9.947440142942227;Essouché
Quartier du faubourg d'Isle;Cimetière Sud;6.0;35;3.31398927883685;49.8439787867604;9.947440142942227;Essouché
Quartier du faubourg d'Isle;Cimetière Sud;7.0;94;3.31395709198655;49.8440045409242;9.947440142942227;Essouché
Quartier du faubourg d'Isle;Cimetière Sud;7.0;129;3.31451758819304;49.8439074357506;9.947440142942227;Essouché
Quartier Remicourt;Rue Jacky Tabar;6.0;19;3.30527662170859;49.855013806053;9.947440142942227;EN PLACE
Quartier Remicourt;Rue Jacky Tabar;6.0;19;3.30530199348846;49.8551028829196;9.947440142942227;EN PLACE
Quartier Remicourt;Rue Jacky Tabar;6.0;19;3.30526043215005;49.8551414056811;9.947440142942227;EN PLACE
Quartier Remicourt;Rue Jacky Tabar;6.0;19;3.3052141892198;49.8551842695328;9.947440142942227;EN PLACE
Quartier Remicourt;Rue Jacky Tabar;6.0;19;3.3051661252887;49.8552288193255;9.947440142942227;EN PLACE
Quartier Remicourt;Rue Jacky Tabar;6.0;19;3.30512385998014;49.8552679938803;9.947440142942227;EN PLACE
Quartier Remicourt;Rue Jacky Tabar;6.0;19;3.30519308351688;49.8552997617975;9.947440142942227;EN PLACE
Quartier Remicourt;Rue Jacky Tabar;6.0;19;3.30523602074315;49.8552599633275;9.947440142942227;EN PLACE
Quartier Remicourt;Rue Jacky Tabar;6.0;19;3.30528819652938;49.8552116007241;9.947440142942227;EN PLACE
Quartier Remicourt;Rue Jacky Tabar;6.0;19;3.30526134450292;49.8553258834312;9.947440142942227;EN PLACE
Quartier Remicourt;Rue Jacky Tabar;6.0;19;3.3053944625928;49.8551971130681;9.947440142942227;EN PLACE
Quartier Remicourt;Rue Jacky Tabar;6.0;19;3.30542898976359;49.8550789525256;9.947440142942227;EN PLACE
Quartier Remicourt;Rue Jacky Tabar;7.0;22;3.3055805814363;49.8551504409368;9.947440142942227;EN PLACE
Quartier Remicourt;Rue Jacky Tabar;7.0;22;3.30571350710533;49.855213125683;9.947440142942227;EN PLACE
Quartier Remicourt;Rue Jacky Tabar;5.0;22;3.30550676663455;49.8552380487637;9.947440142942227;EN PLACE
Quartier Remicourt;Rue Jacky Tabar;7.0;25;3.30549090937764;49.8553159578322;9.947440142942227;EN PLACE
Quartier Remicourt;Rue Jacky Tabar;6.0;19;3.30514637304417;49.8553430574802;9.947440142942227;EN PLACE
Quartier Remicourt;Rue Jacky Tabar;6.0;19;3.30510230053766;49.8553839080594;9.947440142942227;EN PLACE
Quartier Remicourt;Rue Jacky Tabar;6.0;19;3.30505171578961;49.8554307955929;9.947440142942227;EN PLACE
Quartier Remicourt;Rue Jacky Tabar;6.0;19;3.30500031242522;49.8554784413326;9.947440142942227;EN PLACE
Quartier Remicourt;Rue Jacky Tabar;6.0;19;3.30495340666446;49.855521918151;9.947440142942227;EN PLACE
Quartier Remicourt;Rue Jacky Tabar;6.0;19;3.30501042012324;49.8555468293461;9.947440142942227;EN PLACE
Quartier Remicourt;Rue Jacky Tabar;6.0;19;3.30505890199093;49.8555036711703;9.947440142942227;EN PLACE
Quartier Remicourt;Rue Jacky Tabar;6.0;19;3.3051127025727;49.8554557800285;9.947440142942227;EN PLACE
Quartier Remicourt;Rue Jacky Tabar;6.0;19;3.3051610279199;49.8554127498805;9.947440142942227;EN PLACE
Quartier Remicourt;Rue Jacky Tabar;6.0;19;3.30520536897948;49.8553737191623;9.947440142942227;EN PLACE
Quartier Remicourt;Rue Jacky Tabar;6.0;19;3.30509080166993;49.855581655681;9.947440142942227;EN PLACE
Quartier Remicourt;Rue Jacky Tabar;5.0;22;3.30520985295015;49.8555699490095;9.947440142942227;EN PLACE
Quartier Remicourt;Rue Jacky Tabar;5.0;22;3.30521889662047;49.8556067219057;9.947440142942227;EN PLACE
Quartier Remicourt;Rue Jacky Tabar;6.0;19;3.30462995946157;49.8553993052916;9.947440142942227;EN PLACE
Quartier Remicourt;Rue Jacky Tabar;6.0;19;3.30451183482578;49.855508099408;9.947440142942227;EN PLACE
Quartier Remicourt;Rue Jacky Tabar;6.0;19;3.30552408015945;49.8557499545685;9.947440142942227;EN PLACE
Quartier Remicourt;Rue Jacky Tabar;6.0;19;3.30560544004258;49.8556820550148;9.947440142942227;EN PLACE
Quartier Remicourt;Rue Jacky Tabar;6.0;19;3.30583191186469;49.8554852472453;9.947440142942227;EN PLACE
Quartier Remicourt;Rue Jacky Tabar;6.0;19;3.30590971790931;49.8554135528372;9.947440142942227;EN PLACE
Quartier Remicourt;Rue Jacky Tabar;7.0;25;3.30548196814168;49.8559715204185;9.947440142942227;EN PLACE
Quartier Remicourt;Rue Jacky Tabar;7.0;25;3.30551285176528;49.8559444271532;9.947440142942227;EN PLACE
Quartier Remicourt;Rue Jacky Tabar;7.0;25;3.30554223889213;49.855918646793;9.947440142942227;REMPLACÉ
Quartier Remicourt;Rue Jacky Tabar;7.0;25;3.30556900786512;49.8558951622247;9.947440142942227;EN PLACE
Quartier Remicourt;Rue Jacky Tabar;7.0;25;3.30560003246512;49.8558679453983;9.947440142942227;EN PLACE
Quartier Remicourt;Rue Jacky Tabar;7.0;25;3.30563136820964;49.8558404544416;9.947440142942227;EN PLACE
Quartier Remicourt;Rue Jacky Tabar;7.0;25;3.30566274403874;49.8558129301069;9.947440142942227;EN PLACE
Quartier Remicourt;Rue Jacky Tabar;7.0;25;3.30569349053448;49.8557859558234;9.947440142942227;EN PLACE
Quartier Remicourt;Rue Jacky Tabar;7.0;25;3.3057232923773;49.8557598102199;9.947440142942227;EN PLACE
Quartier Remicourt;Rue Jacky Tabar;7.0;25;3.30575591284149;49.8557311938664;9.947440142942227;EN PLACE
Quartier Remicourt;Rue Jacky Tabar;7.0;25;3.3057843218957;49.8557062700889;9.947440142942227;EN PLACE
Quartier Remicourt;Rue Jacky Tabar;7.0;25;3.30581227175906;49.8556817502754;9.947440142942227;EN PLACE
Quartier Remicourt;Rue Jacky Tabar;7.0;25;3.30584158665355;49.8556560329583;9.947440142942227;EN PLACE
Quartier Remicourt;Rue Jacky Tabar;7.0;25;3.30587411153994;49.8556274986329;9.947440142942227;REMPLACÉ
Quartier Remicourt;Rue Jacky Tabar;7.0;25;3.30590534741079;49.8556000968658;9.947440142942227;REMPLACÉ
Quartier Remicourt;Rue Jacky Tabar;7.0;25;3.30593347279226;49.8555754219277;9.947440142942227;EN PLACE
Quartier Remicourt;Rue Jacky Tabar;7.0;25;3.30596173922171;49.855550624344;9.947440142942227;EN PLACE
Quartier Remicourt;Rue Jacky Tabar;7.0;25;3.30599234570326;49.8555237726144;9.947440142942227;REMPLACÉ
Quartier Remicourt;Rue Jacky Tabar;7.0;25;3.30602375293126;49.8554962193268;9.947440142942227;EN PLACE
Quartier Remicourt;Rue Jacky Tabar;7.0;25;3.30605523342622;49.8554686020067;9.947440142942227;EN PLACE
Quartier Remicourt;Rue Jacky Tabar;7.0;25;3.30608800009078;49.8554398548126;9.947440142942227;EN PLACE
Quartier Remicourt;Rue Jacky Tabar;7.0;25;3.30611982904164;49.8554119326864;9.947440142942227;REMPLACÉ
Quartier Remicourt;Rue Jacky Tabar;7.0;25;3.3061512720794;49.8553843469038;9.947440142942227;REMPLACÉ
Quartier Remicourt;Rue Jacky Tabar;7.0;25;3.30618267912896;49.855356793572;9.947440142942227;EN PLACE
Quartier Remicourt;Rue Jacky Tabar;7.0;25;3.30621408752821;49.8553292393289;9.947440142942227;EN PLACE
Quartier Remicourt;Rue Jacky Tabar;7.0;25;3.30625188543253;49.8552960790043;9.947440142942227;EN PLACE
Quartier Remicourt;Rue Jacky Tabar;7.0;25;3.30629832713293;49.8552553350898;9.947440142942227;EN PLACE
Quartier Remicourt;Rue Jacky Tabar;7.0;25;3.30633664493618;49.8552217184599;9.947440142942227;EN PLACE
Quartier Remicourt;Rue Jacky Tabar;7.0;25;3.30637006129468;49.8551924021862;9.947440142942227;EN PLACE
Quartier Remicourt;Rue Jacky Tabar;7.0;25;3.30640338632444;49.8551631643584;9.947440142942227;EN PLACE
Quartier Remicourt;Rue Jacky Tabar;7.0;25;3.3064330062465;49.8551371790717;9.947440142942227;EN PLACE
Quartier Remicourt;Rue Jacky Tabar;7.0;25;3.30646633259744;49.8551079421208;9.947440142942227;EN PLACE
Quartier Remicourt;Rue Jacky Tabar;7.0;25;3.3064994874056;49.8550788539513;9.947440142942227;EN PLACE
Quartier de Neuville;Ecole primaire Henri Arnould;18.0;125;3.31718247458718;49.8357605182728;9.947440142942227;EN PLACE
Quartier de Neuville;Ecole primaire Henri Arnould;17.0;119;3.31716283209745;49.8357783970221;9.947440142942227;EN PLACE
Quartier de Neuville;Ecole primaire Henri Arnould;17.0;157;3.31714339074263;49.8357546774999;9.947440142942227;EN PLACE
Quartier Remicourt;Rue Henri Dunant;20.0;220;3.3103596861665;49.8567628567299;9.947440142942227;EN PLACE
Quartier Saint-Jean;Banque alimentaire;4.0;16;3.28754592821969;49.8649932763575;9.947440142942227;EN PLACE
Quartier Saint-Jean;Banque alimentaire;4.0;25;3.28754502705244;49.8649358545965;9.947440142942227;EN PLACE
Quartier Saint-Jean;Banque alimentaire;4.0;25;3.28754413449556;49.864879189811;9.947440142942227;EN PLACE
Quartier Saint-Jean;Banque alimentaire;4.0;25;3.28754342170332;49.8648337393042;9.947440142942227;EN PLACE
Quartier Saint-Jean;Banque alimentaire;4.0;25;3.28760259785157;49.864597499987;9.947440142942227;EN PLACE
Quartier Saint-Jean;Banque alimentaire;4.0;25;3.28768159557348;49.8645605183701;9.947440142942227;EN PLACE
Quartier Saint-Jean;Banque alimentaire;4.0;19;3.28774738202641;49.8645281326355;9.947440142942227;EN PLACE
Quartier Saint-Jean;Banque alimentaire;4.0;19;3.28781581095688;49.8644950274427;9.947440142942227;EN PLACE
Quartier Saint-Jean;Banque alimentaire;4.0;19;3.28788423143001;49.8644604963401;9.947440142942227;EN PLACE
Quartier Saint-Jean;Banque alimentaire;6.0;19;3.28778737216094;49.863783766822;9.947440142942227;EN PLACE
Quartier Saint-Jean;Banque alimentaire;6.0;19;3.28777957137132;49.8637371073617;9.947440142942227;EN PLACE
Quartier Saint-Jean;Banque alimentaire;6.0;19;3.28771550334085;49.8637544918974;9.947440142942227;EN PLACE
Quartier Saint-Jean;Banque alimentaire;6.0;19;3.28772576267802;49.8637057284673;9.947440142942227;EN PLACE
Quartier Saint-Jean;Banque alimentaire;6.0;19;3.28780173386559;49.863570337166;9.947440142942227;EN PLACE
Quartier Saint-Jean;Banque alimentaire;6.0;19;3.28781418449861;49.863443705387;9.947440142942227;EN PLACE
Quartier Saint-Jean;Banque alimentaire;6.0;19;3.28787097894695;49.8634475642524;9.947440142942227;EN PLACE
Quartier Saint-Jean;Banque alimentaire;6.0;19;3.28801297835402;49.863380674839;9.947440142942227;EN PLACE
Quartier Saint-Jean;Banque alimentaire;6.0;19;3.28808541381995;49.8633930541803;9.947440142942227;EN PLACE
Quartier Saint-Jean;Banque alimentaire;6.0;19;3.28815283489435;49.8634029742968;9.947440142942227;EN PLACE
Quartier Saint-Jean;Banque alimentaire;6.0;19;3.2882220083486;49.8634109867888;9.947440142942227;EN PLACE
Quartier Saint-Jean;Banque alimentaire;6.0;19;3.2882900099606;49.8634195739114;9.947440142942227;EN PLACE
Quartier Saint-Jean;Banque alimentaire;6.0;19;3.28836241985767;49.8634275801741;9.947440142942227;EN PLACE
Quartier Saint-Jean;Banque alimentaire;6.0;16;3.28842276792306;49.8634352339201;9.947440142942227;EN PLACE
Quartier Saint-Jean;Banque alimentaire;6.0;16;3.28848664808879;49.8634432592562;9.947440142942227;EN PLACE
Quartier Saint-Jean;Banque alimentaire;6.0;16;3.28854761442066;49.863456236482;9.947440142942227;EN PLACE
Quartier Saint-Jean;Banque alimentaire;4.0;16;3.28887716637687;49.86409513681;9.947440142942227;EN PLACE
Quartier Saint-Jean;Banque alimentaire;5.0;16;3.28882470541306;49.8640256642404;9.947440142942227;EN PLACE
Quartier Saint-Jean;Banque alimentaire;4.0;16;3.28858660930749;49.8640579832486;9.947440142942227;EN PLACE
Quartier Saint-Jean;Banque alimentaire;5.0;16;3.28857392164567;49.8641030792052;9.947440142942227;EN PLACE
Quartier Saint-Jean;Banque alimentaire;5.0;16;3.28857450254243;49.8641538488143;9.947440142942227;EN PLACE
Quartier Saint-Jean;Banque alimentaire;5.0;79;3.28858292757856;49.8643434130431;9.947440142942227;EN PLACE
Quartier du Centre-Ville;Bibliothèque Guy de Maupassant;10.0;195;3.28667820552379;49.8448607495692;9.947440142942227;Essouché
Quartier du Centre-Ville;Bibliothèque Guy de Maupassant;15.0;79;3.2866116091605;49.8448464616616;9.947440142942227;Essouché
Quartier Remicourt;Jardin d'horticulture;5.0;16;3.29055916027493;49.8515378784912;12.413698630136986;EN PLACE
Quartier Remicourt;Jardin d'horticulture;5.0;19;3.29071854131381;49.8516052437839;12.413698630136986;EN PLACE
Quartier du Vermandois;Ecole maternelle Maria Montessori;21.0;245;3.26962253399945;49.8526671025701;9.947440142942227;EN PLACE
Quartier du Vermandois;Ecole maternelle Maria Montessori;10.0;160;3.26946244092925;49.8525894728656;9.947440142942227;EN PLACE
Quartier du Vermandois;Ecole maternelle Maria Montessori;11.0;125;3.26939524161851;49.85257094927;9.947440142942227;EN PLACE
Quartier du Vermandois;Ecole maternelle Maria Montessori;14.0;115;3.26933349223595;49.8526194122613;9.947440142942227;EN PLACE
Quartier du Vermandois;Ecole maternelle Maria Montessori;22.0;160;3.26934805653484;49.8526429951398;9.947440142942227;EN PLACE
Quartier du Vermandois;Ecole maternelle Maria Montessori;15.0;95;3.26917635210885;49.8526186613903;9.947440142942227;EN PLACE
Quartier du Vermandois;Ecole maternelle Maria Montessori;16.0;95;3.26912789111532;49.8526099806537;9.947440142942227;SUPPRIMÉ
Quartier du Vermandois;Ecole maternelle Maria Montessori;17.0;110;3.26916852740539;49.852584628647;9.947440142942227;EN PLACE
Quartier du Vermandois;Ecole maternelle Maria Montessori;17.0;160;3.26918174787184;49.8525143041867;9.947440142942227;EN PLACE
Quartier du Vermandois;Ecole maternelle Maria Montessori;10.0;88;3.26915443661421;49.8524896518669;9.947440142942227;EN PLACE
Quartier du Vermandois;Ecole maternelle Maria Montessori;7.0;44;3.26914095159098;49.852509452026;9.947440142942227;EN PLACE
Quartier du Vermandois;Ecole maternelle Maria Montessori;7.0;44;3.26913083781765;49.852524302369;9.947440142942227;EN PLACE
Quartier du Vermandois;Ecole maternelle Maria Montessori;7.0;44;3.26912662460752;49.8525309011759;9.947440142942227;EN PLACE
Quartier du Vermandois;Ecole maternelle Maria Montessori;12.0;41;3.26909963644053;49.8525672065025;9.947440142942227;EN PLACE
Quartier du Vermandois;Ecole maternelle Maria Montessori;15.0;50;3.26909037084771;49.8525820557967;9.947440142942227;EN PLACE
Quartier du Vermandois;Ecole maternelle Maria Montessori;16.0;132;3.26908617708132;49.8525919495817;9.947440142942227;EN PLACE
Quartier du Vermandois;Ecole maternelle Maria Montessori;17.0;69;3.26907857151902;49.8525996548022;9.947440142942227;EN PLACE
Quartier du Vermandois;Ecole maternelle Maria Montessori;16.0;97;3.26907607253378;49.8526089962813;9.947440142942227;EN PLACE
Quartier du Vermandois;Ecole maternelle Maria Montessori;17.0;40;3.26906679766207;49.8526216483124;9.947440142942227;EN PLACE
Quartier du Vermandois;Ecole maternelle Maria Montessori;17.0;50;3.269037302998;49.8526661973768;9.947440142942227;EN PLACE
Quartier du Vermandois;Ecole maternelle Maria Montessori;17.0;60;3.26903310921373;49.8526760911595;9.947440142942227;EN PLACE
Quartier du Vermandois;Ecole maternelle Maria Montessori;17.0;65;3.26902383292285;49.852688742291;9.947440142942227;EN PLACE
Quartier du Vermandois;Ecole maternelle Maria Montessori;17.0;45;3.26901878213943;49.8526975411937;9.947440142942227;EN PLACE
Quartier du Vermandois;Ecole maternelle Maria Montessori;17.0;50;3.26901119298874;49.8527079920755;9.947440142942227;EN PLACE
Quartier du Vermandois;Ecole maternelle Maria Montessori;17.0;65;3.26900275123147;49.8527178955895;9.947440142942227;EN PLACE
Quartier Saint-Jean;Stade municipal plein air;19.0;198;3.27960747515386;49.8532626465626;9.947440142942227;EN PLACE
Quartier Saint-Jean;Stade municipal plein air;20.0;204;3.2795632028257;49.8530552589044;9.947440142942227;EN PLACE
Quartier Saint-Jean;Stade municipal plein air;19.0;207;3.27948626278739;49.8530191869057;9.947440142942227;EN PLACE
Quartier Saint-Jean;Stade municipal plein air;19.0;220;3.27931443072386;49.8529420309933;9.947440142942227;EN PLACE
Quartier Saint-Jean;Stade municipal plein air;21.0;207;3.27923473030305;49.8529053711222;9.947440142942227;EN PLACE
Quartier Saint-Jean;Stade municipal plein air;17.0;176;3.27817621716055;49.8524252159597;9.947440142942227;EN PLACE
Quartier Saint-Jean;Stade municipal plein air;18.0;210;3.27809495820746;49.8523890328037;9.947440142942227;EN PLACE
Quartier Saint-Jean;Stade municipal plein air;18.0;223;3.27801534458422;49.8523514197986;9.947440142942227;EN PLACE
Quartier Saint-Jean;Stade municipal plein air;17.0;207;3.2779362865216;49.8523141632468;9.947440142942227;EN PLACE
Quartier Saint-Jean;Stade municipal plein air;18.0;180;3.27783585719175;49.8524035275683;9.947440142942227;EN PLACE
Quartier Saint-Jean;Stade municipal plein air;12.0;186;3.277094908597;49.8528707689921;9.947440142942227;EN PLACE
Quartier Saint-Jean;Stade municipal plein air;12.0;119;3.27698967646338;49.8529556872964;9.947440142942227;EN PLACE
Quartier Saint-Jean;Stade municipal plein air;22.0;157;3.27705590034321;49.8529818615812;9.947440142942227;EN PLACE
Quartier Saint-Jean;Stade municipal plein air;12.0;160;3.27712396154515;49.8530248491552;9.947440142942227;EN PLACE
Quartier de l'Europe;Gymnase Robert Schuman;17.0;245;3.29422518850026;49.8594908846672;9.947440142942227;EN PLACE
Quartier de l'Europe;Gymnase Robert Schuman;14.0;210;3.29438082639285;49.8595416145933;9.947440142942227;EN PLACE
Quartier Remicourt;Rue Jacky Tabar;8.0;22;3.30473135995363;49.8558678483707;9.947440142942227;EN PLACE
Quartier Remicourt;Rue Jacky Tabar;8.0;22;3.30505296506875;49.8560367597008;9.947440142942227;EN PLACE
Quartier Remicourt;Rue Georges Brassens;13.0;165;3.30874135272078;49.8570100557354;9.947440142942227;EN PLACE
Quartier Remicourt;Rue Georges Brassens;18.0;175;3.3078338394485;49.8567887884421;9.947440142942227;EN PLACE
Quartier Saint-Martin - Oëstres;Rue Louis Bréguet;6.0;13;3.25846356588443;49.8371601470619;9.947440142942227;EN PLACE
Quartier Saint-Martin - Oëstres;Rue Louis Bréguet;27.0;253;3.25874000955731;49.8370915791668;9.947440142942227;EN PLACE
Quartier Saint-Martin - Oëstres;Rue Louis Bréguet;25.0;180;3.2589427445413;49.8370650027869;9.947440142942227;EN PLACE
OMISSY;Terrain aventure Europe;29.0;279;3.30215710836254;49.8645034428837;9.947440142942227;EN PLACE
OMISSY;Terrain aventure Europe;15.0;90;3.3021002712769;49.8645303232052;9.947440142942227;EN PLACE
OMISSY;Terrain aventure Europe;14.0;73;3.30203516740359;49.8645584133013;9.947440142942227;EN PLACE
OMISSY;Terrain aventure Europe;16.0;125;3.3022253075286;49.8645323911754;9.947440142942227;EN PLACE
OMISSY;Terrain aventure Europe;19.0;105;3.30222720337248;49.8645418946329;9.947440142942227;EN PLACE
OMISSY;Terrain aventure Europe;23.0;170;3.30211639866166;49.864614665504;9.947440142942227;Essouché
OMISSY;Terrain aventure Europe;20.0;117;3.30206596527488;49.864636181794;9.947440142942227;EN PLACE
OMISSY;Terrain aventure Europe;20.0;116;3.30194774600544;49.8646988689658;9.947440142942227;EN PLACE
OMISSY;Terrain aventure Europe;21.0;135;3.30186259489771;49.8647567195555;9.947440142942227;EN PLACE
OMISSY;Terrain aventure Europe;21.0;158;3.30185063022032;49.8647543723248;9.947440142942227;EN PLACE
OMISSY;Terrain aventure Europe;19.0;95;3.30176267702114;49.8648050987909;9.947440142942227;EN PLACE
OMISSY;Terrain aventure Europe;17.0;76;3.30175078490339;49.864815231053;9.947440142942227;EN PLACE
OMISSY;Terrain aventure Europe;21.0;115;3.30170682170382;49.8648426741699;9.947440142942227;EN PLACE
OMISSY;Terrain aventure Europe;21.0;133;3.30169118833256;49.8648415239904;9.947440142942227;EN PLACE
OMISSY;Terrain aventure Europe;17.0;115;3.30163258810221;49.8648814825691;9.947440142942227;EN PLACE
OMISSY;Terrain aventure Europe;15.0;103;3.30154286966481;49.8649446930889;9.947440142942227;EN PLACE
OMISSY;Terrain aventure Europe;24.0;140;3.30166027820366;49.864744739925;9.947440142942227;Non essouché
OMISSY;Terrain aventure Europe;20.0;110;3.3015933994559;49.8647835303087;9.947440142942227;EN PLACE
OMISSY;Terrain aventure Europe;17.0;123;3.30144946089319;49.8648498459448;9.947440142942227;EN PLACE
OMISSY;Terrain aventure Europe;15.0;78;3.30139177754113;49.8648892077783;9.947440142942227;EN PLACE
OMISSY;Terrain aventure Europe;15.0;117;3.30134410889219;49.8649119061;9.947440142942227;EN PLACE
OMISSY;Terrain aventure Europe;15.0;80;3.30131824143833;49.8648905778185;9.947440142942227;EN PLACE
OMISSY;Terrain aventure Europe;8.0;82;3.30118137405068;49.8649087417349;9.947440142942227;EN PLACE
OMISSY;Terrain aventure Europe;10.0;103;3.3011354314611;49.8649124206749;9.947440142942227;EN PLACE
OMISSY;Terrain aventure Europe;10.0;72;3.30112623436331;49.8649118490868;9.947440142942227;EN PLACE
OMISSY;Terrain aventure Europe;11.0;110;3.30097664942625;49.8649561914915;9.947440142942227;EN PLACE
OMISSY;Terrain aventure Europe;15.0;60;3.30093719710802;49.8652813326573;9.947440142942227;EN PLACE
OMISSY;Terrain aventure Europe;15.0;58;3.30092313068963;49.8653901121583;9.947440142942227;EN PLACE
OMISSY;Terrain aventure Europe;15.0;62;3.30091366688412;49.8655000684013;9.947440142942227;EN PLACE
OMISSY;Terrain aventure Europe;22.0;130;3.30205048783282;49.865593795136;9.947440142942227;EN PLACE
OMISSY;Terrain aventure Europe;21.0;109;3.30202298690457;49.8656070557941;9.947440142942227;EN PLACE
OMISSY;Terrain aventure Europe;23.0;74;3.30199984568797;49.8656113911743;9.947440142942227;EN PLACE
OMISSY;Terrain aventure Europe;26.0;170;3.30195624212346;49.8656065072792;9.947440142942227;EN PLACE
OMISSY;Terrain aventure Europe;26.0;136;3.30191235825138;49.8656476184846;9.947440142942227;EN PLACE
OMISSY;Terrain aventure Europe;21.0;174;3.30190042522203;49.865681875017;9.947440142942227;EN PLACE
OMISSY;Terrain aventure Europe;27.0;102;3.30195545355261;49.8656596340522;9.947440142942227;EN PLACE
OMISSY;Terrain aventure Europe;25.0;93;3.3019994678815;49.8656406282874;9.947440142942227;EN PLACE
OMISSY;Terrain aventure Europe;25.0;133;3.30206230259161;49.8656329857186;9.947440142942227;EN PLACE
OMISSY;Terrain aventure Europe;21.0;65;3.30205138382098;49.8656519090921;9.947440142942227;EN PLACE
OMISSY;Terrain aventure Europe;26.0;110;3.30206969158207;49.8656696910263;9.947440142942227;EN PLACE
OMISSY;Terrain aventure Europe;28.0;190;3.30209017672497;49.8656828318657;9.947440142942227;EN PLACE
OMISSY;Terrain aventure Europe;23.0;100;3.30204113973854;49.8656918666536;9.947440142942227;Essouché
OMISSY;Terrain aventure Europe;23.0;70;3.30199751416013;49.8656834181053;9.947440142942227;EN PLACE
OMISSY;Terrain aventure Europe;28.0;158;3.30195024518746;49.865711701421;9.947440142942227;EN PLACE
OMISSY;Terrain aventure Europe;26.0;140;3.30195651879063;49.86574662679;9.947440142942227;EN PLACE
OMISSY;Terrain aventure Europe;26.0;98;3.30202694880362;49.8657172158438;9.947440142942227;EN PLACE
OMISSY;Terrain aventure Europe;25.0;87;3.3020600854952;49.8657242654681;9.947440142942227;EN PLACE
OMISSY;Terrain aventure Europe;28.0;142;3.30205248654462;49.8657449640137;9.947440142942227;EN PLACE
OMISSY;Terrain aventure Europe;25.0;102;3.30209201147006;49.8657131340534;9.947440142942227;EN PLACE
OMISSY;Terrain aventure Europe;4.0;26;3.30159000463796;49.8657944772633;9.947440142942227;EN PLACE
OMISSY;Terrain aventure Europe;7.0;73;3.3015789927489;49.8657978320176;9.947440142942227;EN PLACE
OMISSY;Terrain aventure Europe;10.0;70;3.30145519217422;49.8657563027661;9.947440142942227;EN PLACE
OMISSY;Terrain aventure Europe;8.0;75;3.30142567598464;49.8657397371467;9.947440142942227;EN PLACE
OMISSY;Terrain aventure Europe;11.0;61;3.30086403430807;49.8657810545355;9.947440142942227;EN PLACE
OMISSY;Terrain aventure Europe;7.0;51;3.30097300621984;49.8658021780618;9.947440142942227;EN PLACE
OMISSY;Terrain aventure Europe;8.0;60;3.30122176560023;49.8658319901654;9.947440142942227;EN PLACE
OMISSY;Terrain aventure Europe;7.0;55;3.30136531832565;49.8658558800069;9.947440142942227;EN PLACE
Quartier du Centre-Ville;Square Churchill;7.0;60;3.29018979525658;49.8485056532014;9.947440142942227;Essouché
Quartier du Centre-Ville;Square Churchill;7.0;100;3.29015598946329;49.8484901750272;9.947440142942227;EN PLACE
Quartier du faubourg d'Isle;Boulevard du Docteur Camille Guérin;15.0;150;3.29933528614984;49.834070033398;9.947440142942227;EN PLACE
Quartier du faubourg d'Isle;Boulevard du Docteur Camille Guérin;17.0;175;3.29971093753063;49.8339719510617;9.947440142942227;EN PLACE
Quartier Saint-Martin - Oëstres;Ecole élémentaire Ernest Lavisse;15.0;144;3.26619213244333;49.8371428552915;9.947440142942227;SUPPRIMÉ
Quartier Saint-Martin - Oëstres;Ecole élémentaire Ernest Lavisse;9.0;113;3.26636774807341;49.8369908200437;9.947440142942227;EN PLACE
Quartier Saint-Martin - Oëstres;Ecole élémentaire Ernest Lavisse;9.0;107;3.26631632111422;49.8369956855612;9.947440142942227;EN PLACE
Quartier Saint-Martin - Oëstres;Ecole élémentaire Ernest Lavisse;12.0;104;3.26575001442725;49.8369463602557;9.947440142942227;EN PLACE
Quartier Saint-Martin - Oëstres;Ecole élémentaire Ernest Lavisse;13.0;113;3.26572949944212;49.8369239428495;9.947440142942227;EN PLACE
Quartier Saint-Martin - Oëstres;Ecole élémentaire Ernest Lavisse;11.0;135;3.26494891801454;49.8367163438984;9.947440142942227;EN PLACE
Quartier Saint-Martin - Oëstres;Square Romain Tricoteaux;14.0;94;3.27679952538488;49.8435120858846;9.947440142942227;EN PLACE
Quartier Saint-Martin - Oëstres;Square Romain Tricoteaux;17.0;166;3.27672531564574;49.8435708873509;9.947440142942227;EN PLACE
Quartier Saint-Martin - Oëstres;Square Romain Tricoteaux;18.0;198;3.2772102007638;49.8439710636906;9.947440142942227;EN PLACE
Quartier Saint-Martin - Oëstres;Square Romain Tricoteaux;15.0;119;3.27723762211285;49.8440118852739;9.947440142942227;EN PLACE
Quartier Saint-Martin - Oëstres;Square Romain Tricoteaux;18.0;132;3.27729664762879;49.8441190130497;9.947440142942227;EN PLACE
Quartier Saint-Martin - Oëstres;Square Romain Tricoteaux;17.0;116;3.2772652477732;49.8441240751747;9.947440142942227;EN PLACE
Quartier Saint-Martin - Oëstres;Square Romain Tricoteaux;17.0;110;3.27728410656971;49.8441447124989;9.947440142942227;EN PLACE
Quartier Saint-Martin - Oëstres;Square Romain Tricoteaux;21.0;188;3.27698983393701;49.8440371088072;9.947440142942227;EN PLACE
Quartier Saint-Martin - Oëstres;Square Romain Tricoteaux;21.0;185;3.27693657140681;49.8440437661059;9.947440142942227;EN PLACE
Quartier du faubourg d'Isle;Cimetière Sud;12.0;132;3.31442178945733;49.8440937414422;9.947440142942227;Essouché
Quartier du Centre-Ville;Bibliothèque Guy de Maupassant;15.0;88;3.2866095474384;49.8448326634974;9.947440142942227;Essouché
Quartier du Centre-Ville;Bibliothèque Guy de Maupassant;15.0;119;3.2865873313185;49.8448542222406;9.947440142942227;Essouché
Quartier du Vermandois;Ecole maternelle Maria Montessori;19.0;140;3.26917937888011;49.8525483594015;9.947440142942227;EN PLACE
Quartier du Vermandois;Ecole maternelle Maria Montessori;16.0;100;3.26922769175975;49.8525290323002;9.947440142942227;EN PLACE
Quartier Remicourt;Rue Jacky Tabar;5.0;19;3.30469081103674;49.85584988445;9.947440142942227;EN PLACE
Quartier Remicourt;Rue Jacky Tabar;8.0;19;3.30481404007868;49.8559223114124;9.947440142942227;EN PLACE
Quartier Remicourt;Rue Jacky Tabar;6.0;19;3.30485607666707;49.8559431241197;9.947440142942227;EN PLACE
Quartier Remicourt;Rue Jacky Tabar;7.0;19;3.30490758479809;49.8559491758574;9.947440142942227;EN PLACE
Quartier Remicourt;Rue Jacky Tabar;6.0;25;3.30494161667127;49.8559837944825;9.947440142942227;EN PLACE
Quartier Remicourt;Rue Jacky Tabar;5.0;22;3.30498365336642;49.8560046071435;9.947440142942227;EN PLACE
Quartier Remicourt;Rue Jacky Tabar;25.0;195;3.30531663924183;49.8561090738165;9.947440142942227;EN PLACE
Quartier Remicourt;Rue Georges Brassens;17.0;130;3.30821472662243;49.8566956023316;9.947440142942227;Essouché
Quartier Remicourt;Rue Georges Brassens;14.0;190;3.30900872640757;49.8571076799144;9.947440142942227;EN PLACE
Quartier Remicourt;Rue Georges Brassens;13.0;140;3.30881600398936;49.8570373128747;9.947440142942227;EN PLACE
Quartier Remicourt;Rue Georges Brassens;13.0;155;3.30867035895856;49.8569841330165;9.947440142942227;EN PLACE
Quartier Remicourt;Rue Georges Brassens;13.0;135;3.30861202828518;49.8569628358602;9.947440142942227;EN PLACE
Quartier Remicourt;Rue Georges Brassens;12.0;160;3.30838021558649;49.8568781931987;9.947440142942227;EN PLACE
Quartier Remicourt;Rue Georges Brassens;15.0;135;3.30829951418661;49.8568487265137;9.947440142942227;EN PLACE
Quartier Remicourt;Rue Georges Brassens;14.0;150;3.3082164043499;49.8568183805289;9.947440142942227;EN PLACE
Quartier Remicourt;Rue Georges Brassens;14.0;155;3.30814453303818;49.8567921379342;9.947440142942227;EN PLACE
Quartier Remicourt;Rue Georges Brassens;17.0;175;3.30806668647103;49.8567637127904;9.947440142942227;EN PLACE
Quartier Remicourt;Rue Georges Brassens;17.0;180;3.30798258319204;49.8567622665678;9.947440142942227;EN PLACE
Quartier Remicourt;Rue Georges Brassens;17.0;160;3.30791829854768;49.8567715803127;9.947440142942227;EN PLACE
Quartier Remicourt;Rue Georges Brassens;7.0;90;3.30785868310555;49.8568754773061;9.947440142942227;EN PLACE
Quartier Remicourt;Rue du Cardinal Saliège;12.0;110;3.30741033392598;49.8572898991921;9.947440142942227;EN PLACE
Quartier Remicourt;Rue du Cardinal Saliège;9.0;45;3.30745062847462;49.8573414972502;9.947440142942227;EN PLACE
Quartier Remicourt;Rue du Cardinal Saliège;8.0;60;3.30754549727571;49.857373941029;9.947440142942227;EN PLACE
Quartier Remicourt;Rue du Cardinal Saliège;8.0;45;3.30764360460086;49.8574096451976;9.947440142942227;EN PLACE
Quartier Remicourt;Rue du Cardinal Saliège;7.0;65;3.30775828573402;49.8574506561025;9.947440142942227;EN PLACE
Quartier Remicourt;Rue du Cardinal Saliège;10.0;60;3.30786604992028;49.857487226634;9.947440142942227;EN PLACE
Quartier Remicourt;Rue du Cardinal Saliège;14.0;180;3.3080201873536;49.8575165495513;9.947440142942227;EN PLACE
Quartier Remicourt;Parc des Champs-Elysées : logement de fonction;9.0;94;3.29106044193167;49.850935582114;9.947440142942227;EN PLACE
Quartier Remicourt;Parc des Champs-Elysées : logement de fonction;9.0;78;3.29109051553706;49.8509488216364;9.947440142942227;EN PLACE
Quartier Remicourt;Parc des Champs-Elysées : logement de fonction;9.0;88;3.29113238390163;49.8509673569973;9.947440142942227;EN PLACE
Quartier Remicourt;Parc des Champs-Elysées : logement de fonction;21.0;125;3.29108360994484;49.8509754597233;9.947440142942227;EN PLACE
Quartier de l'Europe;Boulevard du Docteur Schweitzer;13.0;105;3.31002625272796;49.8632020788815;9.947440142942227;EN PLACE
OMISSY;Terrain aventure Europe;14.0;94;3.30186636935709;49.8658907727278;9.947440142942227;EN PLACE
OMISSY;Terrain aventure Europe;14.0;158;3.30195196392716;49.8659385753384;9.947440142942227;EN PLACE
OMISSY;Terrain aventure Europe;7.0;55;3.3020653161591;49.8659539821314;9.947440142942227;EN PLACE
OMISSY;Terrain aventure Europe;7.0;105;3.30217717504778;49.8659660661801;9.947440142942227;EN PLACE
OMISSY;Terrain aventure Europe;13.0;118;3.30229335613146;49.8659624497133;9.947440142942227;EN PLACE
OMISSY;Terrain aventure Europe;7.0;110;3.30240683773522;49.8659997251833;9.947440142942227;EN PLACE
OMISSY;Terrain aventure Europe;7.0;55;3.30253046496359;49.8660117785934;9.947440142942227;EN PLACE
OMISSY;Terrain aventure Europe;11.0;100;3.30265478097139;49.8660157503554;9.947440142942227;EN PLACE
OMISSY;Terrain aventure Europe;7.0;52;3.30278132498295;49.8660235174163;9.947440142942227;EN PLACE
OMISSY;Terrain aventure Europe;10.0;130;3.30290266845309;49.8660222659188;9.947440142942227;EN PLACE
OMISSY;Terrain aventure Europe;7.0;45;3.30300787903878;49.8660291365617;9.947440142942227;EN PLACE
OMISSY;Terrain aventure Europe;10.0;110;3.30313955452695;49.8660340382179;9.947440142942227;EN PLACE
OMISSY;Terrain aventure Europe;7.0;50;3.30326534665819;49.8660389549183;9.947440142942227;EN PLACE
OMISSY;Terrain aventure Europe;10.0;125;3.30339332849485;49.8660410140477;9.947440142942227;EN PLACE
OMISSY;Terrain aventure Europe;7.0;60;3.30352427571711;49.8660473439429;9.947440142942227;EN PLACE
OMISSY;Terrain aventure Europe;10.0;120;3.30364712034829;49.8660513175584;9.947440142942227;EN PLACE
OMISSY;Terrain aventure Europe;7.0;54;3.30378911907828;49.8660604721633;9.947440142942227;EN PLACE
OMISSY;Terrain aventure Europe;10.0;112;3.30389946415485;49.8660649516442;9.947440142942227;EN PLACE
OMISSY;Terrain aventure Europe;8.0;55;3.30403037305689;49.8660646263219;9.947440142942227;EN PLACE
OMISSY;Terrain aventure Europe;11.0;100;3.30416349221248;49.8660647698269;9.947440142942227;EN PLACE
OMISSY;Terrain aventure Europe;11.0;125;3.30441661346062;49.8660855320367;9.947440142942227;EN PLACE
OMISSY;Terrain aventure Europe;6.0;45;3.30314880020331;49.8659397707581;9.947440142942227;EN PLACE
OMISSY;Terrain aventure Europe;6.0;50;3.3030320272655;49.8659364948001;9.947440142942227;EN PLACE
OMISSY;Terrain aventure Europe;6.0;45;3.30288584114127;49.8659338861581;9.947440142942227;EN PLACE
OMISSY;Terrain aventure Europe;7.0;50;3.30274792425299;49.8659306626467;9.947440142942227;EN PLACE
OMISSY;Terrain aventure Europe;7.0;48;3.30308433924327;49.8658593527621;9.947440142942227;EN PLACE
OMISSY;Terrain aventure Europe;7.0;50;3.30294460737954;49.8658601744873;9.947440142942227;EN PLACE
OMISSY;Terrain aventure Europe;7.0;50;3.30280264613108;49.8658571988214;9.947440142942227;EN PLACE
OMISSY;Terrain aventure Europe;7.0;55;3.30269303152784;49.8658517661347;9.947440142942227;EN PLACE
OMISSY;Terrain aventure Europe;7.0;55;3.30256554070473;49.8658083460762;9.947440142942227;EN PLACE
OMISSY;Terrain aventure Europe;7.0;55;3.30246879299753;49.8657401300808;9.947440142942227;EN PLACE
OMISSY;Terrain aventure Europe;7.0;58;3.30236546760844;49.8656790612885;9.947440142942227;EN PLACE
OMISSY;Terrain aventure Europe;7.0;55;3.30244046881083;49.8658005740936;9.947440142942227;EN PLACE
OMISSY;Terrain aventure Europe;10.0;60;3.30262592966996;49.8659460576862;9.947440142942227;EN PLACE
OMISSY;Terrain aventure Europe;10.0;55;3.30256718260349;49.8659609399462;9.947440142942227;EN PLACE
OMISSY;Terrain aventure Europe;8.0;38;3.30239485413442;49.8659219101801;9.947440142942227;EN PLACE
OMISSY;Terrain aventure Europe;10.0;47;3.30239619355342;49.8658995644922;9.947440142942227;EN PLACE
OMISSY;Terrain aventure Europe;10.0;55;3.30236084353437;49.8658915703673;9.947440142942227;EN PLACE
OMISSY;Terrain aventure Europe;11.0;75;3.30231042260033;49.8658222882705;9.947440142942227;EN PLACE
OMISSY;Terrain aventure Europe;10.0;75;3.30230588762714;49.8658018582908;9.947440142942227;EN PLACE
OMISSY;Terrain aventure Europe;4.0;18;3.3022340885144;49.8650148374741;9.947440142942227;EN PLACE
OMISSY;Terrain aventure Europe;26.0;145;3.30219521225331;49.865005315;9.947440142942227;EN PLACE
OMISSY;Terrain aventure Europe;26.0;150;3.30218497691923;49.864984540956;9.947440142942227;EN PLACE
OMISSY;Terrain aventure Europe;16.0;65;3.30221717915313;49.8649892158578;9.947440142942227;EN PLACE
OMISSY;Terrain aventure Europe;26.0;155;3.30220041742552;49.8649530093638;9.947440142942227;EN PLACE
OMISSY;Terrain aventure Europe;26.0;130;3.30222333431585;49.8649416619427;9.947440142942227;EN PLACE
OMISSY;Terrain aventure Europe;20.0;105;3.30226007380543;49.8649362225514;9.947440142942227;EN PLACE
OMISSY;Terrain aventure Europe;26.0;120;3.30227943445845;49.8649456828546;9.947440142942227;EN PLACE
OMISSY;Terrain aventure Europe;16.0;70;3.30230108319485;49.8649533544523;9.947440142942227;EN PLACE
OMISSY;Terrain aventure Europe;26.0;90;3.30229013794542;49.8649679400146;9.947440142942227;EN PLACE
OMISSY;Terrain aventure Europe;24.0;75;3.30230038429777;49.864990495935;9.947440142942227;EN PLACE
OMISSY;Terrain aventure Europe;26.0;65;3.30228391746302;49.865004202954;9.947440142942227;EN PLACE
OMISSY;Terrain aventure Europe;16.0;75;3.30229135365523;49.8650178529435;9.947440142942227;EN PLACE
OMISSY;Terrain aventure Europe;26.0;145;3.3023441087963;49.8650001919963;9.947440142942227;EN PLACE
OMISSY;Terrain aventure Europe;26.0;140;3.30236148030661;49.8649841046571;9.947440142942227;EN PLACE
OMISSY;Terrain aventure Europe;26.0;140;3.30235264337614;49.8649665968656;9.947440142942227;EN PLACE
OMISSY;Terrain aventure Europe;26.0;150;3.30233650930723;49.864958911081;9.947440142942227;EN PLACE
OMISSY;Terrain aventure Europe;18.0;165;3.30255783068034;49.8644166815507;9.947440142942227;EN PLACE
OMISSY;Terrain aventure Europe;18.0;130;3.3026500975579;49.8644280990787;9.947440142942227;EN PLACE
OMISSY;Terrain aventure Europe;18.0;155;3.30274772334405;49.8644401815015;9.947440142942227;EN PLACE
OMISSY;Terrain aventure Europe;18.0;130;3.30284194733681;49.864451841072;9.947440142942227;EN PLACE
OMISSY;Terrain aventure Europe;18.0;145;3.30293879095709;49.8644638255587;9.947440142942227;EN PLACE
OMISSY;Terrain aventure Europe;18.0;140;3.30303659086639;49.8644759279705;9.947440142942227;EN PLACE
OMISSY;Terrain aventure Europe;18.0;130;3.30313632001492;49.8644882689635;9.947440142942227;EN PLACE
OMISSY;Terrain aventure Europe;18.0;140;3.30323622181507;49.8645006319023;9.947440142942227;EN PLACE
OMISSY;Terrain aventure Europe;18.0;140;3.30333561143535;49.8645129304485;9.947440142942227;EN PLACE
OMISSY;Terrain aventure Europe;18.0;115;3.30342451581103;49.8645239317024;9.947440142942227;EN PLACE
OMISSY;Terrain aventure Europe;18.0;120;3.30352384429033;49.864536223954;9.947440142942227;EN PLACE
OMISSY;Terrain aventure Europe;18.0;110;3.30361954825958;49.8645480660783;9.947440142942227;EN PLACE
OMISSY;Terrain aventure Europe;18.0;85;3.30371774242081;49.8645602172508;9.947440142942227;EN PLACE
OMISSY;Terrain aventure Europe;18.0;100;3.30381480917406;49.8645722283091;9.947440142942227;EN PLACE
OMISSY;Terrain aventure Europe;18.0;110;3.3039143647267;49.8645845475138;9.947440142942227;EN PLACE
OMISSY;Terrain aventure Europe;18.0;125;3.30401075371295;49.8645964747545;9.947440142942227;EN PLACE
OMISSY;Terrain aventure Europe;18.0;105;3.30410560745142;49.8646082107981;9.947440142942227;EN PLACE
OMISSY;Terrain aventure Europe;18.0;135;3.30419762590664;49.8646195980858;9.947440142942227;EN PLACE
OMISSY;Terrain aventure Europe;18.0;125;3.30429491420414;49.8646316351452;9.947440142942227;EN PLACE
OMISSY;Terrain aventure Europe;18.0;130;3.30438829594905;49.8646432731821;9.947440142942227;EN PLACE
OMISSY;Terrain aventure Europe;20.0;150;3.30438864305434;49.8647001281083;9.947440142942227;EN PLACE
OMISSY;Terrain aventure Europe;18.0;185;3.30438985960108;49.8648989414239;9.947440142942227;EN PLACE
OMISSY;Terrain aventure Europe;16.0;160;3.30439047893738;49.865000355172;9.947440142942227;EN PLACE
Quartier de l'Europe;Espace de glisse;17.0;150;3.29942141404136;49.8645885353854;9.947440142942227;EN PLACE
Quartier de l'Europe;Espace de glisse;20.0;107;3.29943077521845;49.8649307908602;9.947440142942227;EN PLACE
Quartier de l'Europe;Espace de glisse;19.0;130;3.29946186492103;49.8649649419494;9.947440142942227;EN PLACE
Quartier de l'Europe;Espace de glisse;19.0;165;3.29952365352597;49.8649666912634;9.947440142942227;Essouché
Quartier de l'Europe;Espace de glisse;19.0;140;3.29952934025833;49.864933340954;9.947440142942227;EN PLACE
Quartier de l'Europe;Espace de glisse;23.0;165;3.29986343060306;49.8651552401688;9.947440142942227;EN PLACE
Quartier de l'Europe;Espace de glisse;23.0;165;3.29977811732472;49.8651549733766;9.947440142942227;EN PLACE
Quartier de l'Europe;Espace de glisse;22.0;123;3.29972013375151;49.8651746073343;9.947440142942227;EN PLACE
Quartier de l'Europe;Espace de glisse;22.0;195;3.29976952660847;49.8651949274231;9.947440142942227;EN PLACE
Quartier de l'Europe;Espace de glisse;20.0;184;3.29989537448465;49.8652098315149;9.947440142942227;EN PLACE
Quartier de l'Europe;Espace de glisse;22.0;225;3.30015086429153;49.8652591182624;9.947440142942227;EN PLACE
Quartier de l'Europe;Espace de glisse;25.0;122;3.30021183016552;49.8652461339201;9.947440142942227;EN PLACE
Quartier de l'Europe;Espace de glisse;24.0;170;3.30023135660583;49.8653150167155;9.947440142942227;EN PLACE
Quartier de l'Europe;Espace de glisse;19.0;129;3.30026184831983;49.865372463452;9.947440142942227;EN PLACE
Quartier de l'Europe;Espace de glisse;23.0;133;3.30028317264365;49.8652469090184;9.947440142942227;EN PLACE
Quartier de l'Europe;Espace de glisse;24.0;158;3.30035142635322;49.8652229726461;9.947440142942227;EN PLACE
Quartier de l'Europe;Espace de glisse;20.0;108;3.3003942134981;49.8652452099534;9.947440142942227;EN PLACE
Quartier de l'Europe;Espace de glisse;20.0;100;3.30037748890878;49.8652775771035;9.947440142942227;EN PLACE
Quartier de l'Europe;Espace de glisse;24.0;150;3.30049343953428;49.8652349829747;9.947440142942227;EN PLACE
Quartier de l'Europe;Espace de glisse;24.0;135;3.30059095483241;49.8651843516752;9.947440142942227;EN PLACE
Quartier de l'Europe;Espace de glisse;4.0;21;3.30021041897464;49.8654815244792;9.947440142942227;SUPPRIMÉ
Quartier de l'Europe;Espace de glisse;31.0;211;3.299975343527;49.8655676641566;9.947440142942227;SUPPRIMÉ
Quartier de l'Europe;Espace de glisse;19.0;110;3.29995490401353;49.8654685963259;9.947440142942227;EN PLACE
Quartier de l'Europe;Espace de glisse;23.0;164;3.29989871381831;49.865480857191;9.947440142942227;EN PLACE
Quartier de l'Europe;Espace de glisse;19.0;160;3.29985487194468;49.8654353271667;9.947440142942227;EN PLACE
Quartier de l'Europe;Espace de glisse;23.0;124;3.29981031351183;49.8654557594069;9.947440142942227;EN PLACE
Quartier de l'Europe;Espace de glisse;23.0;178;3.29975832266854;49.8654316420959;9.947440142942227;EN PLACE
Quartier de l'Europe;Espace de glisse;24.0;125;3.29976074672839;49.8654687162427;9.947440142942227;EN PLACE
Quartier de l'Europe;Espace de glisse;23.0;133;3.29970335971786;49.8654649356593;9.947440142942227;EN PLACE
Quartier de l'Europe;Espace de glisse;23.0;140;3.29970305944923;49.8654139505169;9.947440142942227;EN PLACE
Quartier de l'Europe;Espace de glisse;23.0;162;3.29958184160103;49.8654359978666;9.947440142942227;EN PLACE
Quartier de l'Europe;Espace de glisse;23.0;152;3.29956661199742;49.8654727583271;9.947440142942227;EN PLACE
Quartier de l'Europe;Espace de glisse;23.0;155;3.29955198834748;49.8655187873225;9.947440142942227;EN PLACE
Quartier de l'Europe;Espace de glisse;23.0;142;3.29959247605555;49.8655564818209;9.947440142942227;EN PLACE
Quartier de l'Europe;Espace de glisse;23.0;140;3.29964319895697;49.8655524352683;9.947440142942227;EN PLACE
Quartier de l'Europe;Espace de glisse;23.0;159;3.29963295558257;49.8654989797387;9.947440142942227;EN PLACE
Quartier de l'Europe;Espace de glisse;23.0;130;3.29976048617159;49.8655182760262;9.947440142942227;EN PLACE
Quartier de l'Europe;Espace de glisse;19.0;160;3.29981444507357;49.8655958690755;9.947440142942227;EN PLACE
Quartier de l'Europe;Espace de glisse;20.0;150;3.29872630503419;49.8654313182451;9.947440142942227;EN PLACE
Quartier de l'Europe;Espace de glisse;21.0;158;3.29873037769516;49.8654676743739;9.947440142942227;EN PLACE
Quartier de l'Europe;Espace de glisse;19.0;160;3.29869020079033;49.8654827475058;9.947440142942227;EN PLACE
Quartier de l'Europe;Espace de glisse;19.0;165;3.29866336714193;49.865515971734;9.947440142942227;EN PLACE
Quartier de l'Europe;Espace de glisse;19.0;152;3.29879420842089;49.8655356184717;9.947440142942227;EN PLACE
Quartier de l'Europe;Espace de glisse;19.0;140;3.29885222951957;49.8655533034592;9.947440142942227;EN PLACE
Quartier de l'Europe;Espace de glisse;21.0;123;3.29885801225326;49.8655047994958;9.947440142942227;EN PLACE
Quartier de l'Europe;Espace de glisse;21.0;138;3.29882967556998;49.8654695713832;9.947440142942227;EN PLACE
Quartier de l'Europe;Espace de glisse;16.0;127;3.29895639300618;49.865538785751;9.947440142942227;EN PLACE
Quartier de l'Europe;Espace de glisse;20.0;132;3.2995162801282;49.8656372461401;9.947440142942227;EN PLACE
Quartier de l'Europe;Espace de glisse;20.0;160;3.29957142877104;49.8656356840888;9.947440142942227;EN PLACE
Quartier de l'Europe;Espace de glisse;20.0;123;3.29963496425079;49.8656529995002;9.947440142942227;EN PLACE
Quartier de l'Europe;Espace de glisse;20.0;45;3.29963694337497;49.8656144882303;9.947440142942227;EN PLACE
Quartier de l'Europe;Espace de glisse;20.0;120;3.29966908791982;49.865640436349;9.947440142942227;EN PLACE
Quartier de l'Europe;Espace de glisse;21.0;145;3.29974206752699;49.8656691365223;9.947440142942227;EN PLACE
Quartier de l'Europe;Espace de glisse;20.0;130;3.29975288900744;49.8656334571599;9.947440142942227;EN PLACE
Quartier de l'Europe;Espace de glisse;20.0;140;3.29981805570007;49.8656468448641;9.947440142942227;EN PLACE
Quartier de l'Europe;Espace de glisse;19.0;152;3.29991302673317;49.8656637256464;9.947440142942227;EN PLACE
Quartier de l'Europe;Espace de glisse;19.0;124;3.29996440451643;49.8656771484805;9.947440142942227;EN PLACE
Quartier de l'Europe;Espace de glisse;20.0;144;3.30033909944203;49.8657368388547;9.947440142942227;EN PLACE
Quartier de l'Europe;Espace de glisse;21.0;150;3.30043571504568;49.8657519330961;9.947440142942227;EN PLACE
Quartier de l'Europe;Espace de glisse;21.0;190;3.30047889244361;49.8657778545675;9.947440142942227;EN PLACE
Quartier de l'Europe;Espace de glisse;21.0;154;3.30037253452949;49.8657011034021;9.947440142942227;EN PLACE
Quartier de l'Europe;Espace de glisse;20.0;136;3.30040934608426;49.8656764112985;9.947440142942227;EN PLACE
Quartier de l'Europe;Espace de glisse;20.0;131;3.30044536303591;49.8657041339101;9.947440142942227;EN PLACE
Quartier de l'Europe;Espace de glisse;21.0;115;3.3004830244617;49.8656362978965;9.947440142942227;EN PLACE
Quartier de l'Europe;Espace de glisse;21.0;160;3.30054194517281;49.8656197520954;9.947440142942227;EN PLACE
Quartier de l'Europe;Espace de glisse;25.0;155;3.3006917074813;49.8656675163708;9.947440142942227;EN PLACE
Quartier de l'Europe;Espace de glisse;25.0;160;3.30066315065355;49.8656889796284;9.947440142942227;EN PLACE
Quartier de l'Europe;Espace de glisse;25.0;145;3.30061590493089;49.8657211839923;9.947440142942227;EN PLACE
Quartier de l'Europe;Espace de glisse;19.0;155;3.30070935691719;49.8657608867537;9.947440142942227;EN PLACE
Quartier de l'Europe;Rue Galilée;20.0;130;3.30716967050523;49.8584371331444;9.947440142942227;EN PLACE
Quartier de l'Europe;Rue Galilée;5.0;130;3.30717766733982;49.8585440759243;9.947440142942227;EN PLACE
Quartier Saint-Martin - Oëstres;Square Rocourt;10.0;80;3.27226403719861;49.8386475763156;9.947440142942227;EN PLACE
Quartier Saint-Martin - Oëstres;Square Rocourt;6.0;80;3.27241208013148;49.8388199300256;9.947440142942227;EN PLACE
Quartier Saint-Jean;Centre multi-sport Pierre Arnould;15.0;165;3.27810309321238;49.8536837129259;9.947440142942227;EN PLACE
Quartier Saint-Jean;Centre multi-sport Pierre Arnould;13.0;115;3.27804680076153;49.8536082539836;9.947440142942227;EN PLACE
Quartier Saint-Jean;Centre multi-sport Pierre Arnould;14.0;125;3.27797891404637;49.8535641975661;9.947440142942227;EN PLACE
Quartier Saint-Jean;Centre multi-sport Pierre Arnould;14.0;130;3.2779215835921;49.8535681308746;9.947440142942227;EN PLACE
Quartier Saint-Jean;Centre multi-sport Pierre Arnould;6.0;90;3.27813117124906;49.8535743082567;9.947440142942227;EN PLACE
Quartier Saint-Jean;Centre multi-sport Pierre Arnould;6.0;180;3.27799850567565;49.8535161382277;9.947440142942227;EN PLACE
Quartier Saint-Jean;Centre multi-sport Pierre Arnould;6.0;220;3.27780021722075;49.853424363038;9.947440142942227;EN PLACE
Quartier Saint-Jean;Centre multi-sport Pierre Arnould;6.0;155;3.27766754168298;49.8533642902634;9.947440142942227;EN PLACE
Quartier Saint-Jean;Centre multi-sport Pierre Arnould;6.0;180;3.27759972415456;49.8533325927239;9.947440142942227;EN PLACE
Quartier Saint-Jean;Centre multi-sport Pierre Arnould;14.0;85;3.27769811512467;49.8534426602179;9.947440142942227;EN PLACE
Quartier Saint-Jean;Centre multi-sport Pierre Arnould;15.0;75;3.27682125185792;49.8535016983108;9.947440142942227;EN PLACE
Quartier Saint-Jean;Centre multi-sport Pierre Arnould;13.0;65;3.27679267568364;49.8535198276258;9.947440142942227;EN PLACE
Quartier Saint-Jean;Rue du Président John Fitzgerald Kennedy;12.0;125;3.27952500410219;49.8551673890187;9.947440142942227;EN PLACE
Quartier Saint-Jean;Rue du Président John Fitzgerald Kennedy;16.0;130;3.27958008868804;49.8551826658107;9.947440142942227;EN PLACE
Quartier Saint-Jean;Rue du Président John Fitzgerald Kennedy;16.0;115;3.27957118168318;49.855167474175;9.947440142942227;EN PLACE
Quartier Saint-Jean;Rue du Président John Fitzgerald Kennedy;14.0;70;3.27959528772871;49.8551653273824;9.947440142942227;EN PLACE
Quartier Saint-Jean;Rue du Président John Fitzgerald Kennedy;16.0;145;3.27966254244937;49.8550936746755;9.947440142942227;EN PLACE
Quartier Saint-Jean;Rue du Président John Fitzgerald Kennedy;7.0;95;3.27973872403938;49.8549333766925;9.947440142942227;EN PLACE
Quartier Saint-Jean;Rue du Président John Fitzgerald Kennedy;15.0;165;3.27980583825153;49.8549032729819;9.947440142942227;EN PLACE
Quartier Saint-Jean;Rue du Président John Fitzgerald Kennedy;13.0;60;3.27981664586407;49.8549298699309;9.947440142942227;EN PLACE
Quartier Saint-Jean;Rue du Président John Fitzgerald Kennedy;13.0;95;3.27982910094428;49.8549215222275;9.947440142942227;EN PLACE
Quartier Saint-Jean;Rue du Président John Fitzgerald Kennedy;8.0;130;3.27984325752767;49.8548886875055;9.947440142942227;EN PLACE
Quartier Saint-Jean;Rue du Président John Fitzgerald Kennedy;12.0;65;3.27994049722095;49.8548544742765;9.947440142942227;SUPPRIMÉ
Quartier Saint-Jean;Rue du Président John Fitzgerald Kennedy;6.0;75;3.2799382023903;49.8548383157058;9.947440142942227;EN PLACE
Quartier Saint-Jean;Rue du Président John Fitzgerald Kennedy;8.0;95;3.28000576475382;49.8548229489575;9.947440142942227;EN PLACE
Quartier Saint-Jean;Rue du Président John Fitzgerald Kennedy;7.0;170;3.27999340595331;49.8547816175764;9.947440142942227;SUPPRIMÉ
Quartier Saint-Jean;Rue du Président John Fitzgerald Kennedy;8.0;80;3.28003273520286;49.8547801014873;9.947440142942227;EN PLACE
Quartier Saint-Jean;Rue du Président John Fitzgerald Kennedy;7.0;70;3.28002789087884;49.8547679902334;9.947440142942227;EN PLACE
Quartier Saint-Jean;Rue du Président John Fitzgerald Kennedy;6.0;65;3.2800458959768;49.8547665231951;9.947440142942227;EN PLACE
Quartier Saint-Jean;Rue du Président John Fitzgerald Kennedy;7.0;85;3.2801000196897;49.8547138688242;9.947440142942227;SUPPRIMÉ
Quartier Saint-Jean;Rue du Président John Fitzgerald Kennedy;12.0;90;3.28012272011603;49.8546967021285;9.947440142942227;EN PLACE
Quartier Saint-Jean;Rue du Président John Fitzgerald Kennedy;10.0;80;3.28014919333306;49.8546973537147;9.947440142942227;SUPPRIMÉ
Quartier Saint-Jean;Rue du Président John Fitzgerald Kennedy;9.0;95;3.28077116008913;49.8543132057714;9.947440142942227;EN PLACE
Quartier Saint-Jean;Rue du Président John Fitzgerald Kennedy;12.0;80;3.28084533098794;49.8542631202435;9.947440142942227;EN PLACE
Quartier Saint-Jean;Rue du Président John Fitzgerald Kennedy;11.0;130;3.28083699483516;49.8542512538223;9.947440142942227;EN PLACE
Quartier Saint-Jean;Rue de Phalsbourg;16.0;110;3.27935156650279;49.8549748824845;9.947440142942227;EN PLACE
Quartier Saint-Jean;Rue de Phalsbourg;16.0;120;3.27935205413437;49.8549799321937;9.947440142942227;EN PLACE
Quartier Saint-Jean;Rue de Phalsbourg;7.0;50;3.27941356034594;49.8549664205538;9.947440142942227;EN PLACE
Quartier Saint-Jean;Rue de Phalsbourg;3.0;45;3.27941267532071;49.8549726629739;9.947440142942227;EN PLACE
Quartier Saint-Jean;Rue de Phalsbourg;10.0;40;3.27941817137398;49.8549690851574;9.947440142942227;EN PLACE
Quartier Saint-Jean;Rue de Phalsbourg;9.0;60;3.27943376325438;49.8549631062239;9.947440142942227;EN PLACE
Quartier Saint-Jean;Rue de Phalsbourg;13.0;85;3.27942348725875;49.8550169083213;9.947440142942227;EN PLACE
Quartier Saint-Jean;Rue de Phalsbourg;10.0;65;3.27949004957714;49.8550033855085;9.947440142942227;EN PLACE
Quartier Saint-Jean;Rue de Phalsbourg;10.0;55;3.2794964667816;49.8550003997686;9.947440142942227;EN PLACE
Quartier Saint-Jean;Rue de Phalsbourg;10.0;40;3.27950154684929;49.8550048451719;9.947440142942227;EN PLACE
Quartier Saint-Jean;Rue de Phalsbourg;10.0;40;3.27957016926784;49.8550317252631;9.947440142942227;EN PLACE
Quartier Saint-Jean;Rue de Phalsbourg;10.0;55;3.27957935441217;49.8550308133327;9.947440142942227;EN PLACE
Quartier Saint-Jean;Rue de Phalsbourg;10.0;40;3.27958352210022;49.8550364494503;9.947440142942227;EN PLACE
Quartier Saint-Jean;Rue de Phalsbourg;10.0;70;3.27960515953207;49.8550435309998;9.947440142942227;EN PLACE
Quartier Saint-Jean;Rue de Phalsbourg;10.0;55;3.27962127830967;49.8550497329297;9.947440142942227;EN PLACE
Quartier Saint-Jean;Rue de Phalsbourg;13.0;140;3.27978100275969;49.8548452471605;9.947440142942227;EN PLACE
Quartier Saint-Jean;Rue de Phalsbourg;15.0;180;3.27972710392431;49.8548213034798;9.947440142942227;EN PLACE
Quartier Saint-Martin - Oëstres;Place Georges Bizet;3.0;25;3.26593907894494;49.8437831721437;12.413698630136986;EN PLACE
Quartier Saint-Martin - Oëstres;Rue du Commandant Charcot;12.0;100;3.26703103309959;49.8462628776302;9.947440142942227;EN PLACE
Quartier Saint-Martin - Oëstres;Rue du Commandant Charcot;12.0;70;3.26712945127014;49.8462098936424;9.947440142942227;EN PLACE
Quartier Saint-Martin - Oëstres;Rue du Commandant Charcot;8.0;55;3.26748747701044;49.8463848282142;9.947440142942227;EN PLACE
Quartier Saint-Martin - Oëstres;Rue du Commandant Charcot;17.0;250;3.26738678699153;49.8465659364546;9.947440142942227;EN PLACE
Quartier Saint-Martin - Oëstres;Rue du Commandant Charcot;21.0;120;3.26744728954503;49.8466076388093;9.947440142942227;EN PLACE
Quartier Saint-Martin - Oëstres;Rue du Commandant Charcot;17.0;135;3.26747719319439;49.8466321750896;9.947440142942227;EN PLACE
Quartier Saint-Martin - Oëstres;Rue du Commandant Charcot;16.0;140;3.26752707559946;49.8466816253702;9.947440142942227;EN PLACE
Quartier Saint-Martin - Oëstres;Rue du Commandant Charcot;12.0;130;3.26766894891766;49.8469241238385;9.947440142942227;EN PLACE
Quartier Saint-Martin - Oëstres;Rue du Commandant Charcot;15.0;225;3.26778444961496;49.8468686054948;9.947440142942227;EN PLACE
Quartier Saint-Martin - Oëstres;Rue du Commandant Charcot;16.0;150;3.26780389786206;49.8467919060051;9.947440142942227;EN PLACE
Quartier Saint-Martin - Oëstres;Rue du Commandant Charcot;16.0;155;3.26778485838125;49.8467363258725;9.947440142942227;EN PLACE
Quartier Saint-Martin - Oëstres;Rue du Commandant Charcot;16.0;160;3.2678665903588;49.8467603922921;9.947440142942227;EN PLACE
Quartier Saint-Martin - Oëstres;Rue du Commandant Charcot;17.0;170;3.26822394631527;49.8467720858142;9.947440142942227;EN PLACE
Quartier Saint-Martin - Oëstres;Rue du Commandant Charcot;14.0;150;3.26828387120118;49.8467384393515;9.947440142942227;EN PLACE
Quartier Saint-Martin - Oëstres;Rue du Commandant Charcot;17.0;155;3.26841543171275;49.8468016154316;9.947440142942227;EN PLACE
Quartier Saint-Martin - Oëstres;Rue du Commandant Charcot;18.0;190;3.26865996962346;49.8470634952833;9.947440142942227;EN PLACE
Quartier Saint-Martin - Oëstres;Rue du Commandant Charcot;18.0;125;3.26873392820944;49.84707723797;9.947440142942227;EN PLACE
Quartier Saint-Martin - Oëstres;Rue du Commandant Charcot;12.0;45;3.26868051563965;49.8471957296375;9.947440142942227;EN PLACE
Quartier Saint-Martin - Oëstres;Rue du Commandant Charcot;14.0;55;3.26862258871581;49.8471897953795;9.947440142942227;EN PLACE
Quartier Saint-Martin - Oëstres;Rue du Commandant Charcot;14.0;50;3.26857684241282;49.8471934620931;9.947440142942227;EN PLACE
Quartier Saint-Martin - Oëstres;Rue du Commandant Charcot;14.0;200;3.26839142229121;49.8472691009649;9.947440142942227;EN PLACE
Quartier du Vermandois;Route d'Amiens;15.0;105;3.2678297570411;49.8507586570597;9.947440142942227;EN PLACE
Quartier du Vermandois;Route d'Amiens;15.0;115;3.26778783109177;49.8507551834548;9.947440142942227;EN PLACE
Quartier du Vermandois;Route d'Amiens;15.0;10;3.26779840059934;49.8507726315295;9.947440142942227;EN PLACE
Quartier du Vermandois;Route d'Amiens;15.0;100;3.26767722764183;49.850799638473;9.947440142942227;EN PLACE
Quartier du Vermandois;Route d'Amiens;15.0;115;3.26768065965558;49.8508231624426;9.947440142942227;EN PLACE
Quartier du Vermandois;Route d'Amiens;15.0;110;3.2676579993983;49.8508132283299;9.947440142942227;EN PLACE
Quartier du Vermandois;Route d'Amiens;10.0;115;3.26778409449868;49.8506735436423;9.947440142942227;EN PLACE
Quartier du Vermandois;Route d'Amiens;16.0;170;3.26766688967073;49.8507208637048;9.947440142942227;EN PLACE
Quartier du Vermandois;Route d'Amiens;13.0;125;3.26764704225346;49.8507216210004;9.947440142942227;EN PLACE
Quartier du Vermandois;Route d'Amiens;7.0;160;3.26750259863473;49.8508328231122;9.947440142942227;EN PLACE
Quartier du Vermandois;Route d'Amiens;24.0;110;3.26738083099427;49.8509564549427;9.947440142942227;SUPPRIMÉ
Quartier du Vermandois;Route d'Amiens;24.0;165;3.26732896740588;49.8509512191862;9.947440142942227;SUPPRIMÉ
Quartier du Vermandois;Route d'Amiens;24.0;155;3.26733742585176;49.8509864985142;9.947440142942227;SUPPRIMÉ
Quartier du Vermandois;Route d'Amiens;26.0;190;3.26667724345729;49.8513079770076;9.947440142942227;SUPPRIMÉ
Quartier du Vermandois;Route d'Amiens;14.0;120;3.26626606715656;49.851573876102;9.947440142942227;EN PLACE
Quartier du Vermandois;Route d'Amiens;11.0;115;3.26622537886279;49.8515964266851;9.947440142942227;EN PLACE
Quartier du Vermandois;Route d'Amiens;12.0;100;3.26618194870981;49.8516218361615;9.947440142942227;EN PLACE
Quartier du Vermandois;Route d'Amiens;14.0;125;3.26614126088241;49.8516447436373;9.947440142942227;EN PLACE
Quartier du Vermandois;Route d'Amiens;8.0;85;3.26536400961435;49.8521217092886;9.947440142942227;EN PLACE
Quartier du Vermandois;Route d'Amiens;8.0;95;3.26525617361866;49.8521690066259;9.947440142942227;EN PLACE
Quartier du Vermandois;Route d'Amiens;8.0;120;3.26516061844333;49.8522451590608;9.947440142942227;EN PLACE
Quartier du Vermandois;Route d'Amiens;8.0;90;3.2650639608444;49.8523216690289;9.947440142942227;EN PLACE
Quartier du Vermandois;Route d'Amiens;8.0;75;3.26497717414303;49.8523871054965;9.947440142942227;EN PLACE
Quartier du Vermandois;Route d'Amiens;8.0;80;3.26488380172168;49.8524589732857;9.947440142942227;EN PLACE
Quartier du Vermandois;Route d'Amiens;8.0;80;3.26479978448364;49.8525272551606;9.947440142942227;EN PLACE
Quartier du Vermandois;Route d'Amiens;8.0;85;3.26470860671302;49.852596979012;9.947440142942227;EN PLACE
Quartier du Vermandois;Route d'Amiens;8.0;80;3.26462239381125;49.8526674045481;9.947440142942227;EN PLACE
Quartier du Vermandois;Route d'Amiens;9.0;105;3.26454170882701;49.8527403142293;9.947440142942227;EN PLACE
Quartier du Vermandois;Route d'Amiens;9.0;105;3.26445992477893;49.8528139392754;9.947440142942227;EN PLACE
Quartier du Vermandois;Route d'Amiens;11.0;120;3.26438859241737;49.8528825500935;9.947440142942227;EN PLACE
Quartier du Vermandois;Route d'Amiens;12.0;100;3.26429746245923;49.8529619005457;9.947440142942227;EN PLACE
Quartier du Vermandois;Route d'Amiens;12.0;105;3.26421341998762;49.8530255474298;9.947440142942227;EN PLACE
Quartier du Vermandois;Route d'Amiens;9.0;95;3.26413716751899;49.8531027254293;9.947440142942227;EN PLACE
Quartier du Vermandois;Route d'Amiens;11.0;125;3.26406308266335;49.853172412102;9.947440142942227;EN PLACE
Quartier du Vermandois;Route d'Amiens;9.0;85;3.2639950769532;49.8532449368476;9.947440142942227;EN PLACE
Quartier du Vermandois;Route d'Amiens;10.0;100;3.26391163270056;49.8533178522771;9.947440142942227;EN PLACE
Quartier du Vermandois;Route d'Amiens;11.0;110;3.26383039111519;49.8533900497477;9.947440142942227;EN PLACE
Quartier du Vermandois;Route d'Amiens;8.0;70;3.2618713416887;49.8552913144559;9.947440142942227;EN PLACE
Quartier du Vermandois;Route d'Amiens;8.0;70;3.26187958269256;49.8553747872784;9.947440142942227;EN PLACE
Quartier du Vermandois;Route d'Amiens;9.0;95;3.26032070402501;49.855952810489;9.947440142942227;EN PLACE
Quartier du Vermandois;Route d'Amiens;9.0;95;3.26020073235205;49.8560021087877;9.947440142942227;EN PLACE
Quartier du Vermandois;Route d'Amiens;9.0;85;3.26008791410635;49.8560506925558;9.947440142942227;EN PLACE
Quartier du Vermandois;Route d'Amiens;9.0;90;3.25997309065103;49.8561003774945;9.947440142942227;EN PLACE
Quartier du Vermandois;Route d'Amiens;9.0;90;3.25985272934639;49.8561455577481;9.947440142942227;EN PLACE
Quartier du Vermandois;Route d'Amiens;9.0;90;3.25973786796114;49.8561876365759;9.947440142942227;EN PLACE
Quartier du Vermandois;Route d'Amiens;10.0;107;3.25962666663812;49.8562268554116;9.947440142942227;EN PLACE
Quartier du Vermandois;Route d'Amiens;10.0;110;3.25949565039614;49.8562737211964;9.947440142942227;EN PLACE
Quartier du Vermandois;Route d'Amiens;10.0;85;3.259371968827;49.8563165321008;9.947440142942227;EN PLACE
Quartier du Vermandois;Route d'Amiens;10.0;100;3.25925085964627;49.8563593362952;9.947440142942227;EN PLACE
Quartier du Vermandois;Route d'Amiens;8.0;70;3.25912900709833;49.856400716111;9.947440142942227;EN PLACE
Quartier du Vermandois;Route d'Amiens;9.0;110;3.25899981714891;49.8564452020173;9.947440142942227;EN PLACE
Quartier du Vermandois;Route d'Amiens;8.0;96;3.25888420365514;49.8564844289757;9.947440142942227;EN PLACE
Quartier du Vermandois;Route d'Amiens;10.0;98;3.25876162376608;49.856527235903;9.947440142942227;EN PLACE
Quartier du Vermandois;Route d'Amiens;10.0;95;3.25863610852092;49.8565717133074;9.947440142942227;EN PLACE
Quartier du Vermandois;Route d'Amiens;11.0;110;3.25851277893167;49.8566116689392;9.947440142942227;EN PLACE
Quartier du Vermandois;Route d'Amiens;8.0;75;3.25839129225544;49.8566530471766;9.947440142942227;EN PLACE
Quartier du Vermandois;Route d'Amiens;8.0;80;3.25826797324358;49.8566956178609;9.947440142942227;EN PLACE
Quartier du Vermandois;Route d'Amiens;8.0;90;3.25814282326824;49.8567393800841;9.947440142942227;EN PLACE
Quartier du Vermandois;Route d'Amiens;8.0;75;3.25802099384059;49.8567855137613;9.947440142942227;EN PLACE
Quartier du Vermandois;Route d'Amiens;10.0;100;3.25790909148258;49.8568321002055;9.947440142942227;EN PLACE
Quartier du Vermandois;Route d'Amiens;7.0;80;3.25778651597812;49.8568763328865;9.947440142942227;EN PLACE
Quartier du Vermandois;Route d'Amiens;8.0;80;3.25766358560491;49.8569229424047;9.947440142942227;EN PLACE
Quartier du Vermandois;Route d'Amiens;9.0;83;3.25753694951979;49.8569640928005;9.947440142942227;EN PLACE
Quartier du Vermandois;Route d'Amiens;8.0;75;3.25741436337266;49.8570064227238;9.947440142942227;EN PLACE
Quartier du Vermandois;Route d'Amiens;8.0;80;3.25729729859122;49.857049692513;9.947440142942227;EN PLACE
Quartier du Vermandois;Route d'Amiens;7.0;75;3.25717250400771;49.8570915514233;9.947440142942227;EN PLACE
Quartier du Vermandois;Route d'Amiens;8.0;85;3.2570447840921;49.8571367457831;9.947440142942227;EN PLACE
Quartier du Vermandois;Route d'Amiens;9.0;80;3.25692734159076;49.8571781136381;9.947440142942227;EN PLACE
Quartier du Vermandois;Route d'Amiens;6.0;43;3.25680805288166;49.8572182977679;9.947440142942227;EN PLACE
Quartier du Vermandois;Route d'Amiens;9.0;77;3.2566825392134;49.8572634851066;9.947440142942227;EN PLACE
Quartier du Vermandois;Route d'Amiens;8.0;118;3.25655772880454;49.8573022542585;9.947440142942227;EN PLACE
Quartier du Vermandois;Route d'Amiens;8.0;105;3.25643513972341;49.857344344908;9.947440142942227;EN PLACE
Quartier du Vermandois;Route d'Amiens;8.0;95;3.25630703907758;49.8573869239547;9.947440142942227;EN PLACE
Quartier du Vermandois;Route d'Amiens;8.0;62;3.25807078504055;49.8565009036928;9.947440142942227;EN PLACE
Quartier du Vermandois;Route d'Amiens;8.0;54;3.25825684573468;49.8564332421116;9.947440142942227;EN PLACE
Quartier du Vermandois;Route d'Amiens;8.0;70;3.25843740317823;49.8563682076805;9.947440142942227;EN PLACE
Quartier du Vermandois;Route d'Amiens;8.0;70;3.25864256591877;49.8562974152026;9.947440142942227;EN PLACE
Quartier du Vermandois;Route d'Amiens;8.0;65;3.25935333562052;49.8560517239665;9.947440142942227;EN PLACE
Quartier du Vermandois;Route d'Amiens;8.0;63;3.25953721865924;49.8559876154936;9.947440142942227;EN PLACE
Quartier du Vermandois;Route d'Amiens;8.0;75;3.25971850712664;49.8559223392086;9.947440142942227;EN PLACE
Quartier du Vermandois;Route d'Amiens;8.0;55;3.26005716428012;49.8557873201432;9.947440142942227;EN PLACE
Quartier du Vermandois;Route d'Amiens;8.0;58;3.26023031858932;49.8557130292172;9.947440142942227;EN PLACE
Quartier du Vermandois;Route d'Amiens;8.0;63;3.26039244228793;49.855638759797;9.947440142942227;EN PLACE
Quartier du Vermandois;Route d'Amiens;8.0;53;3.26056996621664;49.8555566135615;9.947440142942227;EN PLACE
Quartier du Vermandois;Route d'Amiens;8.0;62;3.26078121072468;49.8554541923083;9.947440142942227;EN PLACE
Quartier Saint-Martin - Oëstres;Route d'Amiens;10.0;120;3.26085484902466;49.8552775065249;9.947440142942227;EN PLACE
Quartier Saint-Martin - Oëstres;Route d'Amiens;10.0;110;3.26085592061482;49.8552174862463;9.947440142942227;EN PLACE
Quartier Saint-Martin - Oëstres;Route d'Amiens;10.0;120;3.26086044330386;49.8551131881633;9.947440142942227;EN PLACE
Quartier du Vermandois;Route d'Amiens;7.0;80;3.26171266719343;49.8548768580795;9.947440142942227;EN PLACE
Quartier du Vermandois;Route d'Amiens;7.0;70;3.26184150548438;49.8547653403205;9.947440142942227;EN PLACE
Quartier du Vermandois;Route d'Amiens;7.0;70;3.26198630825812;49.8546480841168;9.947440142942227;EN PLACE
Quartier du Vermandois;Route d'Amiens;8.0;80;3.26223518050971;49.8544288695713;9.947440142942227;EN PLACE
Quartier du Vermandois;Route d'Amiens;8.0;70;3.26236111495173;49.8543244889705;9.947440142942227;EN PLACE
Quartier du Vermandois;Route d'Amiens;7.0;60;3.26248919323381;49.8542086935834;9.947440142942227;EN PLACE
Quartier du Vermandois;Route d'Amiens;7.0;70;3.26260995221364;49.8540990935956;9.947440142942227;EN PLACE
Quartier du Vermandois;Route d'Amiens;7.0;50;3.26273583920704;49.8539861555146;9.947440142942227;EN PLACE
Quartier du Vermandois;Route d'Amiens;8.0;50;3.26285209941113;49.853877991226;9.947440142942227;EN PLACE
Quartier du Vermandois;Route d'Amiens;7.0;65;3.26422442747885;49.8525900608455;9.947440142942227;EN PLACE
Quartier du Vermandois;Route d'Amiens;8.0;55;3.26430262213345;49.8525153148275;9.947440142942227;EN PLACE
Quartier du Vermandois;Route d'Amiens;8.0;80;3.26438449480596;49.8524411538466;9.947440142942227;EN PLACE
Quartier du Vermandois;Rue de Lille;14.0;65;3.26590773611406;49.8644152423882;9.947440142942227;EN PLACE
Quartier du Vermandois;Rue de Lille;14.0;95;3.26592685850842;49.8644154391361;9.947440142942227;EN PLACE
Quartier du Vermandois;Rue de Lille;14.0;70;3.26594090913486;49.8644303827438;9.947440142942227;EN PLACE
Quartier du Vermandois;Rue de Lille;14.0;65;3.2659228910567;49.8644301843968;9.947440142942227;EN PLACE
Quartier du Vermandois;Rue de Lille;14.0;90;3.26590523500304;49.8644290340357;9.947440142942227;EN PLACE
Quartier du Vermandois;Rue de Lille;14.0;170;3.26571955657347;49.8644327654794;9.947440142942227;EN PLACE
Quartier du Vermandois;Rue de Lille;12.0;165;3.26563865013804;49.8644310407292;9.947440142942227;EN PLACE
Quartier de l'Europe;Place Roterham;22.0;175;3.29026210651591;49.8595732872606;9.947440142942227;EN PLACE
Quartier de l'Europe;Place Roterham;9.0;115;3.29013429770213;49.8597280931253;9.947440142942227;EN PLACE
Quartier de l'Europe;Place Roterham;9.0;130;3.2901361195603;49.8596605834717;9.947440142942227;EN PLACE
Quartier de l'Europe;Place Roterham;9.0;130;3.29013244160527;49.8595308102231;9.947440142942227;EN PLACE
Quartier de l'Europe;Place Roterham;9.0;145;3.29013513409636;49.859487069291;9.947440142942227;EN PLACE
Quartier de l'Europe;Place Roterham;9.0;135;3.29013417770168;49.8594480888519;9.947440142942227;EN PLACE
Quartier de l'Europe;Place Roterham;9.0;140;3.29013541711809;49.8594076779928;9.947440142942227;EN PLACE
Quartier de l'Europe;Place Roterham;9.0;140;3.29013940801835;49.8593335073041;9.947440142942227;EN PLACE
Quartier de l'Europe;Place Roterham;9.0;145;3.29013833777011;49.8592745628409;9.947440142942227;EN PLACE
Quartier de l'Europe;Place Roterham;9.0;130;3.29013725766329;49.8592137151117;9.947440142942227;EN PLACE
Quartier du faubourg d'Isle;Parc d'Isle Jacques Braconnier;10.0;70;3.3052543059056;49.8427904072854;9.947440142942227;EN PLACE
Quartier du faubourg d'Isle;Parc d'Isle Jacques Braconnier;8.0;85;3.3052926677522;49.8428437933281;9.947440142942227;EN PLACE
Quartier du faubourg d'Isle;Parc d'Isle Jacques Braconnier;8.0;70;3.30537044068023;49.8428496605738;9.947440142942227;EN PLACE
Quartier du faubourg d'Isle;Parc d'Isle Jacques Braconnier;10.0;90;3.30489188430719;49.8429811328948;9.947440142942227;EN PLACE
Quartier du faubourg d'Isle;Parc d'Isle Jacques Braconnier;10.0;90;3.30497796912938;49.8430088483731;9.947440142942227;EN PLACE
Quartier du faubourg d'Isle;Parc d'Isle Jacques Braconnier;10.0;95;3.30503613795949;49.8430553519995;9.947440142942227;EN PLACE
Quartier du faubourg d'Isle;Parc d'Isle Jacques Braconnier;12.0;105;3.30505094613691;49.8430731418191;9.947440142942227;EN PLACE
Quartier du faubourg d'Isle;Parc d'Isle Jacques Braconnier;15.0;95;3.30506162165853;49.8430912399641;9.947440142942227;EN PLACE
Quartier du faubourg d'Isle;Parc d'Isle Jacques Braconnier;12.0;85;3.30507483707821;49.8430730815315;9.947440142942227;EN PLACE
Quartier du faubourg d'Isle;Parc d'Isle Jacques Braconnier;20.0;75;3.30495834752525;49.8431774158831;9.947440142942227;EN PLACE
Quartier du faubourg d'Isle;Parc d'Isle Jacques Braconnier;15.0;60;3.3049793988678;49.843194240088;9.947440142942227;EN PLACE
Quartier du faubourg d'Isle;Parc d'Isle Jacques Braconnier;8.0;30;3.30495063361467;49.843239950045;9.947440142942227;EN PLACE
Quartier du faubourg d'Isle;Parc d'Isle Jacques Braconnier;22.0;90;3.30489665428441;49.8433102068028;9.947440142942227;EN PLACE
Quartier du faubourg d'Isle;Parc d'Isle Jacques Braconnier;13.0;70;3.30491262098679;49.843275461737;9.947440142942227;EN PLACE
Quartier du faubourg d'Isle;Parc d'Isle Jacques Braconnier;21.0;85;3.30493324029638;49.8432815918913;9.947440142942227;EN PLACE
Quartier du faubourg d'Isle;Parc d'Isle Jacques Braconnier;10.0;60;3.30501273442361;49.8432694647757;9.947440142942227;EN PLACE
Quartier du faubourg d'Isle;Parc d'Isle Jacques Braconnier;8.0;60;3.3050365388339;49.8432178725787;9.947440142942227;EN PLACE
Quartier du faubourg d'Isle;Parc d'Isle Jacques Braconnier;8.0;60;3.30506166518894;49.8432398674446;9.947440142942227;EN PLACE
Quartier du faubourg d'Isle;Parc d'Isle Jacques Braconnier;10.0;60;3.30516684429908;49.8432984589193;9.947440142942227;EN PLACE
Quartier du faubourg d'Isle;Parc d'Isle Jacques Braconnier;10.0;60;3.30522835444577;49.8433196983538;9.947440142942227;EN PLACE
Quartier du faubourg d'Isle;Parc d'Isle Jacques Braconnier;10.0;60;3.30527674957175;49.8433606998671;9.947440142942227;EN PLACE
Quartier du faubourg d'Isle;Parc d'Isle Jacques Braconnier;11.0;40;3.30534804921038;49.8432977692509;9.947440142942227;EN PLACE
Quartier du faubourg d'Isle;Parc d'Isle Jacques Braconnier;11.0;45;3.30536264023501;49.8433405183123;9.947440142942227;EN PLACE
Quartier du faubourg d'Isle;Parc d'Isle Jacques Braconnier;11.0;50;3.3054235359207;49.843320399031;9.947440142942227;EN PLACE
Quartier du faubourg d'Isle;Parc d'Isle Jacques Braconnier;11.0;40;3.30542929722998;49.8433619816041;9.947440142942227;EN PLACE
Quartier du faubourg d'Isle;Parc d'Isle Jacques Braconnier;10.0;65;3.30536623364262;49.843388286644;9.947440142942227;EN PLACE
Quartier du faubourg d'Isle;Parc d'Isle Jacques Braconnier;10.0;65;3.30546195072136;49.8434134809267;9.947440142942227;EN PLACE
Quartier du faubourg d'Isle;Parc d'Isle Jacques Braconnier;18.0;80;3.30559015236952;49.8434616513802;9.947440142942227;EN PLACE
Quartier du faubourg d'Isle;Parc d'Isle Jacques Braconnier;25.0;115;3.30561092570411;49.8434688248194;9.947440142942227;EN PLACE
Quartier du faubourg d'Isle;Parc d'Isle Jacques Braconnier;18.0;60;3.30562516027424;49.8434643203475;9.947440142942227;EN PLACE
Quartier du faubourg d'Isle;Parc d'Isle Jacques Braconnier;19.0;70;3.30562662629992;49.8434758217608;9.947440142942227;EN PLACE
Quartier du faubourg d'Isle;Parc d'Isle Jacques Braconnier;15.0;50;3.30565604737696;49.843478362314;9.947440142942227;EN PLACE
Quartier du faubourg d'Isle;Parc d'Isle Jacques Braconnier;17.0;110;3.30600732195115;49.8435406706337;9.947440142942227;EN PLACE
Quartier du faubourg d'Isle;Parc d'Isle Jacques Braconnier;10.0;70;3.30604685375856;49.8435129988999;9.947440142942227;EN PLACE
Quartier du faubourg d'Isle;Parc d'Isle Jacques Braconnier;15.0;80;3.30602521218177;49.8434593330769;9.947440142942227;EN PLACE
Quartier du faubourg d'Isle;Parc d'Isle Jacques Braconnier;12.0;65;3.30611668934481;49.8435128240053;9.947440142942227;EN PLACE
Quartier du faubourg d'Isle;Parc d'Isle Jacques Braconnier;13.0;110;3.30622710788912;49.8434087911512;9.947440142942227;EN PLACE
Quartier du faubourg d'Isle;Parc d'Isle Jacques Braconnier;9.0;80;3.30618415400607;49.8432334774118;9.947440142942227;EN PLACE
Quartier du faubourg d'Isle;Parc d'Isle Jacques Braconnier;9.0;60;3.3062811005259;49.8432186148351;9.947440142942227;EN PLACE
Quartier du faubourg d'Isle;Parc d'Isle Jacques Braconnier;9.0;80;3.30630346288019;49.8432699025287;9.947440142942227;EN PLACE
Quartier du faubourg d'Isle;Parc d'Isle Jacques Braconnier;9.0;80;3.30678134823331;49.8434416682392;9.947440142942227;EN PLACE
Quartier du faubourg d'Isle;Parc d'Isle Jacques Braconnier;11.0;155;3.3068615399406;49.8433421083604;9.947440142942227;EN PLACE
Quartier du faubourg d'Isle;Parc d'Isle Jacques Braconnier;10.0;100;3.30696263168389;49.8433743009153;9.947440142942227;EN PLACE
Quartier du faubourg d'Isle;Parc d'Isle Jacques Braconnier;10.0;65;3.30697185696108;49.8433804578082;9.947440142942227;EN PLACE
Quartier du faubourg d'Isle;Parc d'Isle Jacques Braconnier;13.0;100;3.30699181925597;49.8433993037824;9.947440142942227;EN PLACE
Quartier du faubourg d'Isle;Parc d'Isle Jacques Braconnier;13.0;75;3.30700898907338;49.8434124534392;9.947440142942227;EN PLACE
Quartier du faubourg d'Isle;Parc d'Isle Jacques Braconnier;10.0;70;3.30702810080183;49.8434275588575;9.947440142942227;EN PLACE
Quartier du faubourg d'Isle;Parc d'Isle Jacques Braconnier;11.0;65;3.30702716048013;49.8434236980694;9.947440142942227;EN PLACE
Quartier du faubourg d'Isle;Parc d'Isle Jacques Braconnier;11.0;100;3.30704368147107;49.8434206852738;9.947440142942227;EN PLACE
Quartier du faubourg d'Isle;Parc d'Isle Jacques Braconnier;6.0;25;3.30661548930111;49.8436201337019;9.947440142942227;EN PLACE
Quartier du faubourg d'Isle;Parc d'Isle Jacques Braconnier;6.0;20;3.30653145991165;49.843582598157;9.947440142942227;EN PLACE
Quartier du faubourg d'Isle;Parc d'Isle Jacques Braconnier;10.0;45;3.30634129097166;49.8436824331542;9.947440142942227;EN PLACE
Quartier du faubourg d'Isle;Parc d'Isle Jacques Braconnier;10.0;45;3.30628705565181;49.8436485786386;9.947440142942227;EN PLACE
Quartier du faubourg d'Isle;Parc d'Isle Jacques Braconnier;10.0;45;3.30623727035967;49.8436213682064;9.947440142942227;EN PLACE
Quartier du faubourg d'Isle;Parc d'Isle Jacques Braconnier;10.0;35;3.30618268445705;49.8435901281148;9.947440142942227;EN PLACE
Quartier du faubourg d'Isle;Parc d'Isle Jacques Braconnier;10.0;55;3.30595162556205;49.8435915387926;9.947440142942227;EN PLACE
Quartier du faubourg d'Isle;Parc d'Isle Jacques Braconnier;10.0;60;3.30603316084245;49.8436266924594;9.947440142942227;EN PLACE
Quartier du faubourg d'Isle;Parc d'Isle Jacques Braconnier;10.0;60;3.30612666014574;49.8436650838413;9.947440142942227;EN PLACE
Quartier du faubourg d'Isle;Parc d'Isle Jacques Braconnier;10.0;55;3.30621874017463;49.8436963484315;9.947440142942227;EN PLACE
Quartier du faubourg d'Isle;Parc d'Isle Jacques Braconnier;10.0;50;3.30631231593942;49.8437322436841;9.947440142942227;EN PLACE
Quartier du faubourg d'Isle;Parc d'Isle Jacques Braconnier;10.0;50;3.30636371563194;49.8437527950523;9.947440142942227;EN PLACE
Quartier du faubourg d'Isle;Parc d'Isle Jacques Braconnier;7.0;30;3.30647690505908;49.8437313960416;9.947440142942227;SUPPRIMÉ
Quartier du faubourg d'Isle;Parc d'Isle Jacques Braconnier;7.0;25;3.30654478406377;49.8437235237819;9.947440142942227;EN PLACE
Quartier du faubourg d'Isle;Parc d'Isle Jacques Braconnier;7.0;25;3.30654719219518;49.8437571754815;9.947440142942227;SUPPRIMÉ
Quartier du faubourg d'Isle;Parc d'Isle Jacques Braconnier;18.0;130;3.3067367015308;49.8437297995608;9.947440142942227;EN PLACE
Quartier du faubourg d'Isle;Parc d'Isle Jacques Braconnier;14.0;60;3.30675701110787;49.8437147727009;9.947440142942227;EN PLACE
Quartier du faubourg d'Isle;Parc d'Isle Jacques Braconnier;18.0;120;3.30677516199224;49.8437075957489;9.947440142942227;EN PLACE
Quartier du faubourg d'Isle;Parc d'Isle Jacques Braconnier;16.0;115;3.30677622045008;49.843700106537;9.947440142942227;EN PLACE
Quartier du faubourg d'Isle;Parc d'Isle Jacques Braconnier;18.0;170;3.30696015816486;49.8437257909632;9.947440142942227;EN PLACE
Quartier du faubourg d'Isle;Parc d'Isle Jacques Braconnier;18.0;120;3.30693947924241;49.8437711242299;9.947440142942227;EN PLACE
Quartier du faubourg d'Isle;Parc d'Isle Jacques Braconnier;18.0;75;3.30691526719944;49.8437790300058;9.947440142942227;EN PLACE
Quartier du faubourg d'Isle;Parc d'Isle Jacques Braconnier;18.0;60;3.30692363387283;49.8437950526982;9.947440142942227;EN PLACE
Quartier du faubourg d'Isle;Parc d'Isle Jacques Braconnier;18.0;105;3.30689938224717;49.8437961841815;9.947440142942227;EN PLACE
Quartier du faubourg d'Isle;Parc d'Isle Jacques Braconnier;15.0;115;3.30679211179096;49.843867287766;9.947440142942227;EN PLACE
Quartier du faubourg d'Isle;Parc d'Isle Jacques Braconnier;15.0;100;3.30670479862769;49.8439259806763;9.947440142942227;EN PLACE
Quartier du faubourg d'Isle;Parc d'Isle Jacques Braconnier;11.0;110;3.30700905489188;49.8439109541974;9.947440142942227;EN PLACE
Quartier du faubourg d'Isle;Parc d'Isle Jacques Braconnier;13.0;150;3.30709651376437;49.8441209797327;9.947440142942227;EN PLACE
Quartier du faubourg d'Isle;Parc d'Isle Jacques Braconnier;16.0;95;3.30744043187154;49.8442618715654;9.947440142942227;EN PLACE
Quartier du faubourg d'Isle;Parc d'Isle Jacques Braconnier;16.0;115;3.30747368466808;49.8442903115408;9.947440142942227;EN PLACE
Quartier du faubourg d'Isle;Parc d'Isle Jacques Braconnier;17.0;90;3.30746134550452;49.8442249752511;9.947440142942227;EN PLACE
Quartier du faubourg d'Isle;Parc d'Isle Jacques Braconnier;17.0;100;3.30755077434973;49.8442734788545;9.947440142942227;EN PLACE
Quartier du faubourg d'Isle;Parc d'Isle Jacques Braconnier;6.0;65;3.30800768395332;49.844459514864;9.947440142942227;EN PLACE
Quartier du faubourg d'Isle;Parc d'Isle Jacques Braconnier;15.0;120;3.3081750665796;49.8444822685411;9.947440142942227;Non essouché
Quartier du faubourg d'Isle;Parc d'Isle Jacques Braconnier;20.0;180;3.3080648517062;49.8443393327131;9.947440142942227;EN PLACE
Quartier du faubourg d'Isle;Parc d'Isle Jacques Braconnier;21.0;180;3.30817325119039;49.8443337113994;9.947440142942227;EN PLACE
Quartier du faubourg d'Isle;Parc d'Isle Jacques Braconnier;20.0;190;3.30838007407571;49.8443444793096;9.947440142942227;EN PLACE
Quartier du faubourg d'Isle;Parc d'Isle Jacques Braconnier;20.0;190;3.30831003562859;49.8442390447968;9.947440142942227;EN PLACE
Quartier du faubourg d'Isle;Parc d'Isle Jacques Braconnier;22.0;180;3.30817116751542;49.8441794000907;9.947440142942227;EN PLACE
Quartier du faubourg d'Isle;Parc d'Isle Jacques Braconnier;22.0;210;3.30803229834944;49.8441197552225;9.947440142942227;EN PLACE
Quartier du faubourg d'Isle;Parc d'Isle Jacques Braconnier;20.0;190;3.30789343091114;49.8440601101848;9.947440142942227;EN PLACE
Quartier du faubourg d'Isle;Parc d'Isle Jacques Braconnier;20.0;210;3.30775456242003;49.8440004649849;9.947440142942227;EN PLACE
Quartier du faubourg d'Isle;Parc d'Isle Jacques Braconnier;18.0;220;3.3076156956566;49.8439408196155;9.947440142942227;EN PLACE
Quartier du faubourg d'Isle;Parc d'Isle Jacques Braconnier;18.0;175;3.30747682784036;49.843881174084;9.947440142942227;EN PLACE
Quartier du faubourg d'Isle;Parc d'Isle Jacques Braconnier;18.0;220;3.3073379617518;49.8438215283831;9.947440142942227;EN PLACE
Quartier du faubourg d'Isle;Parc d'Isle Jacques Braconnier;18.0;200;3.30720723406818;49.8437655752234;9.947440142942227;EN PLACE
Quartier du faubourg d'Isle;Parc d'Isle Jacques Braconnier;18.0;200;3.30706552911843;49.8437044990362;9.947440142942227;EN PLACE
Quartier du faubourg d'Isle;Parc d'Isle Jacques Braconnier;8.0;90;3.30718333576286;49.84357632067;9.947440142942227;EN PLACE
Quartier du faubourg d'Isle;Parc d'Isle Jacques Braconnier;23.0;240;3.30717896706277;49.8436022348287;9.947440142942227;EN PLACE
Quartier du faubourg d'Isle;Parc d'Isle Jacques Braconnier;20.0;200;3.30731783234349;49.8436618816224;9.947440142942227;EN PLACE
Quartier du faubourg d'Isle;Parc d'Isle Jacques Braconnier;25.0;220;3.30744786387067;49.8437188047685;9.947440142942227;EN PLACE
Quartier du faubourg d'Isle;Parc d'Isle Jacques Braconnier;23.0;165;3.30758854016691;49.8437789328873;9.947440142942227;EN PLACE
Quartier du faubourg d'Isle;Parc d'Isle Jacques Braconnier;20.0;180;3.30773442742979;49.8438408210159;9.947440142942227;EN PLACE
Quartier du faubourg d'Isle;Parc d'Isle Jacques Braconnier;19.0;170;3.30787482967569;49.84390036692;9.947440142942227;EN PLACE
Quartier du faubourg d'Isle;Parc d'Isle Jacques Braconnier;19.0;190;3.30801369525492;49.8439600128866;9.947440142942227;EN PLACE
Quartier du faubourg d'Isle;Parc d'Isle Jacques Braconnier;22.0;185;3.30815256256183;49.8440196586836;9.947440142942227;EN PLACE
Quartier du faubourg d'Isle;Parc d'Isle Jacques Braconnier;21.0;185;3.30829142881593;49.8440793043185;9.947440142942227;EN PLACE
Quartier du faubourg d'Isle;Parc d'Isle Jacques Braconnier;19.0;150;3.30843029679772;49.844138949784;9.947440142942227;EN PLACE
Quartier du faubourg d'Isle;Parc d'Isle Jacques Braconnier;22.0;185;3.30855485728323;49.8440921160496;9.947440142942227;EN PLACE
Quartier du faubourg d'Isle;Parc d'Isle Jacques Braconnier;24.0;190;3.30870597186042;49.8440079446549;9.947440142942227;EN PLACE
Quartier du faubourg d'Isle;Parc d'Isle Jacques Braconnier;24.0;190;3.30870267908783;49.8439194097071;9.947440142942227;Essouché
Quartier du faubourg d'Isle;Parc d'Isle Jacques Braconnier;20.0;135;3.30869846130003;49.8438296895342;9.947440142942227;Essouché
Quartier du faubourg d'Isle;Parc d'Isle Jacques Braconnier;17.0;125;3.30828263732308;49.8439038315292;9.947440142942227;EN PLACE
Quartier du faubourg d'Isle;Parc d'Isle Jacques Braconnier;15.0;155;3.30819671724251;49.8438273909632;9.947440142942227;EN PLACE
Quartier du faubourg d'Isle;Parc d'Isle Jacques Braconnier;8.0;40;3.30811245640754;49.84387395493;9.947440142942227;EN PLACE
Quartier du faubourg d'Isle;Parc d'Isle Jacques Braconnier;6.0;35;3.30809103801616;49.8438701946477;9.947440142942227;EN PLACE
Quartier du faubourg d'Isle;Parc d'Isle Jacques Braconnier;10.0;100;3.30806674617047;49.8437605689729;9.947440142942227;EN PLACE
Quartier du faubourg d'Isle;Parc d'Isle Jacques Braconnier;16.0;130;3.30750782025586;49.8434185029849;9.947440142942227;EN PLACE
Quartier du faubourg d'Isle;Parc d'Isle Jacques Braconnier;8.0;80;3.30809267017301;49.8436404651613;9.947440142942227;EN PLACE
Quartier du faubourg d'Isle;Parc d'Isle Jacques Braconnier;19.0;195;3.30826092561058;49.8436560860061;9.947440142942227;EN PLACE
Quartier du faubourg d'Isle;Parc d'Isle Jacques Braconnier;20.0;160;3.30927518996792;49.8440748430479;9.947440142942227;EN PLACE
Quartier du faubourg d'Isle;Parc d'Isle Jacques Braconnier;22.0;190;3.30914896300725;49.8441108168367;9.947440142942227;EN PLACE
Quartier du faubourg d'Isle;Parc d'Isle Jacques Braconnier;20.0;190;3.30903007095414;49.8441439211705;9.947440142942227;EN PLACE
Quartier du faubourg d'Isle;Parc d'Isle Jacques Braconnier;20.0;200;3.30889943675252;49.8441803818918;9.947440142942227;EN PLACE
Quartier du faubourg d'Isle;Parc d'Isle Jacques Braconnier;23.0;200;3.30909733167187;49.8442036509369;9.947440142942227;EN PLACE
Quartier du faubourg d'Isle;Parc d'Isle Jacques Braconnier;23.0;170;3.30917694701365;49.8442400544663;9.947440142942227;EN PLACE
Quartier du faubourg d'Isle;Parc d'Isle Jacques Braconnier;23.0;180;3.309059380078;49.8442493842786;9.947440142942227;EN PLACE
Quartier du faubourg d'Isle;Parc d'Isle Jacques Braconnier;19.0;175;3.30895064922535;49.8442610696228;9.947440142942227;Essouché
Quartier du faubourg d'Isle;Parc d'Isle Jacques Braconnier;20.0;170;3.30892796877903;49.8443568159099;9.947440142942227;EN PLACE
Quartier du faubourg d'Isle;Parc d'Isle Jacques Braconnier;22.0;185;3.3090738730954;49.8444168952188;9.947440142942227;EN PLACE
Quartier du faubourg d'Isle;Parc d'Isle Jacques Braconnier;20.0;220;3.30921560166217;49.8444752564589;9.947440142942227;EN PLACE
Quartier du faubourg d'Isle;Parc d'Isle Jacques Braconnier;20.0;180;3.30910633071302;49.8445809720986;9.947440142942227;EN PLACE
Quartier du faubourg d'Isle;Parc d'Isle Jacques Braconnier;20.0;180;3.30896374472563;49.844522257858;9.947440142942227;EN PLACE
Quartier du faubourg d'Isle;Parc d'Isle Jacques Braconnier;19.0;170;3.30881907103629;49.8444626849423;9.947440142942227;EN PLACE
Quartier du faubourg d'Isle;Parc d'Isle Jacques Braconnier;18.0;150;3.30861042487702;49.8444972521311;9.947440142942227;EN PLACE
Quartier du faubourg d'Isle;Parc d'Isle Jacques Braconnier;21.0;175;3.3087167032977;49.8445663915465;9.947440142942227;EN PLACE
Quartier du faubourg d'Isle;Parc d'Isle Jacques Braconnier;18.0;185;3.30874879951734;49.8446466522227;9.947440142942227;Essouché
Quartier du faubourg d'Isle;Parc d'Isle Jacques Braconnier;11.0;125;3.30892139393985;49.8448622845954;9.947440142942227;EN PLACE
Quartier du faubourg d'Isle;Parc d'Isle Jacques Braconnier;12.0;145;3.30897434061248;49.8448799771405;9.947440142942227;EN PLACE
Quartier du faubourg d'Isle;Parc d'Isle Jacques Braconnier;11.0;50;3.30909778539627;49.8447789398724;9.947440142942227;EN PLACE
Quartier du faubourg d'Isle;Parc d'Isle Jacques Braconnier;11.0;100;3.3092408280075;49.8447274733709;9.947440142942227;EN PLACE
Quartier du faubourg d'Isle;Parc d'Isle Jacques Braconnier;12.0;105;3.30926626741816;49.8448314011184;9.947440142942227;EN PLACE
Quartier du faubourg d'Isle;Parc d'Isle Jacques Braconnier;15.0;140;3.30932377164462;49.8449186109295;9.947440142942227;EN PLACE
Quartier du faubourg d'Isle;Parc d'Isle Jacques Braconnier;16.0;110;3.30935792187233;49.8450342834459;9.947440142942227;EN PLACE
Quartier du faubourg d'Isle;Parc d'Isle Jacques Braconnier;6.0;30;3.30929188560707;49.8450554872735;9.947440142942227;EN PLACE
Quartier du faubourg d'Isle;Parc d'Isle Jacques Braconnier;23.0;265;3.30946007071394;49.8451495456611;9.947440142942227;EN PLACE
Quartier du faubourg d'Isle;Parc d'Isle Jacques Braconnier;10.0;80;3.30934791225431;49.84471709933;9.947440142942227;EN PLACE
Quartier du faubourg d'Isle;Parc d'Isle Jacques Braconnier;10.0;85;3.30936828548261;49.8448035699408;9.947440142942227;EN PLACE
Quartier du faubourg d'Isle;Parc d'Isle Jacques Braconnier;15.0;120;3.30942095530601;49.8448818774019;9.947440142942227;EN PLACE
Quartier du faubourg d'Isle;Parc d'Isle Jacques Braconnier;11.0;110;3.30959454170603;49.8450178758343;9.947440142942227;EN PLACE
Quartier du faubourg d'Isle;Parc d'Isle Jacques Braconnier;10.0;100;3.30971900810991;49.8450551163946;9.947440142942227;EN PLACE
Quartier du faubourg d'Isle;Parc d'Isle Jacques Braconnier;13.0;110;3.30985222517409;49.8450804499992;9.947440142942227;EN PLACE
Quartier du faubourg d'Isle;Parc d'Isle Jacques Braconnier;15.0;115;3.30999704458419;49.8450796073565;9.947440142942227;EN PLACE
Quartier du faubourg d'Isle;Parc d'Isle Jacques Braconnier;10.0;95;3.31012848511219;49.8450545523281;9.947440142942227;EN PLACE
Quartier du faubourg d'Isle;Parc d'Isle Jacques Braconnier;14.0;110;3.31001218340011;49.8451513543353;9.947440142942227;EN PLACE
Quartier du faubourg d'Isle;Parc d'Isle Jacques Braconnier;10.0;115;3.31016933436692;49.8451229066539;9.947440142942227;EN PLACE
Quartier du faubourg d'Isle;Parc d'Isle Jacques Braconnier;13.0;110;3.31032556278118;49.8449821960225;9.947440142942227;EN PLACE
Quartier du faubourg d'Isle;Parc d'Isle Jacques Braconnier;10.0;90;3.31041336970744;49.8449144663133;9.947440142942227;EN PLACE
Quartier du faubourg d'Isle;Parc d'Isle Jacques Braconnier;10.0;105;3.31048126274329;49.8448363286825;9.947440142942227;EN PLACE
Quartier du faubourg d'Isle;Parc d'Isle Jacques Braconnier;13.0;120;3.31050647209483;49.8447506925023;9.947440142942227;EN PLACE
Quartier du faubourg d'Isle;Parc d'Isle Jacques Braconnier;8.0;80;3.31047157527876;49.844572983771;9.947440142942227;EN PLACE
Quartier du faubourg d'Isle;Parc d'Isle Jacques Braconnier;8.0;65;3.31050299465696;49.8446622776876;9.947440142942227;EN PLACE
Quartier du faubourg d'Isle;Parc d'Isle Jacques Braconnier;13.0;105;3.3104159426664;49.8444913562939;9.947440142942227;EN PLACE
Quartier du faubourg d'Isle;Parc d'Isle Jacques Braconnier;8.0;70;3.31031996472837;49.8444240935846;9.947440142942227;EN PLACE
Quartier du faubourg d'Isle;Parc d'Isle Jacques Braconnier;13.0;80;3.31020494611841;49.8443687639434;9.947440142942227;EN PLACE
Quartier du faubourg d'Isle;Parc d'Isle Jacques Braconnier;13.0;70;3.31007167492471;49.8443339233543;9.947440142942227;EN PLACE
Quartier du faubourg d'Isle;Parc d'Isle Jacques Braconnier;15.0;90;3.3099392990955;49.844325702218;9.947440142942227;EN PLACE
Quartier du faubourg d'Isle;Parc d'Isle Jacques Braconnier;9.0;50;3.30980336491773;49.8443369818721;9.947440142942227;EN PLACE
Quartier du faubourg d'Isle;Parc d'Isle Jacques Braconnier;15.0;100;3.30967195173796;49.8443663141884;9.947440142942227;EN PLACE
Quartier du faubourg d'Isle;Parc d'Isle Jacques Braconnier;15.0;100;3.30955973121395;49.8444084333783;9.947440142942227;EN PLACE
Quartier du faubourg d'Isle;Parc d'Isle Jacques Braconnier;15.0;115;3.30947339951544;49.844477109776;9.947440142942227;EN PLACE
Quartier du faubourg d'Isle;Parc d'Isle Jacques Braconnier;10.0;120;3.3094939705153;49.8443534541368;9.947440142942227;EN PLACE
Quartier du faubourg d'Isle;Parc d'Isle Jacques Braconnier;10.0;105;3.30964436324363;49.8443022051028;9.947440142942227;EN PLACE
Quartier du faubourg d'Isle;Parc d'Isle Jacques Braconnier;10.0;90;3.30979408782309;49.844261891965;9.947440142942227;EN PLACE
Quartier du faubourg d'Isle;Parc d'Isle Jacques Braconnier;10.0;75;3.30994769413187;49.8442553216731;9.947440142942227;EN PLACE
Quartier du faubourg d'Isle;Parc d'Isle Jacques Braconnier;13.0;100;3.31010653026282;49.8442630009001;9.947440142942227;EN PLACE
Quartier du faubourg d'Isle;Parc d'Isle Jacques Braconnier;13.0;80;3.3102508421983;49.8442997146759;9.947440142942227;EN PLACE
Quartier du faubourg d'Isle;Parc d'Isle Jacques Braconnier;13.0;95;3.3103886784519;49.8443597399556;9.947440142942227;EN PLACE
Quartier du faubourg d'Isle;Parc d'Isle Jacques Braconnier;13.0;100;3.31050682313095;49.8444454870254;9.947440142942227;EN PLACE
Quartier du faubourg d'Isle;Parc d'Isle Jacques Braconnier;13.0;70;3.31057209253489;49.8445404003996;9.947440142942227;EN PLACE
Quartier du faubourg d'Isle;Parc d'Isle Jacques Braconnier;10.0;80;3.3106183122268;49.8446458210679;9.947440142942227;EN PLACE
Quartier du faubourg d'Isle;Parc d'Isle Jacques Braconnier;15.0;120;3.31062042146629;49.8447508783405;9.947440142942227;EN PLACE
Quartier du faubourg d'Isle;Parc d'Isle Jacques Braconnier;14.0;120;3.31058430383263;49.8448560340521;9.947440142942227;EN PLACE
Quartier du faubourg d'Isle;Parc d'Isle Jacques Braconnier;14.0;115;3.31051135318317;49.8449489215546;9.947440142942227;EN PLACE
Quartier du faubourg d'Isle;Parc d'Isle Jacques Braconnier;22.0;120;3.31040967303075;49.8450318991561;9.947440142942227;EN PLACE
Quartier du faubourg d'Isle;Parc d'Isle Jacques Braconnier;22.0;195;3.31077763633477;49.845184972655;9.947440142942227;Essouché
Quartier du faubourg d'Isle;Parc d'Isle Jacques Braconnier;22.0;130;3.31085826702122;49.8452315325846;9.947440142942227;Essouché
Quartier du faubourg d'Isle;Parc d'Isle Jacques Braconnier;22.0;120;3.31092774189892;49.8452732392304;9.947440142942227;EN PLACE
Quartier du faubourg d'Isle;Parc d'Isle Jacques Braconnier;22.0;150;3.31100037790106;49.8453177119483;9.947440142942227;EN PLACE
Quartier du faubourg d'Isle;Parc d'Isle Jacques Braconnier;22.0;150;3.31107345719369;49.8453621295027;9.947440142942227;EN PLACE
Quartier du faubourg d'Isle;Parc d'Isle Jacques Braconnier;22.0;155;3.31114414868875;49.8454055481948;9.947440142942227;EN PLACE
Quartier du faubourg d'Isle;Parc d'Isle Jacques Braconnier;22.0;150;3.31121433882491;49.8454485941654;9.947440142942227;EN PLACE
Quartier du faubourg d'Isle;Parc d'Isle Jacques Braconnier;22.0;155;3.31128481301787;49.845492127528;9.947440142942227;EN PLACE
Quartier du faubourg d'Isle;Parc d'Isle Jacques Braconnier;22.0;160;3.31135725065744;49.8455367884513;9.947440142942227;EN PLACE
Quartier du faubourg d'Isle;Parc d'Isle Jacques Braconnier;22.0;155;3.31142729628937;49.8455811041439;9.947440142942227;EN PLACE
Quartier du faubourg d'Isle;Parc d'Isle Jacques Braconnier;22.0;165;3.31149627822265;49.8456245064783;9.947440142942227;EN PLACE
Quartier du faubourg d'Isle;Parc d'Isle Jacques Braconnier;22.0;180;3.31156855531831;49.8456692216391;9.947440142942227;EN PLACE
Quartier du faubourg d'Isle;Parc d'Isle Jacques Braconnier;17.0;105;3.31151912306511;49.8457209982081;9.947440142942227;EN PLACE
Quartier du faubourg d'Isle;Parc d'Isle Jacques Braconnier;22.0;155;3.31142893871039;49.8456651138978;9.947440142942227;EN PLACE
Quartier du faubourg d'Isle;Parc d'Isle Jacques Braconnier;22.0;155;3.31135861999288;49.8456220405284;9.947440142942227;EN PLACE
Quartier du faubourg d'Isle;Parc d'Isle Jacques Braconnier;22.0;145;3.31128741753246;49.8455788067306;9.947440142942227;EN PLACE
Quartier du faubourg d'Isle;Parc d'Isle Jacques Braconnier;22.0;145;3.31121579944612;49.8455335915718;9.947440142942227;EN PLACE
Quartier du faubourg d'Isle;Parc d'Isle Jacques Braconnier;22.0;150;3.31114544970291;49.8454906089602;9.947440142942227;EN PLACE
Quartier du faubourg d'Isle;Parc d'Isle Jacques Braconnier;22.0;145;3.31107514884001;49.8454474220907;9.947440142942227;EN PLACE
Quartier du faubourg d'Isle;Parc d'Isle Jacques Braconnier;22.0;135;3.311006525831;49.845405273639;9.947440142942227;EN PLACE
Quartier du faubourg d'Isle;Parc d'Isle Jacques Braconnier;22.0;145;3.31093846290303;49.8453637314253;9.947440142942227;EN PLACE
Quartier du faubourg d'Isle;Parc d'Isle Jacques Braconnier;22.0;140;3.31086794927267;49.8453209181023;9.947440142942227;EN PLACE
Quartier du faubourg d'Isle;Parc d'Isle Jacques Braconnier;22.0;140;3.31079665313478;49.8452779027222;9.947440142942227;Essouché
Quartier du faubourg d'Isle;Parc d'Isle Jacques Braconnier;22.0;155;3.31071976846539;49.8452323092116;9.947440142942227;Essouché
Quartier du faubourg d'Isle;Parc d'Isle Jacques Braconnier;13.0;140;3.31005801627981;49.8454346877716;9.947440142942227;EN PLACE
Quartier du faubourg d'Isle;Parc d'Isle Jacques Braconnier;14.0;85;3.31041883432705;49.8456526913057;9.947440142942227;EN PLACE
Quartier du faubourg d'Isle;Parc d'Isle Jacques Braconnier;17.0;105;3.31070638650709;49.8457906576768;9.947440142942227;EN PLACE
Quartier du faubourg d'Isle;Parc d'Isle Jacques Braconnier;17.0;125;3.31073122344155;49.8457948723463;9.947440142942227;EN PLACE
Quartier du faubourg d'Isle;Parc d'Isle Jacques Braconnier;15.0;160;3.31089465577442;49.8459224571557;9.947440142942227;EN PLACE
Quartier du faubourg d'Isle;Parc d'Isle Jacques Braconnier;15.0;150;3.31151931499308;49.8461353142402;9.947440142942227;EN PLACE
Quartier du faubourg d'Isle;Parc d'Isle Jacques Braconnier;15.0;115;3.31153816496186;49.8461370479467;9.947440142942227;EN PLACE
Quartier du faubourg d'Isle;Parc d'Isle Jacques Braconnier;15.0;80;3.31154420421262;49.8461477288893;9.947440142942227;EN PLACE
Quartier du faubourg d'Isle;Parc d'Isle Jacques Braconnier;13.0;95;3.31154892373307;49.8461682193383;9.947440142942227;EN PLACE
Quartier du faubourg d'Isle;Parc d'Isle Jacques Braconnier;13.0;100;3.31153703010351;49.8461768656561;9.947440142942227;EN PLACE
Quartier du faubourg d'Isle;Parc d'Isle Jacques Braconnier;10.0;70;3.31152639776858;49.8461664935901;9.947440142942227;EN PLACE
Quartier du faubourg d'Isle;Parc d'Isle Jacques Braconnier;15.0;100;3.31153231059289;49.8461563761058;9.947440142942227;EN PLACE
Quartier du faubourg d'Isle;Parc d'Isle Jacques Braconnier;15.0;100;3.31150471767395;49.8461525842825;9.947440142942227;EN PLACE
Quartier du faubourg d'Isle;Parc d'Isle Jacques Braconnier;18.0;145;3.31140161914703;49.8462746673067;9.947440142942227;EN PLACE
Quartier du faubourg d'Isle;Parc d'Isle Jacques Braconnier;20.0;110;3.31142733971455;49.8462728189483;9.947440142942227;EN PLACE
Quartier du faubourg d'Isle;Parc d'Isle Jacques Braconnier;18.0;80;3.31141916825269;49.8462891818669;9.947440142942227;EN PLACE
Quartier du faubourg d'Isle;Parc d'Isle Jacques Braconnier;14.0;60;3.31151320590142;49.8463388587551;9.947440142942227;EN PLACE
Quartier du faubourg d'Isle;Parc d'Isle Jacques Braconnier;17.0;150;3.31153845072719;49.8463343378424;9.947440142942227;EN PLACE
Quartier du faubourg d'Isle;Parc d'Isle Jacques Braconnier;17.0;100;3.31154040571948;49.8463536452761;9.947440142942227;EN PLACE
Quartier du faubourg d'Isle;Parc d'Isle Jacques Braconnier;15.0;180;3.31177161151938;49.8465182555053;9.947440142942227;EN PLACE
Quartier du faubourg d'Isle;Parc d'Isle Jacques Braconnier;18.0;180;3.31192915730188;49.8466216482999;9.947440142942227;EN PLACE
Quartier du faubourg d'Isle;Parc d'Isle Jacques Braconnier;18.0;160;3.31201042170512;49.846686213824;9.947440142942227;EN PLACE
Quartier du faubourg d'Isle;Parc d'Isle Jacques Braconnier;18.0;170;3.31211819049263;49.8467269413879;9.947440142942227;EN PLACE
Quartier du faubourg d'Isle;Parc d'Isle Jacques Braconnier;12.0;135;3.3123590086628;49.8468849887519;9.947440142942227;EN PLACE
Quartier du faubourg d'Isle;Parc d'Isle Jacques Braconnier;16.0;135;3.31247042773144;49.8469215472465;9.947440142942227;EN PLACE
Quartier du faubourg d'Isle;Parc d'Isle Jacques Braconnier;15.0;120;3.31246652282386;49.8469441383254;9.947440142942227;EN PLACE
Quartier du faubourg d'Isle;Parc d'Isle Jacques Braconnier;15.0;165;3.31252501200906;49.8469508819922;9.947440142942227;EN PLACE
Quartier du faubourg d'Isle;Parc d'Isle Jacques Braconnier;12.0;130;3.31258805027844;49.8470405702941;9.947440142942227;EN PLACE
Quartier du faubourg d'Isle;Parc d'Isle Jacques Braconnier;15.0;130;3.31274684172841;49.8470991128606;9.947440142942227;EN PLACE
Quartier du faubourg d'Isle;Parc d'Isle Jacques Braconnier;15.0;170;3.3129004303463;49.8471486353668;9.947440142942227;EN PLACE
Quartier du faubourg d'Isle;Parc d'Isle Jacques Braconnier;15.0;120;3.31306795300935;49.8471924187036;9.947440142942227;EN PLACE
Quartier du faubourg d'Isle;Parc d'Isle Jacques Braconnier;18.0;145;3.31322007569677;49.8472424211999;9.947440142942227;EN PLACE
Quartier du faubourg d'Isle;Parc d'Isle Jacques Braconnier;12.0;80;3.31327269204052;49.8472508425169;9.947440142942227;EN PLACE
Quartier du faubourg d'Isle;Parc d'Isle Jacques Braconnier;12.0;70;3.31330230617295;49.8472845203354;9.947440142942227;EN PLACE
Quartier du faubourg d'Isle;Parc d'Isle Jacques Braconnier;12.0;55;3.31332472805072;49.8472842249441;9.947440142942227;EN PLACE
Quartier du faubourg d'Isle;Parc d'Isle Jacques Braconnier;17.0;40;3.3133460367673;49.8472822683675;9.947440142942227;EN PLACE
Quartier du faubourg d'Isle;Parc d'Isle Jacques Braconnier;10.0;40;3.31332977001816;49.8472670970631;9.947440142942227;EN PLACE
Quartier du faubourg d'Isle;Parc d'Isle Jacques Braconnier;12.0;95;3.31335824357982;49.847234697316;9.947440142942227;EN PLACE
Quartier du faubourg d'Isle;Parc d'Isle Jacques Braconnier;10.0;100;3.31341008322898;49.8472362284834;9.947440142942227;EN PLACE
Quartier du faubourg d'Isle;Parc d'Isle Jacques Braconnier;17.0;125;3.31335604888191;49.8471019405091;9.947440142942227;EN PLACE
Quartier du faubourg d'Isle;Parc d'Isle Jacques Braconnier;17.0;120;3.31332308310162;49.8470611412353;9.947440142942227;EN PLACE
Quartier du faubourg d'Isle;Parc d'Isle Jacques Braconnier;12.0;90;3.31314954538579;49.8470554061637;9.947440142942227;EN PLACE
Quartier du faubourg d'Isle;Parc d'Isle Jacques Braconnier;12.0;60;3.31313516556677;49.8470483123096;9.947440142942227;EN PLACE
Quartier du faubourg d'Isle;Parc d'Isle Jacques Braconnier;17.0;135;3.31300984792313;49.846993250275;9.947440142942227;EN PLACE
Quartier du faubourg d'Isle;Parc d'Isle Jacques Braconnier;6.0;60;3.312918355245;49.8469395265529;9.947440142942227;EN PLACE
Quartier du faubourg d'Isle;Parc d'Isle Jacques Braconnier;17.0;145;3.31293987417599;49.8469118978489;9.947440142942227;EN PLACE
Quartier du faubourg d'Isle;Parc d'Isle Jacques Braconnier;20.0;160;3.3130624093808;49.8467580942257;9.947440142942227;EN PLACE
Quartier du faubourg d'Isle;Parc d'Isle Jacques Braconnier;20.0;135;3.31319856382114;49.8467917324653;9.947440142942227;EN PLACE
Quartier du faubourg d'Isle;Parc d'Isle Jacques Braconnier;22.0;105;3.31329622709336;49.8467729414363;9.947440142942227;EN PLACE
Quartier du faubourg d'Isle;Parc d'Isle Jacques Braconnier;22.0;60;3.31331505805848;49.8467866800021;9.947440142942227;EN PLACE
Quartier du faubourg d'Isle;Parc d'Isle Jacques Braconnier;22.0;105;3.31329121410979;49.8467948225508;9.947440142942227;EN PLACE
Quartier du faubourg d'Isle;Parc d'Isle Jacques Braconnier;22.0;90;3.313305986715;49.8468059565944;9.947440142942227;EN PLACE
Quartier du faubourg d'Isle;Parc d'Isle Jacques Braconnier;22.0;85;3.31333911832612;49.8468139533803;9.947440142942227;EN PLACE
Quartier du faubourg d'Isle;Parc d'Isle Jacques Braconnier;22.0;85;3.31333865076273;49.8467975531514;9.947440142942227;EN PLACE
Quartier du faubourg d'Isle;Parc d'Isle Jacques Braconnier;22.0;95;3.31332976365699;49.8467868799037;9.947440142942227;EN PLACE
Quartier du faubourg d'Isle;Parc d'Isle Jacques Braconnier;20.0;60;3.31330642523274;49.8467574648438;9.947440142942227;Non essouché
Quartier du faubourg d'Isle;Parc d'Isle Jacques Braconnier;20.0;95;3.31330820546655;49.8467481899273;9.947440142942227;EN PLACE
Quartier du faubourg d'Isle;Parc d'Isle Jacques Braconnier;20.0;100;3.31325722074263;49.8467062483661;9.947440142942227;EN PLACE
Quartier du faubourg d'Isle;Parc d'Isle Jacques Braconnier;19.0;75;3.31323662791193;49.8467048756117;9.947440142942227;Non essouché
Quartier du faubourg d'Isle;Parc d'Isle Jacques Braconnier;20.0;140;3.31321419403626;49.8467030312658;9.947440142942227;EN PLACE
Quartier du faubourg d'Isle;Parc d'Isle Jacques Braconnier;27.0;155;3.31337515066475;49.8466355869996;9.947440142942227;EN PLACE
Quartier du faubourg d'Isle;Parc d'Isle Jacques Braconnier;8.0;30;3.31336147897897;49.8466239753238;9.947440142942227;EN PLACE
Quartier du faubourg d'Isle;Parc d'Isle Jacques Braconnier;17.0;90;3.31336177293504;49.8466120890192;9.947440142942227;EN PLACE
Quartier du faubourg d'Isle;Parc d'Isle Jacques Braconnier;16.0;80;3.31337086698215;49.8465963780162;9.947440142942227;EN PLACE
Quartier du faubourg d'Isle;Parc d'Isle Jacques Braconnier;19.0;80;3.31338636756208;49.8466065589062;9.947440142942227;EN PLACE
Quartier du faubourg d'Isle;Parc d'Isle Jacques Braconnier;19.0;80;3.31339049736046;49.8466205722561;9.947440142942227;EN PLACE
Quartier du faubourg d'Isle;Parc d'Isle Jacques Braconnier;20.0;70;3.3134147478337;49.8466188460626;9.947440142942227;EN PLACE
Quartier du faubourg d'Isle;Parc d'Isle Jacques Braconnier;19.0;60;3.31341720876295;49.8466007747609;9.947440142942227;EN PLACE
Quartier du faubourg d'Isle;Parc d'Isle Jacques Braconnier;10.0;65;3.31340191828317;49.8465649216694;9.947440142942227;EN PLACE
Quartier du faubourg d'Isle;Parc d'Isle Jacques Braconnier;20.0;100;3.31342167946922;49.8465503716361;9.947440142942227;EN PLACE
Quartier du faubourg d'Isle;Parc d'Isle Jacques Braconnier;22.0;150;3.31351515929571;49.8465689096068;9.947440142942227;EN PLACE
Quartier du faubourg d'Isle;Parc d'Isle Jacques Braconnier;6.0;50;3.3135792353062;49.8466673999776;9.947440142942227;EN PLACE
Quartier du faubourg d'Isle;Parc d'Isle Jacques Braconnier;8.0;50;3.31361639342507;49.8467324337278;9.947440142942227;EN PLACE
Quartier du faubourg d'Isle;Parc d'Isle Jacques Braconnier;16.0;105;3.31363497205359;49.8468246128487;9.947440142942227;EN PLACE
Quartier du faubourg d'Isle;Parc d'Isle Jacques Braconnier;9.0;45;3.31355380107655;49.8468954181451;9.947440142942227;EN PLACE
Quartier du faubourg d'Isle;Parc d'Isle Jacques Braconnier;16.0;140;3.31378591653013;49.846802832647;9.947440142942227;EN PLACE
Quartier du faubourg d'Isle;Parc d'Isle Jacques Braconnier;4.0;30;3.31382751574258;49.8467528085644;9.947440142942227;EN PLACE
Quartier du faubourg d'Isle;Parc d'Isle Jacques Braconnier;16.0;85;3.31373756385066;49.8467107295242;9.947440142942227;EN PLACE
Quartier du faubourg d'Isle;Parc d'Isle Jacques Braconnier;30.0;155;3.31369753062877;49.8466563995629;9.947440142942227;EN PLACE
Quartier du faubourg d'Isle;Parc d'Isle Jacques Braconnier;4.0;35;3.31383069166087;49.8466717456846;9.947440142942227;EN PLACE
Quartier du faubourg d'Isle;Parc d'Isle Jacques Braconnier;14.0;90;3.31356227630969;49.8463061416266;9.947440142942227;EN PLACE
Quartier du faubourg d'Isle;Parc d'Isle Jacques Braconnier;6.0;30;3.31338442884318;49.8463764821592;9.947440142942227;EN PLACE
Quartier du faubourg d'Isle;Parc d'Isle Jacques Braconnier;7.0;30;3.3132884887871;49.8463165904736;9.947440142942227;EN PLACE
Quartier du faubourg d'Isle;Parc d'Isle Jacques Braconnier;10.0;70;3.31322917478672;49.8462948738105;9.947440142942227;EN PLACE
Quartier du faubourg d'Isle;Parc d'Isle Jacques Braconnier;10.0;85;3.31320631478807;49.846283523082;9.947440142942227;EN PLACE
Quartier du faubourg d'Isle;Parc d'Isle Jacques Braconnier;12.0;65;3.31318781287037;49.8463235049171;9.947440142942227;EN PLACE
Quartier du faubourg d'Isle;Parc d'Isle Jacques Braconnier;10.0;70;3.31317212637072;49.8464029361111;9.947440142942227;EN PLACE
Quartier du faubourg d'Isle;Parc d'Isle Jacques Braconnier;19.0;100;3.31331412881256;49.8464936100176;9.947440142942227;EN PLACE
Quartier du faubourg d'Isle;Parc d'Isle Jacques Braconnier;5.0;55;3.31298159624976;49.8465750425404;9.947440142942227;EN PLACE
Quartier du faubourg d'Isle;Parc d'Isle Jacques Braconnier;4.0;55;3.31284029804954;49.8466417227311;9.947440142942227;EN PLACE
Quartier du faubourg d'Isle;Parc d'Isle Jacques Braconnier;16.0;95;3.31283403504343;49.8466092924914;9.947440142942227;SUPPRIMÉ
Quartier du faubourg d'Isle;Parc d'Isle Jacques Braconnier;18.0;120;3.31280934278001;49.8466289657978;9.947440142942227;SUPPRIMÉ
Quartier du faubourg d'Isle;Parc d'Isle Jacques Braconnier;18.0;160;3.31280809814572;49.8466057941489;9.947440142942227;SUPPRIMÉ
Quartier du faubourg d'Isle;Parc d'Isle Jacques Braconnier;8.0;45;3.31270759958257;49.846851711826;9.947440142942227;EN PLACE
Quartier du faubourg d'Isle;Parc d'Isle Jacques Braconnier;12.0;115;3.31261156042151;49.8467457072872;9.947440142942227;EN PLACE
Quartier du faubourg d'Isle;Parc d'Isle Jacques Braconnier;5.0;55;3.31251242757609;49.8464945951794;9.947440142942227;EN PLACE
Quartier du faubourg d'Isle;Parc d'Isle Jacques Braconnier;4.0;40;3.31249513908429;49.8464625493964;9.947440142942227;EN PLACE
Quartier du faubourg d'Isle;Parc d'Isle Jacques Braconnier;20.0;180;3.31235858684556;49.8464935616152;9.947440142942227;SUPPRIMÉ
Quartier du faubourg d'Isle;Parc d'Isle Jacques Braconnier;18.0;75;3.31235202314794;49.8465923430724;9.947440142942227;SUPPRIMÉ
Quartier du faubourg d'Isle;Parc d'Isle Jacques Braconnier;19.0;140;3.31193416462231;49.846336220691;9.947440142942227;EN PLACE
Quartier du faubourg d'Isle;Parc d'Isle Jacques Braconnier;16.0;100;3.31196608349625;49.846235949567;9.947440142942227;EN PLACE
Quartier du faubourg d'Isle;Parc d'Isle Jacques Braconnier;19.0;70;3.3128762949795;49.8464193612829;9.947440142942227;EN PLACE
Quartier du faubourg d'Isle;Parc d'Isle Jacques Braconnier;18.0;130;3.31263114823497;49.8463648437912;9.947440142942227;EN PLACE
Quartier du faubourg d'Isle;Parc d'Isle Jacques Braconnier;11.0;80;3.31249907963265;49.8461341173265;9.947440142942227;EN PLACE
Quartier du faubourg d'Isle;Parc d'Isle Jacques Braconnier;13.0;55;3.31335136816692;49.8461377811037;9.947440142942227;EN PLACE
Quartier du faubourg d'Isle;Parc d'Isle Jacques Braconnier;20.0;135;3.31369067041364;49.8460336543233;9.947440142942227;EN PLACE
Quartier du faubourg d'Isle;Parc d'Isle Jacques Braconnier;23.0;110;3.31371455175354;49.8459957510304;9.947440142942227;EN PLACE
Quartier Saint-Martin - Oëstres;Groupe scolaire Jacques Prévert;10.0;98;3.2577756627863;49.8286930169003;9.947440142942227;EN PLACE
Quartier Saint-Martin - Oëstres;Groupe scolaire Jacques Prévert;8.0;73;3.2577101477335;49.8287264332163;9.947440142942227;EN PLACE
Quartier Saint-Martin - Oëstres;Groupe scolaire Jacques Prévert;13.0;87;3.25768459249007;49.8287594686659;9.947440142942227;EN PLACE
Quartier Saint-Martin - Oëstres;Groupe scolaire Jacques Prévert;8.0;67;3.25769506612682;49.8288325401754;9.947440142942227;EN PLACE
Quartier Saint-Martin - Oëstres;Groupe scolaire Jacques Prévert;8.0;60;3.25797822270706;49.8287838066459;9.947440142942227;EN PLACE
Quartier Saint-Martin - Oëstres;Groupe scolaire Jacques Prévert;5.0;55;3.25813002234786;49.8287368376894;9.947440142942227;Essouché
Quartier Saint-Martin - Oëstres;Résidence Charleroi;5.0;35;3.25658118320638;49.8305250958171;9.947440142942227;EN PLACE
Quartier Saint-Martin - Oëstres;Résidence Charleroi;4.0;26;3.25644470341321;49.8304590632965;9.947440142942227;Essouché
Quartier Saint-Martin - Oëstres;Résidence Charleroi;10.0;40;3.25634994901849;49.830469602302;9.947440142942227;EN PLACE
Quartier Saint-Martin - Oëstres;Résidence Charleroi;13.0;48;3.25637059341134;49.8305194765955;9.947440142942227;EN PLACE
Quartier Saint-Martin - Oëstres;Résidence Charleroi;13.0;56;3.25639284663384;49.8305604322942;9.947440142942227;EN PLACE
Quartier Saint-Martin - Oëstres;Résidence Charleroi;7.0;35;3.25576231748643;49.8304238887561;9.947440142942227;EN PLACE
Quartier Saint-Martin - Oëstres;Résidence Charleroi;13.0;57;3.25628158684507;49.8305773052141;9.947440142942227;EN PLACE
Quartier Saint-Martin - Oëstres;Résidence Charleroi;13.0;53;3.2562670732043;49.8305407298957;9.947440142942227;EN PLACE
Quartier Saint-Martin - Oëstres;Résidence Charleroi;12.0;46;3.25624369993951;49.8304963287247;9.947440142942227;EN PLACE
Quartier Saint-Martin - Oëstres;Rue de Paris;16.0;132;3.26632880463101;49.8359281951466;9.947440142942227;EN PLACE
Quartier Saint-Martin - Oëstres;Rue de Paris;15.0;133;3.26630468718408;49.8359722227942;9.947440142942227;EN PLACE
Quartier Saint-Martin - Oëstres;Square Rocourt;9.0;104;3.27251212940123;49.838865185586;9.947440142942227;SUPPRIMÉ
Quartier Saint-Martin - Oëstres;Square Rocourt;7.0;59;3.27219858537144;49.838995669511;9.947440142942227;EN PLACE
Quartier Saint-Martin - Oëstres;Square Rocourt;5.0;17;3.27212328384141;49.8391416666598;9.947440142942227;EN PLACE
Quartier Saint-Martin - Oëstres;Rue de Paris;15.0;70;3.27328069417521;49.8393330086154;9.947440142942227;EN PLACE
Quartier Saint-Martin - Oëstres;Rue de Paris;15.0;130;3.27330825550283;49.8393323537648;9.947440142942227;EN PLACE
Quartier Saint-Martin - Oëstres;Rue de Paris;15.0;71;3.27333307345276;49.8393340806045;9.947440142942227;EN PLACE
Quartier Saint-Martin - Oëstres;Rue de Paris;17.0;142;3.27336885633987;49.8393244924449;9.947440142942227;EN PLACE
Quartier Saint-Martin - Oëstres;Rue de Paris;17.0;111;3.27339086090944;49.8393155297436;9.947440142942227;EN PLACE
Quartier Saint-Martin - Oëstres;Rue François Mitterrand;8.0;57;3.26709032405126;49.8381483030449;9.947440142942227;EN PLACE
Quartier Saint-Martin - Oëstres;Rue François Mitterrand;7.0;53;3.26718168119371;49.8382238703627;9.947440142942227;EN PLACE
Quartier Saint-Martin - Oëstres;Rue François Mitterrand;7.0;57;3.26705732359278;49.8382508832323;9.947440142942227;EN PLACE
Quartier Saint-Martin - Oëstres;Rue François Mitterrand;8.0;65;3.26652374886626;49.8381245827282;9.947440142942227;EN PLACE
Quartier Saint-Martin - Oëstres;Rue François Mitterrand;6.0;40;3.26670612759418;49.8382991915151;9.947440142942227;Essouché
Quartier Saint-Martin - Oëstres;Rue François Mitterrand;6.0;40;3.26661526326631;49.8383181091167;9.947440142942227;Essouché
Quartier Saint-Martin - Oëstres;Rue François Mitterrand;6.0;41;3.26651939149934;49.8383459512694;9.947440142942227;Essouché
Quartier Saint-Martin - Oëstres;Rue François Mitterrand;13.0;75;3.2659694128763;49.8385982217642;9.947440142942227;SUPPRIMÉ
Quartier Saint-Martin - Oëstres;Rue François Mitterrand;13.0;80;3.2659240190251;49.8386149580656;9.947440142942227;SUPPRIMÉ
Quartier Saint-Martin - Oëstres;Rue François Mitterrand;13.0;84;3.26582522501934;49.8387022492112;9.947440142942227;SUPPRIMÉ
Quartier Saint-Martin - Oëstres;Rue François Mitterrand;5.0;54;3.26566294896663;49.8388767890858;9.947440142942227;EN PLACE
Quartier Saint-Martin - Oëstres;Rue François Mitterrand;8.0;72;3.26521562033767;49.8386278907275;9.947440142942227;EN PLACE
Quartier Saint-Martin - Oëstres;Rue François Mitterrand;10.0;72;3.26516974380337;49.8386260892738;9.947440142942227;EN PLACE
Quartier Saint-Martin - Oëstres;Rue François Mitterrand;9.0;70;3.26509656109244;49.8386886203546;9.947440142942227;EN PLACE
Quartier Saint-Martin - Oëstres;Rue François Mitterrand;9.0;63;3.26509881991611;49.8387272180575;9.947440142942227;EN PLACE
Quartier Saint-Martin - Oëstres;Rue François Mitterrand;8.0;40;3.26485359037632;49.8384895359554;9.947440142942227;EN PLACE
Quartier du Centre-Ville;Rue des Corbeaux;6.0;78;3.29118816171425;49.8441738941176;9.947440142942227;EN PLACE
Quartier du Centre-Ville;Rue Emile Zola;8.0;33;3.28459490850732;49.8459180204637;9.947440142942227;EN PLACE
Quartier Saint-Martin - Oëstres;Rue Emile et Raymond Pierret prolongé;8.0;59;3.2673988771051;49.8477777820263;9.947440142942227;EN PLACE
Quartier Saint-Martin - Oëstres;Rue Emile et Raymond Pierret prolongé;8.0;69;3.26755303622024;49.8478387705246;9.947440142942227;EN PLACE
Quartier Saint-Martin - Oëstres;Rue Emile et Raymond Pierret prolongé;8.0;66;3.26753535605978;49.8479372158067;9.947440142942227;EN PLACE
Quartier Saint-Martin - Oëstres;Rue Emile et Raymond Pierret prolongé;8.0;65;3.26756459134954;49.8480448288032;9.947440142942227;EN PLACE
Quartier Saint-Martin - Oëstres;Rue Emile et Raymond Pierret prolongé;8.0;82;3.26767485653415;49.8479369095183;9.947440142942227;EN PLACE
Quartier Saint-Martin - Oëstres;Rue Emile et Raymond Pierret prolongé;8.0;79;3.26784895094302;49.8479090742459;9.947440142942227;EN PLACE
Quartier Saint-Martin - Oëstres;Rue Emile et Raymond Pierret prolongé;8.0;68;3.26781425325811;49.8480218191764;9.947440142942227;EN PLACE
Quartier Saint-Martin - Oëstres;Rue Emile et Raymond Pierret prolongé;8.0;62;3.26815405131795;49.8482578200316;9.947440142942227;EN PLACE
Quartier Saint-Martin - Oëstres;Rue Emile et Raymond Pierret prolongé;8.0;64;3.26821088764172;49.8483710770005;9.947440142942227;EN PLACE
Quartier Saint-Martin - Oëstres;Rue Emile et Raymond Pierret prolongé;5.0;58;3.26849256822967;49.8488792486925;9.947440142942227;EN PLACE
Quartier Saint-Martin - Oëstres;Rue Emile et Raymond Pierret prolongé;4.0;37;3.26861310561649;49.8489420918915;9.947440142942227;EN PLACE
Quartier Saint-Martin - Oëstres;Rue Emile et Raymond Pierret prolongé;6.0;72;3.26861994046377;49.8489834362892;9.947440142942227;EN PLACE
Quartier Remicourt;Boulevard Jean Bouin;8.0;110;3.31070191333092;49.8571437511311;9.947440142942227;EN PLACE
Quartier Remicourt;Boulevard Jean Bouin;9.0;116;3.3107204091219;49.8571622433342;9.947440142942227;EN PLACE
Quartier Remicourt;Boulevard Jean Bouin;7.0;93;3.31069619096427;49.8571699115957;9.947440142942227;EN PLACE
Quartier Remicourt;Boulevard Jean Bouin;7.0;122;3.31076799852591;49.857490617391;9.947440142942227;EN PLACE
Quartier de l'Europe;Rue André Godin;3.0;10;3.29643538794763;49.8623600111003;11.32876712328767;EN PLACE
Quartier de l'Europe;Rue d'Alembert;13.0;86;3.29622276129806;49.8637064721351;9.947440142942227;EN PLACE
Quartier de l'Europe;Rue d'Alembert;13.0;75;3.29624188070721;49.8637064257063;9.947440142942227;EN PLACE
Quartier de l'Europe;Rue d'Alembert;18.0;187;3.29629844695688;49.8640756633368;9.947440142942227;EN PLACE
Quartier de l'Europe;Rue d'Alembert;18.0;160;3.29625287487528;49.8640800532787;9.947440142942227;EN PLACE
Quartier de l'Europe;Rue d'Alembert;19.0;121;3.29689378954209;49.8641414850453;9.947440142942227;REMPLACÉ
Quartier de l'Europe;Rue d'Alembert;19.0;160;3.29692558906654;49.8642034461782;9.947440142942227;REMPLACÉ
Quartier de l'Europe;Rue d'Alembert;19.0;150;3.29696274548766;49.864237940417;9.947440142942227;SUPPRIMÉ
Quartier de l'Europe;Rue d'Alembert;19.0;160;3.29700036055768;49.864256745091;9.947440142942227;REMPLACÉ
Quartier de l'Europe;Rue d'Alembert;16.0;205;3.29702271313886;49.8642117667135;9.947440142942227;Essouché
OMISSY;Chemin de Morcourt;30.0;160;3.30678639958647;49.8628651992935;9.947440142942227;SUPPRIMÉ
Quartier de l'Europe;Rue Fleming;4.0;17;3.29998206165904;49.8641759671451;10.580821917808219;EN PLACE
Quartier de l'Europe;Rue Fleming;3.0;14;3.30004087334068;49.8642321557789;10.580821917808219;EN PLACE
Quartier de l'Europe;Rue Fleming;5.0;17;3.3001689864184;49.8643512822727;10.580821917808219;EN PLACE
Quartier de l'Europe;Rue Fleming;3.0;15;3.30008180012146;49.8643447199606;10.580821917808219;EN PLACE
Quartier de l'Europe;Rue Fleming;4.0;15;3.29999187330183;49.864341019962;10.580821917808219;EN PLACE
Quartier de l'Europe;Rue Fleming;4.0;20;3.29995645914872;49.8642280847474;10.580821917808219;EN PLACE
Quartier de l'Europe;Avenue Buffon;3.0;9;3.30248365569613;49.8606161033115;11.082191780821917;EN PLACE
Quartier Saint-Martin - Oëstres;Rue Alexandre Dumas;9.0;31;3.27340041334963;49.8471741233364;11.413698630136986;EN PLACE
Quartier Saint-Martin - Oëstres;Rue Alexandre Dumas;9.0;30;3.27335157015185;49.8472040892581;11.413698630136986;EN PLACE
Quartier Saint-Martin - Oëstres;Rue Alexandre Dumas;9.0;28;3.27330686159873;49.8472315182932;11.413698630136986;EN PLACE
Quartier Saint-Martin - Oëstres;Rue Alexandre Dumas;9.0;29;3.27326159320475;49.8472592911534;11.413698630136986;EN PLACE
Quartier Saint-Martin - Oëstres;Rue Alexandre Dumas;9.0;28;3.27321215679279;49.8472896216143;11.413698630136986;EN PLACE
Quartier Saint-Martin - Oëstres;Rue Alexandre Dumas;9.0;30;3.27317216615508;49.8473141563514;11.413698630136986;EN PLACE
Quartier Saint-Martin - Oëstres;Rue Alexandre Dumas;4.0;18;3.27062019917878;49.8485999466143;11.243835616438357;EN PLACE
Quartier Remicourt;Groupe scolaire Camille Desmoulins;5.0;50;3.29516507012995;49.8540636927368;9.947440142942227;REMPLACÉ
Quartier Remicourt;Groupe scolaire Camille Desmoulins;8.0;90;3.29504835841131;49.8539779009221;9.947440142942227;SUPPRIMÉ
Quartier Remicourt;Groupe scolaire Camille Desmoulins;5.0;93;3.29497497709136;49.8540257008979;9.947440142942227;REMPLACÉ
Quartier Remicourt;Groupe scolaire Camille Desmoulins;11.0;142;3.29586939512263;49.8544302707419;9.947440142942227;EN PLACE
Quartier de l'Europe;Ecole maternelle Robert Schuman;23.0;100;3.29586064961942;49.8597265971828;9.947440142942227;EN PLACE
Quartier de l'Europe;Ecole maternelle Robert Schuman;21.0;103;3.29583070866559;49.859727703824;9.947440142942227;EN PLACE
Quartier de l'Europe;Ecole maternelle Robert Schuman;21.0;110;3.29582269250343;49.8597154609757;9.947440142942227;Non essouché
Quartier de l'Europe;Ecole maternelle Robert Schuman;7.0;73;3.29530473275333;49.8593641958603;9.947440142942227;EN PLACE
Quartier de l'Europe;Ecole maternelle Robert Schuman;8.0;96;3.29522614763833;49.8593492921094;9.947440142942227;EN PLACE
Quartier du Centre-Ville;Quai Gayant;6.0;25;3.29279546935465;49.8403812039486;11.243835616438357;EN PLACE
Quartier du Centre-Ville;Quai Gayant;6.0;24;3.29251826203502;49.8403107364765;11.243835616438357;EN PLACE
Quartier du Centre-Ville;Quai Gayant;6.0;25;3.29226265516376;49.8402457599568;11.243835616438357;EN PLACE
Quartier du Centre-Ville;Quai Gayant;6.0;25;3.29199562125563;49.8401778767826;11.243835616438357;EN PLACE
Quartier du Centre-Ville;Quai Gayant;6.0;25;3.29173951176349;49.8401127700103;11.243835616438357;EN PLACE
Quartier du Centre-Ville;Quai Gayant;6.0;25;3.29148010748316;49.8400468257467;11.243835616438357;EN PLACE
Quartier du Centre-Ville;Quai Gayant;6.0;25;3.29122018458532;49.8399807482367;11.243835616438357;EN PLACE
Quartier du Centre-Ville;Quai Gayant;6.0;25;3.29094602942585;49.8399110525576;11.243835616438357;EN PLACE
Quartier du Centre-Ville;Quai Gayant;6.0;25;3.29071991726088;49.839853568733;11.243835616438357;EN PLACE
Quartier du Centre-Ville;Quai Gayant;6.0;25;3.29045948824666;49.8397873613275;11.243835616438357;EN PLACE
Quartier du Centre-Ville;Quai Gayant;6.0;25;3.29018610236475;49.839717857964;11.243835616438357;EN PLACE
Quartier du Centre-Ville;Quai Gayant;6.0;25;3.28992961341891;49.8396526501827;11.243835616438357;EN PLACE
Quartier du Centre-Ville;Quai Gayant;6.0;25;3.28966918653617;49.839586441018;11.243835616438357;EN PLACE
Quartier du Centre-Ville;Quai Gayant;6.0;25;3.28941384894123;49.839521524159;11.243835616438357;EN PLACE
Quartier du Centre-Ville;Quai Gayant;6.0;25;3.2891532939726;49.8394552809001;11.243835616438357;EN PLACE
Quartier du Centre-Ville;Quai Gayant;6.0;25;3.28888525094833;49.8393871315084;11.243835616438357;EN PLACE
Quartier du Centre-Ville;Quai Gayant;6.0;25;3.28862926944064;49.8393220491004;11.243835616438357;EN PLACE
Quartier du Centre-Ville;Quai Gayant;6.0;25;3.28836796061722;49.839255611755;11.243835616438357;EN PLACE
Quartier de l'Europe;Rue Laplace;19.0;180;3.3041154484194;49.8600881597153;9.947440142942227;EN PLACE
Quartier de l'Europe;Rue Laplace;24.0;213;3.30417944169775;49.8601833751133;9.947440142942227;SUPPRIMÉ
Quartier de l'Europe;Rue Laplace;8.0;79;3.30405501118514;49.8602571012089;9.947440142942227;REMPLACÉ
Quartier de l'Europe;Rue Laplace;8.0;83;3.30400615935641;49.8603049717461;9.947440142942227;EN PLACE
Quartier de l'Europe;Rue Laplace;6.0;24;3.30385637423156;49.8603205866242;9.947440142942227;EN PLACE
Quartier de l'Europe;Rue Laplace;10.0;70;3.30382302072197;49.8603693969449;9.947440142942227;EN PLACE
Quartier de l'Europe;Rue Laplace;8.0;80;3.30388728377935;49.8604172516297;9.947440142942227;EN PLACE
Quartier de l'Europe;Rue Laplace;12.0;143;3.30461398853061;49.8604451166128;9.947440142942227;EN PLACE
Quartier de l'Europe;Rue Laplace;13.0;167;3.30467527568516;49.8604872741132;9.947440142942227;EN PLACE
Quartier de l'Europe;Rue Laplace;6.0;146;3.3048338313658;49.8609877944444;9.947440142942227;EN PLACE
Quartier de l'Europe;Rue Laplace;6.0;101;3.30487176451332;49.8609520468428;9.947440142942227;EN PLACE
Quartier de l'Europe;Rue Laplace;17.0;155;3.30484331469133;49.8608979826062;9.947440142942227;EN PLACE
Quartier de l'Europe;Rue Laplace;31.0;280;3.30480182164714;49.8608457934707;9.947440142942227;SUPPRIMÉ
Quartier de l'Europe;Rue Laplace;34.0;299;3.30471186191309;49.8608051345388;9.947440142942227;SUPPRIMÉ
Quartier de l'Europe;Rue Laplace;8.0;110;3.30496452567499;49.8607534710602;9.947440142942227;EN PLACE
Quartier de l'Europe;Rue Laplace;11.0;207;3.30515171290591;49.8607897271784;9.947440142942227;EN PLACE
Quartier du Centre-Ville;Communauté d'agglomération - Propriété privée - Tour y val;17.0;296;3.28636771733035;49.8401981841774;9.947440142942227;EN PLACE
Quartier du Centre-Ville;Parking Arthur Gibert;10.0;60;3.28472495468973;49.8465788493402;9.947440142942227;Essouché
Quartier du Vermandois;Rue Emilie et Raymond Pierret;7.0;55;3.26978794555653;49.8501548150267;9.947440142942227;EN PLACE
Quartier du Vermandois;Rond Point Mc Donald;5.0;60;3.26919724017038;49.8496116695338;9.947440142942227;EN PLACE
Quartier de l'Europe;Rue Alexandre Ribot;14.0;120;3.29696665648261;49.8583704101276;9.947440142942227;EN PLACE
OMISSY;Rue Fleming;18.0;135;3.3015024405779;49.8647881233408;9.947440142942227;EN PLACE
Quartier de l'Europe;Rue Fleming;12.0;145;3.29988600399852;49.8640424852974;9.947440142942227;ABATTU
Quartier de l'Europe;Rue Boileau;20.0;130;3.29859992351424;49.8630885253905;9.947440142942227;EN PLACE
Quartier de l'Europe;Rue Joliot Curie;20.0;265;3.29375928120135;49.8595083607553;9.947440142942227;SUPPRIMÉ
Quartier de l'Europe;Rue Hertz;27.0;160;3.29526971133354;49.8602477587478;9.947440142942227;EN PLACE
Quartier de l'Europe;Rue Boileau;6.0;145;3.30235123511813;49.8631554086013;9.947440142942227;EN PLACE
Quartier Remicourt;Rue Jacky Tabar;24.0;135;3.30537297837743;49.8560623447359;9.947440142942227;EN PLACE
Quartier de l'Europe;Espace de glisse;23.0;122;3.29964409080906;49.8654226527264;9.947440142942227;EN PLACE
Quartier du faubourg d'Isle;Parc d'Isle Jacques Braconnier;23.0;110;3.3123025204286;49.846612079583;9.947440142942227;SUPPRIMÉ
Quartier du faubourg d'Isle;Parc d'Isle Jacques Braconnier;18.0;165;3.31220966735775;49.8464860990985;9.947440142942227;EN PLACE
Quartier du faubourg d'Isle;Parc d'Isle Jacques Braconnier;18.0;150;3.31206941008533;49.8464522287719;9.947440142942227;EN PLACE
Quartier du faubourg d'Isle;Parc d'Isle Jacques Braconnier;17.0;155;3.31191327552299;49.8463466135389;9.947440142942227;EN PLACE
Quartier du faubourg d'Isle;Parc d'Isle Jacques Braconnier;17.0;145;3.31190655219172;49.8463291600464;9.947440142942227;EN PLACE
Quartier du faubourg d'Isle;Parc d'Isle Jacques Braconnier;18.0;120;3.31199814673562;49.8462494167305;9.947440142942227;EN PLACE
Quartier du faubourg d'Isle;Parc d'Isle Jacques Braconnier;13.0;100;3.31173255350594;49.84618734209;9.947440142942227;EN PLACE
Quartier du faubourg d'Isle;Parc d'Isle Jacques Braconnier;4.0;65;3.31169480278327;49.8461450095764;9.947440142942227;EN PLACE
Quartier du faubourg d'Isle;Parc d'Isle Jacques Braconnier;13.0;100;3.31179221213712;49.8461148105447;9.947440142942227;EN PLACE
Quartier du faubourg d'Isle;Parc d'Isle Jacques Braconnier;6.0;25;3.31204694353044;49.846132225441;9.947440142942227;EN PLACE
Quartier du faubourg d'Isle;Parc d'Isle Jacques Braconnier;6.0;25;3.31214362477676;49.8461633544671;9.947440142942227;EN PLACE
Quartier du faubourg d'Isle;Parc d'Isle Jacques Braconnier;6.0;25;3.31224745189901;49.8461908996501;9.947440142942227;EN PLACE
Quartier du faubourg d'Isle;Parc d'Isle Jacques Braconnier;6.0;25;3.31235181067409;49.8462152345956;9.947440142942227;EN PLACE
Quartier du faubourg d'Isle;Parc d'Isle Jacques Braconnier;6.0;25;3.31252570184526;49.8462490177519;9.947440142942227;SUPPRIMÉ
Quartier du faubourg d'Isle;Parc d'Isle Jacques Braconnier;6.0;25;3.31263777192337;49.8462657510739;9.947440142942227;SUPPRIMÉ
Quartier du faubourg d'Isle;Parc d'Isle Jacques Braconnier;6.0;25;3.31276183325211;49.8462760843293;9.947440142942227;SUPPRIMÉ
Quartier du faubourg d'Isle;Parc d'Isle Jacques Braconnier;6.0;25;3.31288427259059;49.8462814751701;9.947440142942227;SUPPRIMÉ
Quartier du faubourg d'Isle;Parc d'Isle Jacques Braconnier;6.0;25;3.31300851964457;49.846282108653;9.947440142942227;SUPPRIMÉ
Quartier du faubourg d'Isle;Parc d'Isle Jacques Braconnier;6.0;25;3.31313897343826;49.8462755941361;9.947440142942227;EN PLACE
Quartier du faubourg d'Isle;Parc d'Isle Jacques Braconnier;13.0;75;3.31309399019196;49.8463130276375;9.947440142942227;EN PLACE
Quartier du faubourg d'Isle;Parc d'Isle Jacques Braconnier;13.0;75;3.31308037803592;49.8463111615369;9.947440142942227;EN PLACE
Quartier du faubourg d'Isle;Parc d'Isle Jacques Braconnier;14.0;85;3.31307308530812;49.8463206876041;9.947440142942227;EN PLACE
Quartier du faubourg d'Isle;Parc d'Isle Jacques Braconnier;14.0;85;3.31303487382919;49.8463837755686;9.947440142942227;EN PLACE
Quartier du faubourg d'Isle;Parc d'Isle Jacques Braconnier;15.0;80;3.31302832262289;49.8463942508567;9.947440142942227;EN PLACE
Quartier du faubourg d'Isle;Parc d'Isle Jacques Braconnier;15.0;70;3.31301688201412;49.8463869117988;9.947440142942227;EN PLACE
Quartier du faubourg d'Isle;Parc d'Isle Jacques Braconnier;18.0;65;3.31285060393143;49.8464258454127;9.947440142942227;EN PLACE
Quartier du faubourg d'Isle;Parc d'Isle Jacques Braconnier;21.0;100;3.3128163154868;49.846409056106;9.947440142942227;EN PLACE
Quartier du faubourg d'Isle;Parc d'Isle Jacques Braconnier;6.0;60;3.31280920593717;49.8465084324263;9.947440142942227;EN PLACE
Quartier du faubourg d'Isle;Parc d'Isle Jacques Braconnier;21.0;120;3.31280773260757;49.8464480611453;9.947440142942227;EN PLACE
Quartier du faubourg d'Isle;Parc d'Isle Jacques Braconnier;21.0;70;3.31281901366233;49.8464294916523;9.947440142942227;EN PLACE
Quartier du faubourg d'Isle;Parc d'Isle Jacques Braconnier;22.0;95;3.3127977098377;49.8464321610733;9.947440142942227;EN PLACE
Quartier du faubourg d'Isle;Parc d'Isle Jacques Braconnier;18.0;70;3.31276906916076;49.8464372253433;9.947440142942227;EN PLACE
Quartier du faubourg d'Isle;Parc d'Isle Jacques Braconnier;18.0;65;3.31275321092542;49.846428708578;9.947440142942227;EN PLACE
Quartier du faubourg d'Isle;Parc d'Isle Jacques Braconnier;16.0;80;3.31273697808662;49.8464190051555;9.947440142942227;EN PLACE
Quartier du faubourg d'Isle;Parc d'Isle Jacques Braconnier;18.0;130;3.31276462028936;49.846370919227;9.947440142942227;EN PLACE
Quartier du faubourg d'Isle;Parc d'Isle Jacques Braconnier;18.0;90;3.31270093158011;49.8463553940639;9.947440142942227;EN PLACE
Quartier du faubourg d'Isle;Parc d'Isle Jacques Braconnier;16.0;100;3.31252439514741;49.8463396829424;9.947440142942227;EN PLACE
Quartier du faubourg d'Isle;Parc d'Isle Jacques Braconnier;20.0;160;3.31260366410378;49.8463185625478;9.947440142942227;EN PLACE
Quartier du faubourg d'Isle;Parc d'Isle Jacques Braconnier;16.0;100;3.31223718490701;49.8460454138264;9.947440142942227;EN PLACE
Quartier du faubourg d'Isle;Parc d'Isle Jacques Braconnier;16.0;75;3.31233172324516;49.846056818611;9.947440142942227;EN PLACE
Quartier du faubourg d'Isle;Parc d'Isle Jacques Braconnier;13.0;70;3.31235560795284;49.8460553318582;9.947440142942227;EN PLACE
Quartier du faubourg d'Isle;Parc d'Isle Jacques Braconnier;10.0;60;3.31275374207286;49.8461101005688;9.947440142942227;EN PLACE
Quartier du faubourg d'Isle;Parc d'Isle Jacques Braconnier;14.0;110;3.31326573834471;49.8460805734281;9.947440142942227;EN PLACE
Quartier du faubourg d'Isle;Parc d'Isle Jacques Braconnier;13.0;65;3.31332738038943;49.8461102692776;9.947440142942227;Essouché
Quartier du faubourg d'Isle;Parc d'Isle Jacques Braconnier;13.0;55;3.31337392765329;49.8461238412579;9.947440142942227;EN PLACE
Quartier du faubourg d'Isle;Parc d'Isle Jacques Braconnier;14.0;100;3.31337969867663;49.8460580311237;9.947440142942227;EN PLACE
Quartier du faubourg d'Isle;Parc d'Isle Jacques Braconnier;15.0;140;3.31341675151469;49.8460581264053;9.947440142942227;EN PLACE
Quartier du faubourg d'Isle;Parc d'Isle Jacques Braconnier;15.0;110;3.31360438120745;49.8460127678278;9.947440142942227;EN PLACE
Quartier du faubourg d'Isle;Parc d'Isle Jacques Braconnier;22.0;190;3.31378770286659;49.8459362331012;9.947440142942227;Essouché
Quartier du faubourg d'Isle;Parc d'Isle Jacques Braconnier;21.0;160;3.31383521459554;49.8459153837507;9.947440142942227;EN PLACE
Quartier du faubourg d'Isle;Parc d'Isle Jacques Braconnier;9.0;90;3.31387946361352;49.8459380888946;9.947440142942227;EN PLACE
Quartier du faubourg d'Isle;Parc d'Isle Jacques Braconnier;24.0;155;3.31383449864351;49.8459425785204;9.947440142942227;EN PLACE
Quartier du faubourg d'Isle;Parc d'Isle Jacques Braconnier;15.0;135;3.31387706450378;49.8459784089914;9.947440142942227;EN PLACE
Quartier du faubourg d'Isle;Parc d'Isle Jacques Braconnier;15.0;120;3.31381447385403;49.8460337154381;9.947440142942227;EN PLACE
Quartier du faubourg d'Isle;Parc d'Isle Jacques Braconnier;28.0;200;3.31413304352012;49.8460310904985;9.947440142942227;EN PLACE
Quartier du faubourg d'Isle;Parc d'Isle Jacques Braconnier;28.0;175;3.31406894671225;49.8460686924001;9.947440142942227;EN PLACE
Quartier du faubourg d'Isle;Parc d'Isle Jacques Braconnier;26.0;145;3.31400666016628;49.8461015361137;9.947440142942227;EN PLACE
Quartier du faubourg d'Isle;Parc d'Isle Jacques Braconnier;24.0;145;3.31392689126698;49.8461308599876;9.947440142942227;EN PLACE
Quartier du faubourg d'Isle;Parc d'Isle Jacques Braconnier;24.0;145;3.31384150851172;49.8461441524599;9.947440142942227;EN PLACE
Quartier du faubourg d'Isle;Parc d'Isle Jacques Braconnier;24.0;130;3.31375981308149;49.8461592187425;9.947440142942227;EN PLACE
Quartier du faubourg d'Isle;Parc d'Isle Jacques Braconnier;24.0;135;3.31371683749603;49.8461943895902;9.947440142942227;EN PLACE
Quartier du faubourg d'Isle;Parc d'Isle Jacques Braconnier;26.0;135;3.31379143100575;49.8462197512988;9.947440142942227;EN PLACE
Quartier du faubourg d'Isle;Parc d'Isle Jacques Braconnier;26.0;155;3.31386602559994;49.8462457054351;9.947440142942227;EN PLACE
Quartier du faubourg d'Isle;Parc d'Isle Jacques Braconnier;30.0;165;3.31396732537686;49.8462805058447;9.947440142942227;EN PLACE
Quartier du faubourg d'Isle;Parc d'Isle Jacques Braconnier;28.0;160;3.31404006974523;49.846304088613;9.947440142942227;EN PLACE
Quartier du faubourg d'Isle;Parc d'Isle Jacques Braconnier;26.0;145;3.31410176720957;49.8463247277145;9.947440142942227;EN PLACE
Quartier du faubourg d'Isle;Parc d'Isle Jacques Braconnier;28.0;170;3.31415482877345;49.8462859658794;9.947440142942227;EN PLACE
Quartier du faubourg d'Isle;Parc d'Isle Jacques Braconnier;26.0;150;3.3142303364499;49.8463107305867;9.947440142942227;EN PLACE
Quartier du faubourg d'Isle;Parc d'Isle Jacques Braconnier;13.0;105;3.3120744982812;49.8455797495866;9.947440142942227;EN PLACE
Quartier du faubourg d'Isle;Parc d'Isle Jacques Braconnier;15.0;100;3.31211124108546;49.8455772792977;9.947440142942227;EN PLACE
Quartier du faubourg d'Isle;Parc d'Isle Jacques Braconnier;13.0;110;3.31214945178333;49.8455743285944;9.947440142942227;EN PLACE
Quartier du faubourg d'Isle;Parc d'Isle Jacques Braconnier;12.0;105;3.31222803118651;49.8455608162936;9.947440142942227;EN PLACE
Quartier du faubourg d'Isle;Parc d'Isle Jacques Braconnier;12.0;135;3.31234336402262;49.8455467350542;9.947440142942227;EN PLACE
Quartier du faubourg d'Isle;Parc d'Isle Jacques Braconnier;17.0;150;3.31235754171355;49.845580927104;9.947440142942227;EN PLACE
Quartier du faubourg d'Isle;Parc d'Isle Jacques Braconnier;10.0;140;3.31247510053282;49.8456780359969;9.947440142942227;EN PLACE
Quartier du faubourg d'Isle;Parc d'Isle Jacques Braconnier;12.0;125;3.31265661278587;49.8456661616802;9.947440142942227;EN PLACE
Quartier de l'Europe;Rue Laplace;8.0;66;3.30464893197068;49.8603120159873;9.947440142942227;EN PLACE
Quartier de l'Europe;Rue Laplace;4.0;47;3.30503896767087;49.8604831338388;9.947440142942227;EN PLACE
Quartier de l'Europe;Rue Laplace;4.0;85;3.30531395698408;49.8606607170383;9.947440142942227;SUPPRIMÉ
Quartier de l'Europe;Rue Laplace;13.0;140;3.30544803083818;49.8607307990685;9.947440142942227;EN PLACE
Quartier de l'Europe;Rue Laplace;11.0;116;3.30546466234321;49.8608216749428;9.947440142942227;EN PLACE
Quartier de l'Europe;Rue Laplace;10.0;94;3.30551941219712;49.8608313429502;9.947440142942227;EN PLACE
Quartier de l'Europe;Rue Laplace;10.0;125;3.30557140852646;49.8609949246704;9.947440142942227;EN PLACE
Quartier de l'Europe;Rue Laplace;10.0;130;3.30558957812427;49.8611125378566;9.947440142942227;Non essouché
Quartier de l'Europe;Rue Laplace;8.0;118;3.30559861578241;49.8611633223467;9.947440142942227;EN PLACE
Quartier de l'Europe;Rue Laplace;9.0;133;3.30559952058544;49.8612376003941;9.947440142942227;EN PLACE
Quartier de l'Europe;Rue Laplace;7.0;125;3.30559072186122;49.8613035820847;9.947440142942227;EN PLACE
Quartier de l'Europe;Rue Laplace;9.0;106;3.30553118013095;49.8614918065452;9.947440142942227;EN PLACE
Quartier de l'Europe;Rue Laplace;10.0;113;3.30549660115584;49.8615507222299;9.947440142942227;EN PLACE
Quartier de l'Europe;Rue Laplace;14.0;154;3.30540086321905;49.8616813954893;9.947440142942227;EN PLACE
Quartier de l'Europe;Rue Laplace;14.0;138;3.30538451067874;49.8617138226834;9.947440142942227;EN PLACE
Quartier du faubourg d'Isle;Boulevard du Maréchal Juin;6.0;26;3.30251282645231;49.8346740681641;11.495890410958904;EN PLACE
Quartier du faubourg d'Isle;Boulevard du Maréchal Juin;6.0;27;3.30209975280884;49.8346118616563;11.495890410958904;EN PLACE
Quartier du faubourg d'Isle;Boulevard du Maréchal Juin;6.0;29;3.30179996999566;49.8345662512812;11.495890410958904;EN PLACE
Quartier du faubourg d'Isle;Boulevard du Maréchal Juin;6.0;28;3.30127176514882;49.8344860239961;11.495890410958904;EN PLACE
Quartier Saint-Martin - Oëstres;Groupe scolaire Xavier Aubryet;11.0;160;3.27373142823295;49.8420390317557;9.947440142942227;EN PLACE
Quartier Saint-Martin - Oëstres;Groupe scolaire Xavier Aubryet;9.0;110;3.27367419637137;49.8420760031158;9.947440142942227;EN PLACE
Quartier Saint-Martin - Oëstres;Groupe scolaire Xavier Aubryet;9.0;140;3.2736210991318;49.8421132623974;9.947440142942227;EN PLACE
Quartier Saint-Martin - Oëstres;Groupe scolaire Xavier Aubryet;14.0;213;3.27363723102499;49.8420371628656;9.947440142942227;EN PLACE
Quartier Saint-Martin - Oëstres;Groupe scolaire Xavier Aubryet;9.0;207;3.27384078168732;49.8418804187874;9.947440142942227;EN PLACE
Quartier Saint-Martin - Oëstres;Groupe scolaire Xavier Aubryet;9.0;128;3.27390027610064;49.8418369059256;9.947440142942227;EN PLACE
Quartier du Vermandois;Rue de Normandie;13.0;226;3.27222360403437;49.8576051787957;9.947440142942227;EN PLACE
Quartier du Vermandois;Rue d'Artois;8.0;73;3.27111829689158;49.8581151227538;9.947440142942227;EN PLACE
Quartier du Vermandois;Rue d'Artois;7.0;77;3.27111720625707;49.8580480957319;9.947440142942227;EN PLACE
Quartier du Vermandois;Rue d'Artois;6.0;76;3.27149024097602;49.857788180803;9.947440142942227;EN PLACE
Quartier du Vermandois;Rue d'Artois;6.0;70;3.27157402918611;49.8578595082553;9.947440142942227;EN PLACE
Quartier du Vermandois;Rue d'Artois;7.0;80;3.27165380755423;49.8579274231396;9.947440142942227;EN PLACE
Quartier du Vermandois;Rue d'Artois;6.0;74;3.27183305782305;49.8580800148862;9.947440142942227;EN PLACE
Quartier du Vermandois;Rue d'Artois;7.0;77;3.27191951439154;49.8581536123017;9.947440142942227;EN PLACE
Quartier du Vermandois;Rue d'Artois;4.0;37;3.27199494823709;49.8582178284286;9.947440142942227;EN PLACE
Quartier du Vermandois;Rue d'Artois;6.0;68;3.27207988085034;49.8582931338505;9.947440142942227;EN PLACE
Quartier du Vermandois;Rue d'Artois;5.0;46;3.2722856589698;49.8584624190052;9.947440142942227;EN PLACE
Quartier du Vermandois;Rue d'Artois;5.0;60;3.2723723624494;49.8585369118579;9.947440142942227;EN PLACE
Quartier du Vermandois;Rue d'Artois;5.0;70;3.27245623515957;49.8586089702936;9.947440142942227;EN PLACE
Quartier du Vermandois;Rue d'Artois;5.0;56;3.27262388440031;49.858815751843;9.947440142942227;EN PLACE
Quartier du Vermandois;Rue d'Artois;5.0;66;3.27244956455865;49.8586704339997;9.947440142942227;EN PLACE
Quartier du Vermandois;Rue d'Artois;5.0;69;3.27227854372299;49.8585227311547;9.947440142942227;EN PLACE
Quartier du Vermandois;Rue d'Artois;5.0;63;3.27208059750306;49.8583586881838;9.947440142942227;EN PLACE
Quartier du Vermandois;Rue d'Artois;5.0;71;3.27199010376817;49.8582809250572;9.947440142942227;EN PLACE
Quartier du Vermandois;Rue d'Artois;6.0;82;3.27183491820583;49.858137703491;9.947440142942227;EN PLACE
Quartier du Vermandois;Rue d'Artois;6.0;78;3.27173782158347;49.8580628081338;9.947440142942227;EN PLACE
Quartier du Vermandois;Rue d'Artois;6.0;58;3.27156681816018;49.85791748127;9.947440142942227;EN PLACE
Quartier du Vermandois;Centre social Champagne - Artois;6.0;42;3.2742920795817;49.8572176001744;9.947440142942227;EN PLACE
Quartier du Vermandois;Centre social Champagne - Artois;10.0;51;3.27422515955122;49.857065599441;9.947440142942227;EN PLACE
Quartier du Vermandois;Centre social Champagne - Artois;8.0;51;3.27416014999231;49.8570593616931;9.947440142942227;EN PLACE
Quartier du Vermandois;Centre social Champagne - Artois;9.0;54;3.27409579440194;49.8570531871142;9.947440142942227;EN PLACE
Quartier du Vermandois;Centre social Champagne - Artois;8.0;51;3.27404993444676;49.8569700852667;9.947440142942227;EN PLACE
Quartier du Vermandois;Centre social Champagne - Artois;7.0;46;3.27410874806129;49.8569757288823;9.947440142942227;EN PLACE
Quartier du Vermandois;Centre social Champagne - Artois;8.0;45;3.27417827531444;49.856982400241;9.947440142942227;EN PLACE
Quartier du Vermandois;Centre social Champagne - Artois;5.0;39;3.27423993989857;49.8569883176377;9.947440142942227;EN PLACE
Quartier du Vermandois;Centre social Champagne - Artois;4.0;29;3.27405948939882;49.8569501454097;9.947440142942227;EN PLACE
Quartier du Vermandois;Centre social Champagne - Artois;4.0;37;3.27428343145288;49.8568336945064;9.947440142942227;SUPPRIMÉ
Quartier du Vermandois;Centre social Champagne - Artois;5.0;57;3.2743096258488;49.8568230829634;9.947440142942227;SUPPRIMÉ
Quartier du Vermandois;Centre social Champagne - Artois;5.0;40;3.27430089493933;49.856847371421;9.947440142942227;EN PLACE
Quartier du faubourg d'Isle;Verger du Parc d'Isle;6.0;75;3.31094722633796;49.8445540592867;9.947440142942227;EN PLACE
Quartier du faubourg d'Isle;Verger du Parc d'Isle;5.0;56;3.31084559620803;49.8445243682722;9.947440142942227;EN PLACE
Quartier du faubourg d'Isle;Verger du Parc d'Isle;5.0;66;3.3108679127452;49.8445675726836;9.947440142942227;EN PLACE
Quartier du faubourg d'Isle;Verger du Parc d'Isle;4.0;53;3.31088439227254;49.844617922966;9.947440142942227;EN PLACE
Quartier du faubourg d'Isle;Verger du Parc d'Isle;5.0;38;3.31075296699752;49.8445098483003;9.947440142942227;EN PLACE
Quartier du faubourg d'Isle;Verger du Parc d'Isle;5.0;31;3.31072652139235;49.8444646579906;9.947440142942227;EN PLACE
Quartier du faubourg d'Isle;Verger du Parc d'Isle;8.0;63;3.3111413192882;49.8446586087807;9.947440142942227;EN PLACE
Quartier du faubourg d'Isle;Verger du Parc d'Isle;5.0;47;3.31114279052052;49.8447189810283;9.947440142942227;EN PLACE
Quartier du faubourg d'Isle;Verger du Parc d'Isle;4.0;44;3.31104979103917;49.8447185046371;9.947440142942227;EN PLACE
Quartier du faubourg d'Isle;Verger du Parc d'Isle;4.0;47;3.31094689655674;49.8447228076942;9.947440142942227;EN PLACE
Quartier du faubourg d'Isle;Verger du Parc d'Isle;4.0;47;3.31087266161417;49.8447253742133;9.947440142942227;EN PLACE
Quartier du faubourg d'Isle;Verger du Parc d'Isle;5.0;41;3.31078690656152;49.844767664532;9.947440142942227;EN PLACE
Quartier du faubourg d'Isle;Verger du Parc d'Isle;4.0;31;3.31087845039613;49.8447707594429;9.947440142942227;EN PLACE
Quartier du faubourg d'Isle;Verger du Parc d'Isle;7.0;63;3.31105195845506;49.8447726949244;9.947440142942227;EN PLACE
Quartier du faubourg d'Isle;Verger du Parc d'Isle;5.0;44;3.31113211358444;49.8447765318658;9.947440142942227;EN PLACE
Quartier du faubourg d'Isle;Verger du Parc d'Isle;7.0;104;3.31112071929404;49.8448459386628;9.947440142942227;EN PLACE
Quartier du faubourg d'Isle;Verger du Parc d'Isle;8.0;101;3.31103906893847;49.8448380653149;9.947440142942227;EN PLACE
Quartier du faubourg d'Isle;Verger du Parc d'Isle;7.0;125;3.31086915038832;49.8448218594736;9.947440142942227;EN PLACE
Quartier du faubourg d'Isle;Verger du Parc d'Isle;7.0;97;3.31078749849255;49.844813510354;9.947440142942227;EN PLACE
Quartier du faubourg d'Isle;Verger du Parc d'Isle;5.0;53;3.31102097360261;49.8448847005694;9.947440142942227;EN PLACE
Quartier du faubourg d'Isle;Verger du Parc d'Isle;6.0;78;3.31108092978908;49.8449515789586;9.947440142942227;EN PLACE
Quartier du faubourg d'Isle;Verger du Parc d'Isle;5.0;82;3.31092634883212;49.8449191702173;9.947440142942227;EN PLACE
Quartier du faubourg d'Isle;Verger du Parc d'Isle;6.0;88;3.31076513487632;49.8448834496251;9.947440142942227;EN PLACE
Quartier du faubourg d'Isle;Verger du Parc d'Isle;7.0;94;3.31073964676051;49.8449234477901;9.947440142942227;EN PLACE
Quartier du faubourg d'Isle;Verger du Parc d'Isle;5.0;63;3.31097606554534;49.8449946320988;9.947440142942227;EN PLACE
Quartier du faubourg d'Isle;Verger du Parc d'Isle;6.0;79;3.31104161120116;49.8450139562895;9.947440142942227;EN PLACE
Quartier du faubourg d'Isle;Verger du Parc d'Isle;8.0;100;3.31101708072977;49.8450602507651;9.947440142942227;EN PLACE
Quartier du faubourg d'Isle;Verger du Parc d'Isle;7.0;88;3.31094306783803;49.8450386896595;9.947440142942227;EN PLACE
Quartier du faubourg d'Isle;Verger du Parc d'Isle;7.0;78;3.31086959740063;49.8450160580926;9.947440142942227;EN PLACE
Quartier du faubourg d'Isle;Verger du Parc d'Isle;6.0;75;3.31070995624823;49.8449672609793;9.947440142942227;EN PLACE
Quartier du faubourg d'Isle;Verger du Parc d'Isle;8.0;190;3.31068648325369;49.845005826995;9.947440142942227;EN PLACE
Quartier du faubourg d'Isle;Verger du Parc d'Isle;9.0;41;3.31076383730406;49.8450327279045;9.947440142942227;EN PLACE
Quartier du faubourg d'Isle;Verger du Parc d'Isle;9.0;251;3.31085609970579;49.8450631558444;9.947440142942227;EN PLACE
Quartier du faubourg d'Isle;Verger du Parc d'Isle;7.0;157;3.31088207264943;49.84507271686;9.947440142942227;EN PLACE
Quartier du faubourg d'Isle;Verger du Parc d'Isle;7.0;250;3.31093125261157;49.8450904193974;9.947440142942227;EN PLACE
Quartier du faubourg d'Isle;Verger du Parc d'Isle;6.0;116;3.31098650916263;49.8451102455713;9.947440142942227;EN PLACE
Quartier Remicourt;Parc des Champs-Elysées;5.0;22;3.29433827893612;49.8496891799114;12.495890410958904;EN PLACE
Quartier Remicourt;Parc des Champs-Elysées;5.0;16;3.29400453172774;49.8500796894295;12.495890410958904;EN PLACE
Quartier Remicourt;Parc des Champs-Elysées;5.0;19;3.29487422015457;49.8499378259939;12.495890410958904;EN PLACE
Quartier Remicourt;Parc des Champs-Elysées;6.0;19;3.29456728156791;49.8502594579737;12.495890410958904;EN PLACE
Quartier Remicourt;Parc des Champs-Elysées;6.0;16;3.29408460006906;49.8503224221904;12.495890410958904;EN PLACE
Quartier Remicourt;Parc des Champs-Elysées;6.0;19;3.29402927437533;49.8505459908545;12.495890410958904;EN PLACE
Quartier Remicourt;Parc des Champs-Elysées;5.0;16;3.29425227744908;49.8504579812299;12.495890410958904;EN PLACE
Quartier Remicourt;Parc des Champs-Elysées;7.0;22;3.29448263721415;49.8506257163826;12.495890410958904;EN PLACE
Quartier Saint-Jean;Ecole maternelle Montplaisir;6.0;149;3.27523974213715;49.8507320033157;9.947440142942227;EN PLACE
Quartier Remicourt;Groupe scolaire Quentin Barré;12.0;175;3.29905977765319;49.8486225144902;9.947440142942227;EN PLACE
Quartier Remicourt;Groupe scolaire Quentin Barré;10.0;90;3.29846858004745;49.8489838349077;9.947440142942227;EN PLACE
Quartier Remicourt;Groupe scolaire Quentin Barré;4.0;45;3.29834831318844;49.8490679180692;9.947440142942227;EN PLACE
Quartier Remicourt;Groupe scolaire Quentin Barré;15.0;195;3.29828582612423;49.8491318917178;9.947440142942227;EN PLACE
Quartier Remicourt;Groupe scolaire Quentin Barré;4.0;63;3.29854726225815;49.8485778736104;9.947440142942227;EN PLACE
Quartier Remicourt;Groupe scolaire Quentin Barré;4.0;59;3.29881361104325;49.8484243828054;9.947440142942227;EN PLACE
Quartier du Centre-Ville;Ecole maternelle des Patriotes;15.0;228;3.28885525126767;49.8437483787386;9.947440142942227;EN PLACE
Quartier du Centre-Ville;Ecole maternelle des Patriotes;12.0;172;3.28874824898781;49.8436761340177;9.947440142942227;EN PLACE
Quartier du Centre-Ville;Ecole maternelle des Patriotes;8.0;163;3.28875053248165;49.8435923399803;9.947440142942227;EN PLACE
Quartier du Centre-Ville;Ecole maternelle des Patriotes;5.0;62;3.28892512753615;49.8436900971972;9.947440142942227;EN PLACE
Quartier du Centre-Ville;Ecole maternelle des Patriotes;5.0;77;3.28897328724644;49.8436362052194;9.947440142942227;REMPLACÉ
Quartier du Centre-Ville;Ecole maternelle des Patriotes;5.0;72;3.28891843304287;49.84362081354;9.947440142942227;EN PLACE
Quartier du Centre-Ville;Office des sports;8.0;90;3.2860773693228;49.845896283371;9.947440142942227;EN PLACE
Quartier Saint-Martin - Oëstres;Ecole Theillier Desjardins;7.0;63;3.2737155241176;49.8408114453984;9.947440142942227;EN PLACE
Quartier Saint-Martin - Oëstres;Ecole Theillier Desjardins;3.0;17;3.2737986557339;49.8408578954694;9.947440142942227;EN PLACE
Quartier Saint-Martin - Oëstres;Ecole Theillier Desjardins;5.0;32;3.27388075919296;49.8409049187806;9.947440142942227;EN PLACE
Quartier Saint-Martin - Oëstres;Ecole Theillier Desjardins;5.0;29;3.27445412536064;49.840493243038;9.947440142942227;EN PLACE
Quartier Saint-Martin - Oëstres;Ecole Theillier Desjardins;6.0;54;3.27437165205904;49.8404459359833;9.947440142942227;EN PLACE
Quartier Saint-Martin - Oëstres;Giratoire EPIDE;4.0;28;3.26032948580248;49.8513896952828;9.947440142942227;EN PLACE
Quartier Saint-Martin - Oëstres;Giratoire EPIDE;4.0;31;3.26019033934292;49.851407224161;9.947440142942227;EN PLACE
Quartier Saint-Martin - Oëstres;Giratoire EPIDE;4.0;33;3.26028541249471;49.851488135769;9.947440142942227;EN PLACE
Quartier Saint-Martin - Oëstres;Rue Marcel Paul;12.0;147;3.25641849455385;49.8537631542011;9.947440142942227;EN PLACE
Quartier Saint-Martin - Oëstres;Rue Marcel Paul;12.0;132;3.25653610097756;49.8537921443255;9.947440142942227;EN PLACE
Quartier Saint-Martin - Oëstres;Rue Marcel Paul;12.0;144;3.2566484983358;49.8538208247571;9.947440142942227;EN PLACE
Quartier Saint-Martin - Oëstres;Rue Marcel Paul;12.0;143;3.25674518394908;49.8538454955078;9.947440142942227;EN PLACE
Quartier Saint-Martin - Oëstres;Rue Marcel Paul;12.0;138;3.25694851014852;49.8538857606469;9.947440142942227;EN PLACE
Quartier Saint-Martin - Oëstres;Rue Marcel Paul;12.0;131;3.2570477249315;49.8539108643504;9.947440142942227;EN PLACE
Quartier Saint-Martin - Oëstres;Rue Marcel Paul;12.0;135;3.2571604877977;49.8539393960471;9.947440142942227;EN PLACE
Quartier Saint-Martin - Oëstres;Rue Marcel Paul;12.0;134;3.25757029626617;49.8540430753569;9.947440142942227;EN PLACE
Quartier Saint-Martin - Oëstres;Rue Marcel Paul;12.0;131;3.25777530099772;49.8541013496586;9.947440142942227;EN PLACE
Quartier Saint-Martin - Oëstres;Rue Marcel Paul;12.0;126;3.25787542793946;49.8541268102799;9.947440142942227;EN PLACE
Quartier Saint-Martin - Oëstres;Rue Marcel Paul;12.0;135;3.25799247669044;49.8541541351279;9.947440142942227;EN PLACE
Quartier Saint-Martin - Oëstres;Rue Marcel Paul;12.0;128;3.25809947630342;49.8541767502459;9.947440142942227;EN PLACE
Quartier Saint-Martin - Oëstres;Rue Marcel Paul;12.0;133;3.25819341853389;49.8541998605868;9.947440142942227;EN PLACE
Quartier Saint-Martin - Oëstres;Rue Marcel Paul;12.0;120;3.25829910398766;49.8542258579436;9.947440142942227;EN PLACE
Quartier Saint-Martin - Oëstres;Rue Marcel Paul;12.0;112;3.25906765486104;49.8542763231617;9.947440142942227;EN PLACE
Quartier Saint-Martin - Oëstres;Rue Marcel Paul;12.0;118;3.25897967398234;49.8542546442467;9.947440142942227;EN PLACE
Quartier Saint-Martin - Oëstres;Rue Marcel Paul;12.0;107;3.25890494153313;49.854236229276;9.947440142942227;EN PLACE
Quartier Saint-Martin - Oëstres;Rue Marcel Paul;12.0;114;3.25879631900409;49.8542094639558;9.947440142942227;EN PLACE
Quartier Saint-Martin - Oëstres;Rue Marcel Paul;12.0;113;3.2586961315312;49.8541847783351;9.947440142942227;EN PLACE
Quartier Saint-Martin - Oëstres;Rue Marcel Paul;12.0;118;3.25857700082293;49.8541548461318;9.947440142942227;EN PLACE
Quartier Saint-Martin - Oëstres;Rue Marcel Paul;12.0;117;3.25848421521198;49.8541301089666;9.947440142942227;EN PLACE
Quartier Saint-Martin - Oëstres;Rue Marcel Paul;12.0;113;3.25836161566672;49.854098125355;9.947440142942227;EN PLACE
Quartier Saint-Martin - Oëstres;Rue Marcel Paul;12.0;120;3.2582690694021;49.8540744366851;9.947440142942227;EN PLACE
Quartier Saint-Martin - Oëstres;Rue Marcel Paul;12.0;128;3.25816766462353;49.8540484811342;9.947440142942227;EN PLACE
Quartier Saint-Martin - Oëstres;Rue Marcel Paul;12.0;131;3.25806531171329;49.8540222830378;9.947440142942227;EN PLACE
Quartier Saint-Martin - Oëstres;Rue Marcel Paul;12.0;133;3.25796190504249;49.8539974393393;9.947440142942227;EN PLACE
Quartier Saint-Martin - Oëstres;Rue Marcel Paul;12.0;138;3.25786914457859;49.8539744610745;9.947440142942227;EN PLACE
Quartier Saint-Martin - Oëstres;Rue Marcel Paul;12.0;118;3.25765199451112;49.8539324729169;9.947440142942227;EN PLACE
Quartier Saint-Martin - Oëstres;Rue Marcel Paul;12.0;121;3.25754993027628;49.8539058044332;9.947440142942227;EN PLACE
Quartier Saint-Martin - Oëstres;Rue Marcel Paul;12.0;114;3.25744939228033;49.8538795343898;9.947440142942227;EN PLACE
Quartier Saint-Martin - Oëstres;Rue Marcel Paul;12.0;128;3.25733754350302;49.8538503086973;9.947440142942227;EN PLACE
Quartier Saint-Martin - Oëstres;Rue Marcel Paul;12.0;142;3.2572368121825;49.8538239876496;9.947440142942227;EN PLACE
Quartier Saint-Martin - Oëstres;Rue Marcel Paul;12.0;123;3.25692678699112;49.8537433634954;9.947440142942227;EN PLACE
Quartier Saint-Martin - Oëstres;Rue Marcel Paul;12.0;141;3.25670191169144;49.8536870488277;9.947440142942227;EN PLACE
Quartier Saint-Martin - Oëstres;Rue Marcel Paul;12.0;128;3.25660143827822;49.8536655114186;9.947440142942227;EN PLACE
Quartier Saint-Martin - Oëstres;Rue Marcel Paul;12.0;139;3.2564959681628;49.8536372095927;9.947440142942227;EN PLACE
Quartier Saint-Martin - Oëstres;Groupe scolaire Jean Macé;5.0;32;3.26653380554318;49.8456330091274;9.947440142942227;EN PLACE
Quartier Saint-Martin - Oëstres;Groupe scolaire Jean Macé;5.0;28;3.26659496323343;49.8456420864656;9.947440142942227;EN PLACE
Quartier Saint-Martin - Oëstres;Groupe scolaire Jean Macé;5.0;34;3.26676064467213;49.8455181216087;9.947440142942227;EN PLACE
Quartier Saint-Martin - Oëstres;Groupe scolaire Jean Macé;4.0;33;3.26681444994725;49.8455266212647;9.947440142942227;EN PLACE
Quartier du Centre-Ville;Office social ;15.0;155;3.29108255472281;49.8439442584358;9.947440142942227;EN PLACE
Quartier Saint-Jean;Ecole élémentaire Paringault;10.0;123;3.27723169567412;49.8487912301648;9.947440142942227;EN PLACE
Quartier Saint-Jean;Salle Paringault;15.0;171;3.28467327333128;49.8524718424357;9.947440142942227;EN PLACE
Quartier du Vermandois;Espace Creatis;6.0;35;3.26376484247857;49.8564288501799;9.947440142942227;EN PLACE
Quartier du Vermandois;Espace Creatis;6.0;41;3.26395631963669;49.8562440085826;9.947440142942227;EN PLACE
Quartier du Vermandois;Espace Creatis;5.0;23;3.26435196814972;49.8562091047696;9.947440142942227;EN PLACE
Quartier du Vermandois;Espace Creatis;5.0;21;3.26431521264452;49.8562465007841;9.947440142942227;EN PLACE
Quartier du Vermandois;Espace Creatis;5.0;26;3.26427765906574;49.8562847077275;9.947440142942227;EN PLACE
Quartier du Vermandois;Espace Creatis;5.0;62;3.26418419600435;49.856379797484;9.947440142942227;EN PLACE
Quartier du Vermandois;Espace Creatis;5.0;26;3.26414923128773;49.8564153715352;9.947440142942227;EN PLACE
Quartier du Vermandois;Espace Creatis;5.0;18;3.26411150668227;49.8564536300526;9.947440142942227;EN PLACE
Quartier du Vermandois;Espace Creatis;5.0;25;3.26407436533477;49.8564945933857;9.947440142942227;EN PLACE
Quartier du Vermandois;Espace Creatis;5.0;31;3.26437231860665;49.8565130097655;9.947440142942227;EN PLACE
Quartier du Vermandois;Espace Creatis;5.0;31;3.26440954173906;49.8564751388855;9.947440142942227;EN PLACE
Quartier du Vermandois;Espace Creatis;5.0;27;3.26450381776534;49.8563792208949;9.947440142942227;EN PLACE
Quartier du Vermandois;Espace Creatis;5.0;27;3.264541201132;49.8563411877806;9.947440142942227;EN PLACE
Quartier du Vermandois;Espace Creatis;5.0;34;3.2645771239616;49.856304640478;9.947440142942227;EN PLACE
Quartier du Vermandois;Espace Creatis;5.0;50;3.2646536855614;49.8562267450702;9.947440142942227;EN PLACE
Quartier du Vermandois;Espace Creatis;5.0;32;3.26469007290313;49.8561897219854;9.947440142942227;EN PLACE
Quartier du Vermandois;Espace Creatis;5.0;33;3.26472393896342;49.8561552677646;9.947440142942227;EN PLACE
Quartier du Vermandois;Espace Creatis;5.0;45;3.26475653258576;49.8561221056402;9.947440142942227;EN PLACE
Quartier du Vermandois;Espace Creatis;5.0;32;3.26479417002778;49.8560838120419;9.947440142942227;EN PLACE
Quartier du Vermandois;Espace Creatis;5.0;34;3.26482120108406;49.856056312073;9.947440142942227;EN PLACE
Quartier du Vermandois;Espace Creatis;5.0;36;3.26480594325117;49.8559983038076;9.947440142942227;EN PLACE
Quartier du Vermandois;Espace Creatis;5.0;40;3.26485823811928;49.8560204184727;9.947440142942227;EN PLACE
Quartier du Vermandois;Espace Creatis;5.0;35;3.26491469627222;49.8560442921532;9.947440142942227;EN PLACE
Quartier du Vermandois;Espace Creatis;5.0;43;3.26502952642823;49.8560928505513;9.947440142942227;EN PLACE
Quartier du Vermandois;Espace Creatis;5.0;46;3.26508413518808;49.8561159425545;9.947440142942227;EN PLACE
Quartier du Vermandois;Espace Creatis;5.0;46;3.26514661474936;49.8561423621249;9.947440142942227;EN PLACE
Quartier du Vermandois;Espace Creatis;5.0;38;3.26519891549655;49.8561644784224;9.947440142942227;EN PLACE
Quartier du Vermandois;Espace Creatis;5.0;41;3.26525631758511;49.8561887516815;9.947440142942227;EN PLACE
Quartier du Vermandois;Espace Creatis;5.0;43;3.26530834245676;49.8562107507776;9.947440142942227;EN PLACE
Quartier du Vermandois;Espace Creatis;5.0;43;3.26527398642434;49.8562447909128;9.947440142942227;EN PLACE
Quartier du Vermandois;Espace Creatis;5.0;31;3.265050249297;49.8561492479391;9.947440142942227;EN PLACE
Quartier du Vermandois;Espace Creatis;5.0;36;3.26494137316695;49.8562531190566;9.947440142942227;EN PLACE
Quartier du Vermandois;Espace Creatis;5.0;32;3.26491065422087;49.8562847522123;9.947440142942227;EN PLACE
Quartier du Vermandois;Espace Creatis;5.0;35;3.26487495824022;49.8563207686666;9.947440142942227;EN PLACE
Quartier du Vermandois;Espace Creatis;5.0;30;3.26479830457357;49.8563990887752;9.947440142942227;EN PLACE
Quartier du Vermandois;Espace Creatis;5.0;26;3.264762607404;49.8564349154963;9.947440142942227;EN PLACE
Quartier du Vermandois;Espace Creatis;5.0;24;3.2647289689391;49.8564711187618;9.947440142942227;EN PLACE
Quartier du Vermandois;Espace Creatis;6.0;41;3.26487340115605;49.8566442269717;9.947440142942227;EN PLACE
Quartier du Vermandois;Espace Creatis;6.0;30;3.26483276799894;49.8566838201754;9.947440142942227;EN PLACE
Quartier du Vermandois;Espace Creatis;6.0;40;3.26477683963476;49.8566598104085;9.947440142942227;EN PLACE
Quartier du Vermandois;Espace Creatis;6.0;40;3.26471866444933;49.8566348383023;9.947440142942227;EN PLACE
Quartier du Vermandois;Espace Creatis;6.0;35;3.26466511689357;49.8566118507285;9.947440142942227;EN PLACE
Quartier du Vermandois;Espace Creatis;6.0;47;3.26459034556862;49.8565493707415;9.947440142942227;EN PLACE
Quartier du Vermandois;Espace Creatis;6.0;39;3.26452826104687;49.856544941649;9.947440142942227;EN PLACE
Quartier du Vermandois;Espace Creatis;6.0;40;3.26445765307618;49.856541481117;9.947440142942227;EN PLACE
Quartier du Vermandois;Espace Creatis;6.0;35;3.26438942763108;49.8565365425344;9.947440142942227;EN PLACE
Quartier du Vermandois;Espace Creatis;6.0;33;3.26432267573823;49.856532282075;9.947440142942227;EN PLACE
Quartier du Vermandois;Espace Creatis;6.0;39;3.26424624529812;49.8565288264309;9.947440142942227;EN PLACE
Quartier du Vermandois;Espace Creatis;6.0;47;3.26417924418679;49.8565257981492;9.947440142942227;EN PLACE
Quartier du Vermandois;Espace Creatis;6.0;42;3.26411336697217;49.8565228194462;9.947440142942227;EN PLACE
Quartier du Vermandois;Espace Creatis;5.0;31;3.26404187864353;49.8565195881041;9.947440142942227;EN PLACE
Quartier du Vermandois;Espace Creatis;5.0;31;3.26397333498155;49.8565164894515;9.947440142942227;EN PLACE
Quartier du Vermandois;Espace Creatis;5.0;39;3.26389844716145;49.8565131029362;9.947440142942227;EN PLACE
Quartier du Vermandois;Espace Creatis;6.0;40;3.26383324877419;49.8565101558154;9.947440142942227;EN PLACE
Quartier du Vermandois;Espace Creatis;5.0;35;3.2637650431373;49.8565070715656;9.947440142942227;EN PLACE
Quartier du Vermandois;Espace Creatis;6.0;37;3.26368765023677;49.8565035727675;9.947440142942227;EN PLACE
Quartier du Vermandois;Espace Creatis;6.0;46;3.26362051426725;49.8565005372776;9.947440142942227;EN PLACE
Quartier du Vermandois;Espace Creatis;6.0;43;3.26355134194176;49.8564974092224;9.947440142942227;EN PLACE
Quartier du Vermandois;Espace Creatis;6.0;40;3.26351202131386;49.8564677236345;9.947440142942227;EN PLACE
Quartier du Vermandois;Avenue Archimède;8.0;110;3.26009710462425;49.8585632456144;9.947440142942227;EN PLACE
Quartier du Vermandois;Avenue Archimède;9.0;97;3.2601466069837;49.8585372307627;9.947440142942227;EN PLACE
Quartier du Vermandois;Avenue Archimède;7.0;83;3.26021049741604;49.8585206932486;9.947440142942227;EN PLACE
Quartier du Vermandois;Avenue Archimède;7.0;68;3.26023903134179;49.8584921094863;9.947440142942227;EN PLACE
Quartier du Vermandois;Avenue Archimède;8.0;80;3.26003499054764;49.8584956344456;9.947440142942227;EN PLACE
Quartier du Vermandois;Avenue Archimède;8.0;90;3.26003963475926;49.8584690033216;9.947440142942227;EN PLACE
Quartier du Vermandois;Avenue Archimède;8.0;100;3.26001600053168;49.8584488486318;9.947440142942227;EN PLACE
Quartier du Vermandois;Avenue Archimède;8.0;100;3.26003125681596;49.8584122118683;9.947440142942227;EN PLACE
Quartier du Vermandois;Avenue Archimède;8.0;97;3.26013435120594;49.8584409904478;9.947440142942227;EN PLACE
Quartier du Vermandois;Rue Paul-Emile Victor;8.0;87;3.26012221757802;49.858740632571;9.947440142942227;EN PLACE
Quartier du Vermandois;Rue Paul-Emile Victor;7.0;90;3.26012882162004;49.8587738953361;9.947440142942227;EN PLACE
Quartier du Vermandois;Rue Paul-Emile Victor;10.0;89;3.26012029404358;49.8588143210772;9.947440142942227;EN PLACE
Quartier du Vermandois;Rue Paul-Emile Victor;10.0;96;3.26014983149504;49.8588383249792;9.947440142942227;EN PLACE
Quartier du Vermandois;Rue Paul-Emile Victor;9.0;86;3.26016376109214;49.8588662248686;9.947440142942227;EN PLACE
Quartier du Vermandois;Rue Paul-Emile Victor;7.0;98;3.26022069756284;49.8589460277464;9.947440142942227;EN PLACE
Quartier du Vermandois;Rue Paul-Emile Victor;7.0;92;3.26022631277697;49.858965625355;9.947440142942227;EN PLACE
Quartier du Vermandois;Rue Paul-Emile Victor;7.0;92;3.26022739187062;49.858996820855;9.947440142942227;EN PLACE
Quartier du Vermandois;Rue Paul-Emile Victor;7.0;116;3.26026299951499;49.8591298533;9.947440142942227;EN PLACE
Quartier du Vermandois;Rue Paul-Emile Victor;7.0;89;3.26030951388272;49.8593288238505;9.947440142942227;EN PLACE
Quartier du Vermandois;Rue Paul-Emile Victor;7.0;106;3.26032077933092;49.8593748526436;9.947440142942227;EN PLACE
Quartier du Vermandois;Rue Paul-Emile Victor;7.0;93;3.26033071270722;49.8594300951407;9.947440142942227;EN PLACE
Quartier du Vermandois;Rue Paul-Emile Victor;7.0;107;3.26034561262537;49.8594680945607;9.947440142942227;EN PLACE
Quartier du Vermandois;Rue Paul-Emile Victor;7.0;92;3.2603703697973;49.8595461840735;9.947440142942227;EN PLACE
Quartier du Vermandois;Rue Paul-Emile Victor;7.0;67;3.26036784803757;49.8595922425275;9.947440142942227;EN PLACE
Quartier du Vermandois;Rue Paul-Emile Victor;7.0;109;3.26044422338763;49.8598785010189;9.947440142942227;EN PLACE
Quartier du Vermandois;Rue Paul-Emile Victor;7.0;99;3.2604573975356;49.8599384904741;9.947440142942227;EN PLACE
Quartier du Vermandois;Rue Paul-Emile Victor;7.0;108;3.26055908890746;49.8603218519459;9.947440142942227;EN PLACE
Quartier du Vermandois;Rue Paul-Emile Victor;7.0;112;3.26057275222314;49.8603874854156;9.947440142942227;EN PLACE
Quartier du Vermandois;Rue Paul-Emile Victor;7.0;95;3.26058959248927;49.8604450905241;9.947440142942227;EN PLACE
Quartier du Vermandois;Rue Paul-Emile Victor;7.0;104;3.2606041544497;49.8605065629957;9.947440142942227;EN PLACE
Quartier du Vermandois;Rue Paul-Emile Victor;7.0;88;3.2606145013647;49.8605528904624;9.947440142942227;EN PLACE
Quartier du Vermandois;Rue Paul-Emile Victor;7.0;79;3.26062323918168;49.8607338161952;9.947440142942227;EN PLACE
Quartier du Vermandois;Rue Paul-Emile Victor;7.0;91;3.26065512322523;49.8607673221788;9.947440142942227;EN PLACE
Quartier du Vermandois;Rue Paul-Emile Victor;7.0;100;3.26062947382007;49.8607846102629;9.947440142942227;EN PLACE
Quartier du Vermandois;Rue Paul-Emile Victor;7.0;100;3.26065564576795;49.8608185730527;9.947440142942227;EN PLACE
Quartier du Vermandois;Rue Paul-Emile Victor;7.0;87;3.26063542984551;49.8608709281343;9.947440142942227;EN PLACE
Quartier du Vermandois;Rue Paul-Emile Victor;7.0;76;3.26064108621512;49.8608987258333;9.947440142942227;EN PLACE
Quartier du Vermandois;Rue Paul-Emile Victor;7.0;41;3.26068291604393;49.8608815232024;9.947440142942227;EN PLACE
Quartier du Vermandois;Rue Paul-Emile Victor;7.0;82;3.26068639187029;49.8609143172542;9.947440142942227;EN PLACE
Quartier du Vermandois;Rue Paul-Emile Victor;7.0;88;3.26063937200403;49.8609239731085;9.947440142942227;EN PLACE
Quartier du Vermandois;Rue Paul-Emile Victor;7.0;85;3.26069592548241;49.8609449590225;9.947440142942227;EN PLACE
Quartier du Vermandois;Rue Paul-Emile Victor;7.0;81;3.26064141265356;49.8609625467297;9.947440142942227;EN PLACE
Quartier du Vermandois;Rue Paul-Emile Victor;7.0;64;3.26069252994035;49.8609736201195;9.947440142942227;EN PLACE
Quartier du Vermandois;Rue Paul-Emile Victor;7.0;64;3.26068403919721;49.8609934737649;9.947440142942227;EN PLACE
Quartier du Vermandois;Rue Paul-Emile Victor;7.0;84;3.2606974665057;49.8610091152634;9.947440142942227;EN PLACE
Quartier du Vermandois;Rue Paul-Emile Victor;7.0;86;3.2606548978375;49.8610113458939;9.947440142942227;EN PLACE
Quartier du Vermandois;Rue Paul-Emile Victor;7.0;77;3.26064407811845;49.8610522514186;9.947440142942227;EN PLACE
Quartier du Vermandois;Rue Paul-Emile Victor;7.0;80;3.26091427988891;49.8609526167641;9.947440142942227;EN PLACE
Quartier du Vermandois;Rue Paul-Emile Victor;7.0;85;3.26095970222902;49.860936771707;9.947440142942227;EN PLACE
Quartier du Vermandois;Rue Paul-Emile Victor;7.0;83;3.26088922267408;49.8609060226292;9.947440142942227;EN PLACE
Quartier du Vermandois;Rue Paul-Emile Victor;7.0;85;3.26088218889377;49.8608784051144;9.947440142942227;EN PLACE
Quartier du Vermandois;Rue Paul-Emile Victor;7.0;100;3.26090548530529;49.8608504262286;9.947440142942227;EN PLACE
Quartier du Vermandois;Rue Paul-Emile Victor;7.0;80;3.26087696384492;49.8608454360429;9.947440142942227;EN PLACE
Quartier du Vermandois;Rue Paul-Emile Victor;7.0;108;3.26087952171369;49.8608065096704;9.947440142942227;EN PLACE
Quartier du Vermandois;Rue Paul-Emile Victor;7.0;80;3.26084385877288;49.8607531036206;9.947440142942227;EN PLACE
Quartier du Vermandois;Rue Paul-Emile Victor;7.0;90;3.26085846069739;49.8607322744051;9.947440142942227;EN PLACE
Quartier du Vermandois;Rue Paul-Emile Victor;7.0;112;3.26084776270991;49.8607073387947;9.947440142942227;EN PLACE
Quartier du Vermandois;Rue Paul-Emile Victor;7.0;78;3.26082878836166;49.8606821248799;9.947440142942227;EN PLACE
Quartier du Vermandois;Rue Paul-Emile Victor;7.0;105;3.26082171498473;49.8606467828252;9.947440142942227;EN PLACE
Quartier du Vermandois;Rue Paul-Emile Victor;7.0;100;3.26078192521002;49.8605233662492;9.947440142942227;EN PLACE
Quartier du Vermandois;Rue Paul-Emile Victor;7.0;105;3.26071669682206;49.8602785617958;9.947440142942227;EN PLACE
Quartier du Vermandois;Rue Paul-Emile Victor;7.0;112;3.26070478228536;49.8602133407164;9.947440142942227;EN PLACE
Quartier du Vermandois;Rue Paul-Emile Victor;7.0;83;3.26068735273324;49.860148487001;9.947440142942227;EN PLACE
Quartier du Vermandois;Rue Paul-Emile Victor;7.0;84;3.26067887186595;49.860107859852;9.947440142942227;EN PLACE
Quartier du Vermandois;Rue Paul-Emile Victor;7.0;91;3.26062652046564;49.8599001079736;9.947440142942227;EN PLACE
Quartier du Vermandois;Rue Paul-Emile Victor;7.0;80;3.2606197543278;49.8598712437564;9.947440142942227;EN PLACE
Quartier du Vermandois;Rue Paul-Emile Victor;7.0;118;3.26060011885952;49.8598060379923;9.947440142942227;EN PLACE
Quartier du Vermandois;Rue Paul-Emile Victor;7.0;115;3.26057201838073;49.8597034137285;9.947440142942227;EN PLACE
Quartier du Vermandois;Rue Paul-Emile Victor;7.0;114;3.26055945781031;49.8596196538735;9.947440142942227;EN PLACE
Quartier du Vermandois;Rue Paul-Emile Victor;7.0;94;3.26050216450678;49.8594165474584;9.947440142942227;EN PLACE
Quartier du Vermandois;Rue Paul-Emile Victor;7.0;86;3.26049348737642;49.8593370575438;9.947440142942227;EN PLACE
Quartier du Vermandois;Rue Paul-Emile Victor;7.0;74;3.26048001835713;49.8592914490146;9.947440142942227;EN PLACE
Quartier du Vermandois;Rue Paul-Emile Victor;7.0;84;3.26047106189889;49.8592654405234;9.947440142942227;EN PLACE
Quartier du Vermandois;Rue Paul-Emile Victor;7.0;108;3.26044612840815;49.859134999807;9.947440142942227;EN PLACE
Quartier du Vermandois;Rue Paul-Emile Victor;7.0;92;3.26042708629591;49.8590779929018;9.947440142942227;EN PLACE
Quartier du Vermandois;Rue Paul-Emile Victor;7.0;94;3.260408092034;49.8590302577759;9.947440142942227;EN PLACE
Quartier du Vermandois;Rue Paul-Emile Victor;7.0;98;3.26039738706386;49.8589860698923;9.947440142942227;EN PLACE
Quartier du Vermandois;Rue Paul-Emile Victor;7.0;96;3.26038783220596;49.8589507926265;9.947440142942227;EN PLACE
Quartier du Vermandois;Rue Paul-Emile Victor;8.0;112;3.26041671842159;49.8588475708109;9.947440142942227;EN PLACE
Quartier du Vermandois;Rue Paul-Emile Victor;10.0;99;3.26040644985864;49.8588166932742;9.947440142942227;EN PLACE
Quartier du Vermandois;Rue Paul-Emile Victor;9.0;84;3.26039435860097;49.8587887893362;9.947440142942227;EN PLACE
Quartier du Vermandois;Rue Paul-Emile Victor;8.0;93;3.26039513205899;49.8587602643971;9.947440142942227;EN PLACE
Quartier du Vermandois;Rue Paul-Emile Victor;9.0;98;3.26041884530231;49.8587239657568;9.947440142942227;EN PLACE
Quartier du Vermandois;Rue Paul-Emile Victor;9.0;94;3.26037009064127;49.8587163438467;9.947440142942227;EN PLACE
Quartier du Vermandois;Rue Théodore Monod;4.0;83;3.26214029868827;49.8574449726668;9.947440142942227;EN PLACE
Quartier du Vermandois;Rue Théodore Monod;6.0;82;3.2622051998143;49.8574823900494;9.947440142942227;EN PLACE
Quartier du Vermandois;Rue Théodore Monod;6.0;60;3.26246925845009;49.857639651623;9.947440142942227;EN PLACE
Quartier du Vermandois;Rue Théodore Monod;6.0;71;3.2625127699378;49.8576647538136;9.947440142942227;EN PLACE
Quartier du Vermandois;Rue Théodore Monod;6.0;66;3.26254449033339;49.857684176984;9.947440142942227;EN PLACE
Quartier du Vermandois;Rue Théodore Monod;6.0;55;3.26257102839324;49.8576969551724;9.947440142942227;EN PLACE
Quartier du Vermandois;Rue Théodore Monod;6.0;74;3.26260199907115;49.8577140020179;9.947440142942227;EN PLACE
Quartier du Vermandois;Rue Théodore Monod;6.0;70;3.26263077324421;49.8577324805592;9.947440142942227;EN PLACE
Quartier du Vermandois;Rue Théodore Monod;6.0;75;3.26267796707261;49.8577580500492;9.947440142942227;EN PLACE
Quartier du Vermandois;Rue Théodore Monod;6.0;80;3.2628873690686;49.857868365893;9.947440142942227;EN PLACE
Quartier du Vermandois;Rue Théodore Monod;6.0;88;3.26302746605803;49.8579426993331;9.947440142942227;EN PLACE
Quartier du Vermandois;Rue Théodore Monod;6.0;83;3.26308129598258;49.8579720576725;9.947440142942227;EN PLACE
Quartier du Vermandois;Rue Théodore Monod;6.0;95;3.26313441465479;49.8580056970553;9.947440142942227;EN PLACE
Quartier du Vermandois;Rue Théodore Monod;6.0;66;3.26318457432442;49.8580360129672;9.947440142942227;EN PLACE
Quartier du Vermandois;Rue Théodore Monod;6.0;82;3.26333353023911;49.8581169836429;9.947440142942227;EN PLACE
Quartier du Vermandois;Rue Théodore Monod;6.0;88;3.26344043900561;49.8581718987201;9.947440142942227;EN PLACE
Quartier du Vermandois;Rue Théodore Monod;6.0;75;3.26348026714839;49.8581951064237;9.947440142942227;EN PLACE
Quartier du Vermandois;Rue Théodore Monod;6.0;92;3.26360710303651;49.8582642400499;9.947440142942227;EN PLACE
Quartier du Vermandois;Rue Théodore Monod;6.0;94;3.26401270317226;49.8584891735821;9.947440142942227;EN PLACE
Quartier du Vermandois;Rue Théodore Monod;5.0;48;3.26410378141462;49.8588954333428;9.947440142942227;EN PLACE
Quartier du Vermandois;Rue Théodore Monod;4.0;20;3.26405190676434;49.858960198812;9.947440142942227;EN PLACE
Quartier du Vermandois;Rue Théodore Monod;7.0;63;3.26408155161058;49.8590048202745;9.947440142942227;EN PLACE
Quartier du Vermandois;Rue Théodore Monod;7.0;56;3.26410419845593;49.8589757732168;9.947440142942227;EN PLACE
Quartier du Vermandois;Rue Théodore Monod;7.0;46;3.26413269711802;49.8589410085265;9.947440142942227;EN PLACE
Quartier du Vermandois;Rue Théodore Monod;4.0;38;3.26417796111614;49.8588776837846;9.947440142942227;EN PLACE
Quartier du Vermandois;Rue Théodore Monod;4.0;36;3.26424993632667;49.8588604138379;9.947440142942227;EN PLACE
Quartier du Vermandois;Rue Théodore Monod;7.0;72;3.26420468895916;49.858927065951;9.947440142942227;EN PLACE
Quartier du Vermandois;Rue Théodore Monod;7.0;69;3.26415649390973;49.8589922987837;9.947440142942227;EN PLACE
Quartier du Vermandois;Rue Théodore Monod;8.0;60;3.26418025236453;49.8590364578654;9.947440142942227;EN PLACE
Quartier du Vermandois;Rue Théodore Monod;4.0;25;3.26422186504456;49.8589778954943;9.947440142942227;EN PLACE
Quartier du Vermandois;Rue Théodore Monod;8.0;46;3.26427888007678;49.85891169249;9.947440142942227;EN PLACE
Quartier du Vermandois;Rue Théodore Monod;16.0;100;3.26447810466243;49.8588652683905;9.947440142942227;EN PLACE
Quartier du Vermandois;Rue Théodore Monod;16.0;128;3.26448574774505;49.8588502766161;9.947440142942227;EN PLACE
Quartier du Vermandois;Rue Théodore Monod;16.0;98;3.26449007089432;49.8588331534813;9.947440142942227;EN PLACE
Quartier du Vermandois;Rue Théodore Monod;6.0;94;3.26438789741874;49.8586989586558;9.947440142942227;EN PLACE
Quartier du Vermandois;Rue Théodore Monod;6.0;81;3.26444654830345;49.8587359123629;9.947440142942227;EN PLACE
Quartier du Vermandois;Rue Théodore Monod;6.0;85;3.26464561621054;49.8588367381739;9.947440142942227;EN PLACE
Quartier du Vermandois;Rue Théodore Monod;7.0;73;3.26462985408365;49.8588813404533;9.947440142942227;EN PLACE
Quartier du Vermandois;Rue Théodore Monod;6.0;87;3.26468213641896;49.858859834246;9.947440142942227;EN PLACE
Quartier du Vermandois;Rue Théodore Monod;15.0;124;3.26471272398783;49.8589089711486;9.947440142942227;ABATTU
Quartier du Vermandois;Rue Théodore Monod;6.0;67;3.26477452145885;49.8589145416862;9.947440142942227;EN PLACE
Quartier du Vermandois;Rue Théodore Monod;4.0;21;3.26481487384707;49.8589712750845;9.947440142942227;EN PLACE
Quartier du Vermandois;Rue Théodore Monod;4.0;21;3.26488610804869;49.8589739032721;9.947440142942227;EN PLACE
Quartier du Vermandois;Rue Théodore Monod;4.0;21;3.2649238250208;49.8590336849581;9.947440142942227;EN PLACE
Quartier du Vermandois;Rue Théodore Monod;6.0;51;3.26498653881634;49.8590561949952;9.947440142942227;EN PLACE
Quartier du Vermandois;Rue Théodore Monod;6.0;50;3.2650703297676;49.8590433841376;9.947440142942227;EN PLACE
Quartier du Vermandois;Rue Théodore Monod;3.0;20;3.26505347548369;49.8590927341161;9.947440142942227;EN PLACE
Quartier du Vermandois;Rue Théodore Monod;3.0;23;3.26510033556629;49.8591134539066;9.947440142942227;EN PLACE
Quartier du Vermandois;Rue Théodore Monod;6.0;58;3.26515934145542;49.8590970047444;9.947440142942227;EN PLACE
Quartier du Vermandois;Rue Théodore Monod;12.0;80;3.26520028232648;49.8591184103493;9.947440142942227;EN PLACE
Quartier du Vermandois;Rue Théodore Monod;6.0;69;3.2653055217218;49.8592323752173;9.947440142942227;EN PLACE
Quartier du Vermandois;Rue Théodore Monod;6.0;80;3.26532704280587;49.8592030580568;9.947440142942227;EN PLACE
Quartier du Vermandois;Rue Théodore Monod;6.0;64;3.26535445686747;49.8592415023765;9.947440142942227;EN PLACE
Quartier du Vermandois;Rue Théodore Monod;6.0;76;3.26539751887447;49.8592804165906;9.947440142942227;EN PLACE
Quartier du Vermandois;Rue Théodore Monod;6.0;47;3.26569786206115;49.8590946079598;9.947440142942227;EN PLACE
Quartier du Vermandois;Rue Théodore Monod;6.0;46;3.26565078858036;49.8590768998048;9.947440142942227;EN PLACE
Quartier du Vermandois;Rue Théodore Monod;6.0;40;3.26558034559141;49.85908816779;9.947440142942227;EN PLACE
Quartier du Vermandois;Rue Théodore Monod;5.0;23;3.26546400554796;49.85902771178;9.947440142942227;EN PLACE
Quartier du Vermandois;Rue Théodore Monod;5.0;19;3.26536019494567;49.8589681066109;9.947440142942227;EN PLACE
Quartier du Vermandois;Rue Théodore Monod;6.0;93;3.26564237683646;49.8591569081168;9.947440142942227;EN PLACE
Quartier du Vermandois;Rue Théodore Monod;6.0;75;3.26556074532763;49.8591411427238;9.947440142942227;EN PLACE
Quartier du Vermandois;Rue Théodore Monod;6.0;84;3.2655175852401;49.8591550470145;9.947440142942227;EN PLACE
Quartier du Vermandois;Rue Théodore Monod;6.0;83;3.26547666360415;49.8591125479907;9.947440142942227;EN PLACE
Quartier du Vermandois;Rue Théodore Monod;6.0;74;3.26543566168561;49.8590852763255;9.947440142942227;EN PLACE
Quartier du Vermandois;Rue Théodore Monod;6.0;70;3.26533489011038;49.8590306423;9.947440142942227;EN PLACE
Quartier du Vermandois;Rue Théodore Monod;8.0;88;3.26521997778163;49.8589146800324;9.947440142942227;EN PLACE
Quartier du Vermandois;Rue Théodore Monod;6.0;69;3.2650854949184;49.8588821441299;9.947440142942227;EN PLACE
Quartier du Vermandois;Rue Théodore Monod;8.0;79;3.26510433130326;49.8588326251412;9.947440142942227;EN PLACE
Quartier du Vermandois;Rue Théodore Monod;8.0;47;3.26505523900106;49.8588151721388;9.947440142942227;EN PLACE
Quartier du Vermandois;Rue Théodore Monod;10.0;85;3.26501330509391;49.8587872533139;9.947440142942227;EN PLACE
Quartier du Vermandois;Rue Théodore Monod;8.0;50;3.26496697764477;49.858770075437;9.947440142942227;EN PLACE
Quartier du Vermandois;Rue Théodore Monod;6.0;65;3.264896495372;49.85878895625;9.947440142942227;EN PLACE
Quartier du Vermandois;Rue Théodore Monod;6.0;76;3.26486157473544;49.8587813832128;9.947440142942227;EN PLACE
Quartier du Vermandois;Rue Théodore Monod;8.0;44;3.26477478373948;49.8586878566713;9.947440142942227;EN PLACE
Quartier du Vermandois;Rue Théodore Monod;8.0;51;3.26473132671904;49.858666790135;9.947440142942227;EN PLACE
Quartier du Vermandois;Rue Théodore Monod;6.0;78;3.26451411400802;49.8586235516713;9.947440142942227;EN PLACE
Quartier du Vermandois;Rue Théodore Monod;6.0;90;3.26426974335853;49.8584873834798;9.947440142942227;EN PLACE
Quartier du Vermandois;Rue Théodore Monod;6.0;91;3.2642015047704;49.8584404610191;9.947440142942227;EN PLACE
Quartier du Vermandois;Rue Théodore Monod;6.0;82;3.26415836062177;49.8584069003786;9.947440142942227;EN PLACE
Quartier du Vermandois;Rue Théodore Monod;6.0;75;3.26410887342024;49.8583880228744;9.947440142942227;EN PLACE
Quartier du Vermandois;Rue Théodore Monod;6.0;81;3.26409549206887;49.8583809909387;9.947440142942227;EN PLACE
Quartier du Vermandois;Rue Théodore Monod;6.0;84;3.26385184480668;49.8582537379107;9.947440142942227;EN PLACE
Quartier du Vermandois;Rue Théodore Monod;6.0;93;3.26307072390462;49.8578163426414;9.947440142942227;EN PLACE
Quartier du Vermandois;Rue Théodore Monod;6.0;75;3.26219914903456;49.8573337430339;9.947440142942227;EN PLACE
Quartier du Vermandois;Rue Théodore Monod;6.0;79;3.26217157054935;49.8573057686512;9.947440142942227;EN PLACE
Quartier du Vermandois;Rue du Commandant Jacques-Yves Cousteau;7.0;107;3.26657789293397;49.8540441871489;9.947440142942227;EN PLACE
Quartier du Vermandois;Rue du Commandant Jacques-Yves Cousteau;7.0;84;3.26665813194968;49.8540838742645;9.947440142942227;EN PLACE
Quartier du Vermandois;Rue du Commandant Jacques-Yves Cousteau;7.0;111;3.26686708700246;49.854187131133;9.947440142942227;EN PLACE
Quartier du Vermandois;Rue du Commandant Jacques-Yves Cousteau;7.0;125;3.26696030013172;49.8542413468836;9.947440142942227;EN PLACE
Quartier du Vermandois;Rue du Commandant Jacques-Yves Cousteau;7.0;86;3.2671219033442;49.8543217824494;9.947440142942227;EN PLACE
Quartier du Vermandois;Rue du Commandant Jacques-Yves Cousteau;7.0;92;3.267162619926;49.8543439422215;9.947440142942227;EN PLACE
Quartier du Vermandois;Rue du Commandant Jacques-Yves Cousteau;7.0;124;3.26725295707303;49.854392113669;9.947440142942227;EN PLACE
Quartier du Vermandois;Rue du Commandant Jacques-Yves Cousteau;7.0;97;3.26730585647835;49.8544163161753;9.947440142942227;EN PLACE
Quartier du Vermandois;Rue du Commandant Jacques-Yves Cousteau;7.0;113;3.2677609045524;49.8546596449698;9.947440142942227;EN PLACE
Quartier du Vermandois;Rue du Commandant Jacques-Yves Cousteau;7.0;106;3.26783170175026;49.8546961953417;9.947440142942227;EN PLACE
Quartier du Vermandois;Rue du Commandant Jacques-Yves Cousteau;7.0;100;3.2679186339951;49.8547393977933;9.947440142942227;EN PLACE
Quartier du Vermandois;Rue du Commandant Jacques-Yves Cousteau;7.0;120;3.26805632661527;49.8548103881473;9.947440142942227;EN PLACE
Quartier du Vermandois;Rue du Commandant Jacques-Yves Cousteau;7.0;92;3.26832017152266;49.8549549588315;9.947440142942227;EN PLACE
Quartier du Vermandois;Rue du Commandant Jacques-Yves Cousteau;7.0;90;3.26836255612415;49.8549778174297;9.947440142942227;EN PLACE
Quartier du Vermandois;Rue du Commandant Jacques-Yves Cousteau;7.0;109;3.26846840437837;49.8550287188613;9.947440142942227;EN PLACE
Quartier du Vermandois;Rue du Commandant Jacques-Yves Cousteau;7.0;99;3.26853419478142;49.8550631665856;9.947440142942227;EN PLACE
Quartier du Vermandois;Rue du Commandant Jacques-Yves Cousteau;7.0;113;3.26874383276286;49.8551728386474;9.947440142942227;EN PLACE
Quartier du Vermandois;Rue du Commandant Jacques-Yves Cousteau;7.0;93;3.26896514356834;49.8552866983434;9.947440142942227;EN PLACE
Quartier du Vermandois;Rue du Commandant Jacques-Yves Cousteau;7.0;94;3.26906603089362;49.8553379962886;9.947440142942227;EN PLACE
Quartier du Vermandois;Rue du Commandant Jacques-Yves Cousteau;7.0;110;3.26918359215161;49.8553952283157;9.947440142942227;EN PLACE
Quartier du Vermandois;Rue du Commandant Jacques-Yves Cousteau;7.0;112;3.26926042296222;49.855429588285;9.947440142942227;EN PLACE
Quartier du Vermandois;Rue du Commandant Jacques-Yves Cousteau;7.0;90;3.26930222433266;49.8554506668596;9.947440142942227;EN PLACE
Quartier du Vermandois;Rue du Commandant Jacques-Yves Cousteau;7.0;110;3.26935523370617;49.855480578054;9.947440142942227;EN PLACE
Quartier du Vermandois;Rue du Commandant Jacques-Yves Cousteau;7.0;99;3.26951378121098;49.8555738827249;9.947440142942227;EN PLACE
Quartier du Vermandois;Rue du Commandant Jacques-Yves Cousteau;7.0;120;3.26973970036343;49.8556976972453;9.947440142942227;EN PLACE
Quartier du Vermandois;Rue du Commandant Jacques-Yves Cousteau;5.0;100;3.26984443385749;49.8557478933346;9.947440142942227;EN PLACE
Quartier du Vermandois;Rue du Commandant Jacques-Yves Cousteau;6.0;90;3.26991418611841;49.8557873065195;9.947440142942227;EN PLACE
Quartier du Vermandois;Rue du Commandant Jacques-Yves Cousteau;7.0;95;3.26996038185131;49.8558072788141;9.947440142942227;EN PLACE
Quartier du Vermandois;Rue du Commandant Jacques-Yves Cousteau;7.0;94;3.27009752224204;49.8558779146979;9.947440142942227;EN PLACE
Quartier du Vermandois;Rue du Commandant Jacques-Yves Cousteau;7.0;98;3.27013098288544;49.8558958466041;9.947440142942227;EN PLACE
Quartier du Vermandois;Rue du Commandant Jacques-Yves Cousteau;7.0;96;3.27023578551994;49.8559496105137;9.947440142942227;EN PLACE
Quartier du Vermandois;Rue du Commandant Jacques-Yves Cousteau;7.0;104;3.27031825246385;49.85598999214;9.947440142942227;EN PLACE
Quartier du Vermandois;Rue du Commandant Jacques-Yves Cousteau;7.0;92;3.26952622772855;49.8554167558664;9.947440142942227;EN PLACE
Quartier du Vermandois;Rue du Commandant Jacques-Yves Cousteau;7.0;80;3.26948942807813;49.8553974208385;9.947440142942227;EN PLACE
Quartier du Vermandois;Rue du Commandant Jacques-Yves Cousteau;7.0;85;3.26943536311372;49.8553700168806;9.947440142942227;EN PLACE
Quartier du Vermandois;Rue du Commandant Jacques-Yves Cousteau;7.0;74;3.26923465425093;49.8552656290834;9.947440142942227;EN PLACE
Quartier du Vermandois;Rue du Commandant Jacques-Yves Cousteau;7.0;86;3.2691906797334;49.8552463526678;9.947440142942227;EN PLACE
Quartier du Vermandois;Rue du Commandant Jacques-Yves Cousteau;7.0;108;3.26913773894973;49.8552200095714;9.947440142942227;EN PLACE
Quartier du Vermandois;Rue du Commandant Jacques-Yves Cousteau;7.0;75;3.26896824612547;49.855131430591;9.947440142942227;EN PLACE
Quartier du Vermandois;Rue du Commandant Jacques-Yves Cousteau;7.0;87;3.2689297484805;49.8551099685257;9.947440142942227;EN PLACE
Quartier du Vermandois;Rue du Commandant Jacques-Yves Cousteau;7.0;105;3.2686885499703;49.854966289601;9.947440142942227;EN PLACE
Quartier du Vermandois;Rue du Commandant Jacques-Yves Cousteau;7.0;96;3.26857350602966;49.8549250966713;9.947440142942227;EN PLACE
Quartier du Vermandois;Rue du Commandant Jacques-Yves Cousteau;7.0;99;3.26821893460128;49.8547409238669;9.947440142942227;EN PLACE
Quartier du Vermandois;Rue du Commandant Jacques-Yves Cousteau;7.0;97;3.26811069576083;49.8546804060233;9.947440142942227;EN PLACE
Quartier du Vermandois;Rue du Commandant Jacques-Yves Cousteau;7.0;102;3.26807010867215;49.854665026927;9.947440142942227;EN PLACE
Quartier du Vermandois;Rue du Commandant Jacques-Yves Cousteau;7.0;126;3.26776845298306;49.8545057695962;9.947440142942227;EN PLACE
Quartier du Vermandois;Rue du Commandant Jacques-Yves Cousteau;7.0;102;3.26769706319376;49.8544670816929;9.947440142942227;EN PLACE
Quartier du Vermandois;Rue du Commandant Jacques-Yves Cousteau;7.0;96;3.2675398720066;49.8543866116943;9.947440142942227;EN PLACE
Quartier du Vermandois;Rue du Commandant Jacques-Yves Cousteau;7.0;100;3.26741301512028;49.8543337344003;9.947440142942227;EN PLACE
Quartier du Vermandois;Rue du Commandant Jacques-Yves Cousteau;7.0;88;3.26728074219504;49.8542573474287;9.947440142942227;EN PLACE
Quartier du Vermandois;Rue du Commandant Jacques-Yves Cousteau;7.0;106;3.26720969950975;49.8542079516391;9.947440142942227;EN PLACE
Quartier du Vermandois;Rue du Commandant Jacques-Yves Cousteau;7.0;100;3.26711774890549;49.8541619334567;9.947440142942227;EN PLACE
Quartier du Vermandois;Rue du Commandant Jacques-Yves Cousteau;7.0;97;3.26700806836581;49.8541124887807;9.947440142942227;EN PLACE
Quartier du Vermandois;Rue du Commandant Jacques-Yves Cousteau;7.0;111;3.26685979212453;49.8540362285252;9.947440142942227;EN PLACE
Quartier du Vermandois;Rue du Commandant Jacques-Yves Cousteau;7.0;86;3.2667870396534;49.8539839899672;9.947440142942227;EN PLACE
Quartier du Vermandois;Rue du Commandant Jacques-Yves Cousteau;7.0;109;3.26673352227908;49.8539562238909;9.947440142942227;EN PLACE
Quartier du Vermandois;Rue Paul Codos;7.0;84;3.26892355114628;49.8550514302474;9.947440142942227;EN PLACE
Quartier du Vermandois;Rue Paul Codos;7.0;96;3.26900155867695;49.8550656768303;9.947440142942227;EN PLACE
Quartier du Vermandois;Rue Paul Codos;7.0;74;3.268999746715;49.8550430887371;9.947440142942227;EN PLACE
Quartier du Vermandois;Rue Paul Codos;7.0;85;3.26891688843992;49.8549917062863;9.947440142942227;EN PLACE
Quartier du Vermandois;Rue Paul Codos;8.0;95;3.26906660756558;49.8550035948847;9.947440142942227;EN PLACE
Quartier du Vermandois;Rue Paul Codos;8.0;100;3.26903532776957;49.8549553686555;9.947440142942227;EN PLACE
Quartier du Vermandois;Rue Paul Codos;8.0;90;3.26909831606587;49.8549057927107;9.947440142942227;EN PLACE
Quartier du Vermandois;Rue Paul Codos;8.0;86;3.26908696465954;49.8548654378611;9.947440142942227;EN PLACE
Quartier du Vermandois;Rue Paul Codos;8.0;85;3.26911136660587;49.8548426404482;9.947440142942227;EN PLACE
Quartier du Vermandois;Rue Paul Codos;8.0;88;3.26915247342869;49.8548274412768;9.947440142942227;EN PLACE
Quartier du Vermandois;Rue Paul Codos;8.0;99;3.26919899171723;49.854830637749;9.947440142942227;EN PLACE
Quartier du Vermandois;Rue Paul Codos;8.0;102;3.26917933932208;49.8547891592442;9.947440142942227;EN PLACE
Quartier du Vermandois;Rue Paul Codos;7.0;84;3.26922362007642;49.8547715550027;9.947440142942227;EN PLACE
Quartier du Vermandois;Rue Paul Codos;8.0;102;3.26935635318827;49.8546890054223;9.947440142942227;EN PLACE
Quartier du Vermandois;Rue Paul Codos;7.0;83;3.26939386318812;49.8546301187468;9.947440142942227;EN PLACE
Quartier du Vermandois;Rue Paul Codos;8.0;97;3.26931495423717;49.8543764716207;9.947440142942227;EN PLACE
Quartier du Vermandois;Rue Paul Codos;8.0;98;3.26928825121365;49.8543511086031;9.947440142942227;EN PLACE
Quartier du Vermandois;Rue Paul Codos;8.0;111;3.26926524343784;49.8543025182149;9.947440142942227;EN PLACE
Quartier du Vermandois;Rue Paul Codos;7.0;73;3.2691803389924;49.8541922671721;9.947440142942227;EN PLACE
Quartier du Vermandois;Rue Paul Codos;8.0;79;3.26914916706781;49.8541256011732;9.947440142942227;EN PLACE
Quartier du Vermandois;Rue Paul Codos;8.0;100;3.26913246682568;49.8540942095277;9.947440142942227;EN PLACE
Quartier du Vermandois;Rue Paul Codos;7.0;83;3.26892906758715;49.8540652037718;9.947440142942227;EN PLACE
Quartier du Vermandois;Rue Paul Codos;8.0;88;3.2689523465178;49.8541039777696;9.947440142942227;EN PLACE
Quartier du Vermandois;Rue Paul Codos;7.0;96;3.26898740485713;49.8541813183407;9.947440142942227;EN PLACE
Quartier du Vermandois;Rue Paul Codos;7.0;84;3.26895054095253;49.8542259264878;9.947440142942227;EN PLACE
Quartier du Vermandois;Rue Paul Codos;6.0;76;3.26887670754983;49.8542375207237;9.947440142942227;EN PLACE
Quartier du Vermandois;Rue Paul Codos;8.0;84;3.26882434133892;49.854241210758;9.947440142942227;EN PLACE
Quartier du Vermandois;Rue Paul Codos;8.0;88;3.26881543820839;49.8542085677198;9.947440142942227;EN PLACE
Quartier du Vermandois;Rue Paul Codos;8.0;88;3.26875326023122;49.8541561272578;9.947440142942227;EN PLACE
Quartier du Vermandois;Rue Paul Codos;8.0;74;3.26872747555532;49.8541066674418;9.947440142942227;EN PLACE
Quartier du Vermandois;Rue Paul Codos;9.0;104;3.2687020389181;49.854099436149;9.947440142942227;EN PLACE
Quartier du Vermandois;Rue Paul Codos;8.0;100;3.26882953288149;49.8543202775967;9.947440142942227;EN PLACE
Quartier du Vermandois;Rue Paul Codos;7.0;87;3.26896237546861;49.8542915579717;9.947440142942227;EN PLACE
Quartier du Vermandois;Rue Paul Codos;7.0;78;3.26904563223135;49.854267694319;9.947440142942227;EN PLACE
Quartier du Vermandois;Rue Paul Codos;7.0;72;3.26896635072432;49.8543310801364;9.947440142942227;EN PLACE
Quartier du Vermandois;Rue Paul Codos;8.0;92;3.26894473789955;49.8544035212238;9.947440142942227;EN PLACE
Quartier du Vermandois;Rue Paul Codos;8.0;100;3.2690525634024;49.8543895735637;9.947440142942227;EN PLACE
Quartier du Vermandois;Rue Paul Codos;9.0;90;3.26902754306719;49.854428139042;9.947440142942227;EN PLACE
Quartier du Vermandois;Rue Paul Codos;7.0;90;3.26913154843736;49.8544308756587;9.947440142942227;EN PLACE
Quartier du Vermandois;Rue Paul Codos;9.0;109;3.2692118360211;49.8545643615936;9.947440142942227;EN PLACE
Quartier du Vermandois;Rue Paul Codos;8.0;95;3.26919990714867;49.8546139446264;9.947440142942227;EN PLACE
Quartier du Vermandois;Rue Paul Codos;7.0;84;3.26900815527228;49.8547756225604;9.947440142942227;EN PLACE
Quartier du Vermandois;Rue Paul Codos;8.0;87;3.26891295993813;49.8548391472752;9.947440142942227;EN PLACE
Quartier du Vermandois;Rue Paul Codos;8.0;107;3.26886303265319;49.8548837987837;9.947440142942227;EN PLACE
Quartier du Vermandois;Rue Paul Codos;7.0;81;3.26881294157509;49.8549198880858;9.947440142942227;EN PLACE
Quartier du Vermandois;Rue Paul Codos;7.0;89;3.26877244445024;49.854957327357;9.947440142942227;EN PLACE
Quartier du Vermandois;Rue Paul Codos;7.0;89;3.26873217264184;49.8549681182355;9.947440142942227;EN PLACE
Quartier du Vermandois;Serpentine Nord;9.0;83;3.25612068975241;49.8585420888748;9.947440142942227;EN PLACE
Quartier du Vermandois;Serpentine Nord;7.0;37;3.25624391628016;49.8582855911253;9.947440142942227;EN PLACE
Quartier du Vermandois;Serpentine Nord;7.0;47;3.25627986244179;49.8582403408674;9.947440142942227;EN PLACE
Quartier du Vermandois;Serpentine Nord;6.0;35;3.25645650430163;49.8580647899197;9.947440142942227;EN PLACE
Quartier du Vermandois;Serpentine Nord;8.0;95;3.25646265829489;49.858000978165;9.947440142942227;EN PLACE
Quartier du Vermandois;Serpentine Nord;8.0;63;3.25650064264496;49.8580051989477;9.947440142942227;EN PLACE
Quartier du Vermandois;Serpentine Nord;7.0;95;3.25652347255839;49.8579864623434;9.947440142942227;EN PLACE
Quartier du Vermandois;Serpentine Nord;7.0;44;3.25664800485178;49.8579162442168;9.947440142942227;EN PLACE
Quartier du Vermandois;Serpentine Nord;8.0;54;3.25675600933166;49.8578283130681;9.947440142942227;EN PLACE
Quartier du Vermandois;Serpentine Nord;7.0;46;3.25680581139247;49.857854329631;9.947440142942227;EN PLACE
Quartier du Vermandois;Serpentine Nord;7.0;42;3.2568978374257;49.8578167260983;9.947440142942227;EN PLACE
Quartier du Vermandois;Serpentine Nord;6.0;76;3.25692192823712;49.8577867961918;9.947440142942227;EN PLACE
Quartier du Vermandois;Serpentine Nord;6.0;76;3.25694722286077;49.8577620898183;9.947440142942227;EN PLACE
Quartier du Vermandois;Serpentine Nord;7.0;33;3.25697497475762;49.8577897081144;9.947440142942227;EN PLACE
Quartier du Vermandois;Serpentine Nord;6.0;127;3.25703873791751;49.8577754058374;9.947440142942227;EN PLACE
Quartier du Vermandois;Serpentine Nord;6.0;83;3.25711367559027;49.8577293704949;9.947440142942227;EN PLACE
Quartier du Vermandois;Serpentine Nord;6.0;53;3.25721664281527;49.8577254660857;9.947440142942227;EN PLACE
Quartier du Vermandois;Serpentine Nord;6.0;59;3.25769282779569;49.857686255622;9.947440142942227;EN PLACE
Quartier du Vermandois;Serpentine Nord;7.0;40;3.25779328287783;49.8576856997836;9.947440142942227;EN PLACE
Quartier du Vermandois;Serpentine Nord;10.0;110;3.25787932626233;49.857682164594;9.947440142942227;EN PLACE
Quartier du Vermandois;Serpentine Nord;12.0;118;3.25803068924217;49.8576298166972;9.947440142942227;EN PLACE
Quartier du Vermandois;Serpentine Nord;8.0;68;3.25807150368431;49.8576475758287;9.947440142942227;EN PLACE
Quartier du Vermandois;Serpentine Nord;8.0;49;3.25814373675253;49.8575946626469;9.947440142942227;EN PLACE
Quartier du Vermandois;Serpentine Nord;8.0;55;3.25819201925457;49.8576375822933;9.947440142942227;EN PLACE
Quartier du Vermandois;Serpentine Nord;8.0;71;3.25838389564065;49.8574975486851;9.947440142942227;EN PLACE
Quartier du Vermandois;Serpentine Nord;7.0;43;3.25854679326852;49.857432594338;9.947440142942227;EN PLACE
Quartier du Vermandois;Serpentine Nord;7.0;50;3.258564228618;49.8573815411921;9.947440142942227;EN PLACE
Quartier du Vermandois;Serpentine Nord;6.0;44;3.25875770961357;49.8573381368424;9.947440142942227;EN PLACE
Quartier du Vermandois;Serpentine Nord;7.0;44;3.25880587462829;49.8572711683946;9.947440142942227;EN PLACE
Quartier du Vermandois;Serpentine Nord;7.0;44;3.25886014424515;49.8572463527835;9.947440142942227;EN PLACE
Quartier du Vermandois;Serpentine Nord;6.0;39;3.25910829187067;49.8569901122248;9.947440142942227;EN PLACE
Quartier du Vermandois;Serpentine Nord;6.0;45;3.2590923481711;49.8569497917697;9.947440142942227;EN PLACE
Quartier du Vermandois;Serpentine Nord;12.0;54;3.2591443861793;49.8569285618609;9.947440142942227;EN PLACE
Quartier du Vermandois;Serpentine Nord;10.0;118;3.25945413523089;49.8567919838242;9.947440142942227;EN PLACE
Quartier du Vermandois;Serpentine Nord;9.0;42;3.25954803394552;49.8567466305362;9.947440142942227;EN PLACE
Quartier du Vermandois;Serpentine Nord;11.0;75;3.25980988881493;49.8566315448919;9.947440142942227;EN PLACE
Quartier du Vermandois;Serpentine Nord;10.0;46;3.26037633809931;49.8565693643029;9.947440142942227;EN PLACE
Quartier du Vermandois;Serpentine Nord;8.0;44;3.2604175785361;49.8565610078842;9.947440142942227;EN PLACE
Quartier du Vermandois;Serpentine Nord;8.0;60;3.26074297384694;49.8565706230551;9.947440142942227;EN PLACE
Quartier du Vermandois;Serpentine Nord;7.0;60;3.26090775875879;49.8565764550768;9.947440142942227;EN PLACE
Quartier du Vermandois;Serpentine Nord;8.0;116;3.2609799377731;49.8565743958838;9.947440142942227;EN PLACE
Quartier du Vermandois;Serpentine Nord;8.0;50;3.26114166223693;49.8565740057626;9.947440142942227;EN PLACE
Quartier du Vermandois;Serpentine Nord;7.0;40;3.2611825278337;49.8565555994314;9.947440142942227;EN PLACE
Quartier du Vermandois;Serpentine Nord;10.0;108;3.26125556482877;49.8565647753834;9.947440142942227;EN PLACE
Quartier du Vermandois;Serpentine Nord;7.0;41;3.26134958953334;49.8565552268206;9.947440142942227;EN PLACE
Quartier du Vermandois;Serpentine Nord;7.0;46;3.26138335335107;49.8565504388485;9.947440142942227;EN PLACE
Quartier du Vermandois;Serpentine Nord;10.0;120;3.26145014535619;49.8565408681091;9.947440142942227;EN PLACE
Quartier du Vermandois;Serpentine Nord;9.0;65;3.26147794410749;49.8565513538621;9.947440142942227;EN PLACE
Quartier du Vermandois;Serpentine Nord;7.0;97;3.26153544171263;49.8565173514146;9.947440142942227;EN PLACE
Quartier du Vermandois;Serpentine Nord;7.0;40;3.26167780939302;49.8565150320499;9.947440142942227;EN PLACE
Quartier du Vermandois;Serpentine Nord;8.0;44;3.26173316730398;49.8565233957016;9.947440142942227;EN PLACE
Quartier du Vermandois;Serpentine Nord;10.0;108;3.26177144377928;49.8565042963738;9.947440142942227;EN PLACE
Quartier du Vermandois;Serpentine Nord;9.0;40;3.26183032405987;49.8565043044498;9.947440142942227;EN PLACE
Quartier du Vermandois;Serpentine Nord;7.0;43;3.26195235195745;49.8564966753634;9.947440142942227;EN PLACE
Quartier du Vermandois;Serpentine Nord;7.0;69;3.26215255263551;49.8564586851545;9.947440142942227;EN PLACE
Quartier du Vermandois;Serpentine Nord;9.0;95;3.26210494123219;49.8563543775876;9.947440142942227;EN PLACE
Quartier du Vermandois;Serpentine Nord;11.0;52;3.26202386272762;49.8563673924759;9.947440142942227;EN PLACE
Quartier du Vermandois;Serpentine Nord;10.0;67;3.26196568036743;49.8563652378073;9.947440142942227;EN PLACE
Quartier du Vermandois;Serpentine Nord;7.0;91;3.26052495368349;49.8560917515925;9.947440142942227;EN PLACE
Quartier du Vermandois;Serpentine Nord;7.0;88;3.2607357854631;49.8561486088498;9.947440142942227;EN PLACE
Quartier du Vermandois;Serpentine Nord;7.0;91;3.2608457343332;49.8561541617307;9.947440142942227;EN PLACE
Quartier du Vermandois;Serpentine Nord;7.0;91;3.26109165677469;49.8561986063267;9.947440142942227;EN PLACE
Quartier du Vermandois;Serpentine Nord;7.0;90;3.26116946134676;49.8561972762231;9.947440142942227;EN PLACE
Quartier du Vermandois;Serpentine Nord;7.0;83;3.26126920980336;49.856217897894;9.947440142942227;EN PLACE
Quartier du Vermandois;Serpentine Nord;7.0;100;3.26138489774283;49.8562059177152;9.947440142942227;EN PLACE
Quartier du Vermandois;Serpentine Nord;7.0;86;3.26154057754713;49.8562360884148;9.947440142942227;EN PLACE
Quartier du Vermandois;Serpentine Nord;7.0;90;3.26162673225823;49.8562093529371;9.947440142942227;EN PLACE
Quartier du Vermandois;Serpentine Nord;7.0;99;3.26181074346064;49.8562200262879;9.947440142942227;EN PLACE
Quartier du Vermandois;Serpentine Nord;7.0;98;3.2618820855612;49.8561980481557;9.947440142942227;EN PLACE
Quartier du Vermandois;Serpentine Nord;7.0;87;3.26200160308871;49.8561842517373;9.947440142942227;EN PLACE
Quartier du Vermandois;Serpentine Nord;7.0;96;3.26214507396221;49.8561527785464;9.947440142942227;EN PLACE
Quartier du Vermandois;Serpentine Nord;6.0;80;3.26235167631916;49.8561903945875;9.947440142942227;EN PLACE
Quartier du Vermandois;Serpentine Nord;7.0;74;3.26241484671468;49.8562323622337;9.947440142942227;EN PLACE
Quartier du Vermandois;Serpentine Nord;7.0;91;3.26245452779434;49.8562580996563;9.947440142942227;EN PLACE
Quartier du Vermandois;Serpentine Nord;8.0;80;3.26253160386592;49.8563056669066;9.947440142942227;EN PLACE
Quartier du Vermandois;Serpentine Nord;6.0;87;3.26260577353058;49.8563454053859;9.947440142942227;EN PLACE
Quartier du Vermandois;Serpentine Nord;8.0;95;3.26278003028276;49.8564236059923;9.947440142942227;EN PLACE
Quartier du Vermandois;Serpentine Nord;8.0;100;3.26284023304709;49.8564545334224;9.947440142942227;EN PLACE
Quartier du Vermandois;Serpentine Nord;8.0;43;3.26256910337143;49.8564335933791;9.947440142942227;EN PLACE
Quartier du Vermandois;Serpentine Nord;7.0;33;3.26251432189247;49.856540807983;9.947440142942227;EN PLACE
Quartier du Vermandois;Serpentine Nord;6.0;37;3.26242319699547;49.8564549276475;9.947440142942227;EN PLACE
Quartier du Vermandois;Serpentine Nord;6.0;46;3.26240292866552;49.8565038147241;9.947440142942227;EN PLACE
Quartier du Vermandois;Serpentine Nord;6.0;39;3.26233832904948;49.8564970957195;9.947440142942227;EN PLACE
Quartier du Vermandois;Serpentine Nord;15.0;67;3.26226326510615;49.8565749673742;9.947440142942227;EN PLACE
Quartier du Vermandois;Serpentine Nord;6.0;57;3.26224680463842;49.8564987728049;9.947440142942227;EN PLACE
Quartier du Vermandois;Serpentine Nord;7.0;62;3.26215652873365;49.8565196660196;9.947440142942227;EN PLACE
Quartier du Vermandois;Serpentine Nord;15.0;90;3.26216631545307;49.8565854438263;9.947440142942227;EN PLACE
Quartier du Vermandois;Serpentine Nord;10.0;44;3.26212122379098;49.8565673396329;9.947440142942227;EN PLACE
Quartier du Vermandois;Serpentine Nord;8.0;41;3.26201860165058;49.8565582563116;9.947440142942227;EN PLACE
Quartier du Vermandois;Serpentine Nord;6.0;37;3.26195509171364;49.8565623772052;9.947440142942227;EN PLACE
Quartier du Vermandois;Serpentine Nord;6.0;33;3.26187878000012;49.856590009796;9.947440142942227;EN PLACE
Quartier du Vermandois;Serpentine Nord;7.0;44;3.26124398079322;49.8566397261637;9.947440142942227;EN PLACE
Quartier du Vermandois;Serpentine Nord;10.0;41;3.2612077191372;49.8566525760365;9.947440142942227;EN PLACE
Quartier du Vermandois;Serpentine Nord;10.0;43;3.26111490973994;49.856648554223;9.947440142942227;EN PLACE
Quartier du Vermandois;Serpentine Nord;8.0;74;3.26097804157293;49.8566498285723;9.947440142942227;EN PLACE
Quartier du Vermandois;Serpentine Nord;7.0;63;3.26097370908319;49.856685265255;9.947440142942227;EN PLACE
Quartier du Vermandois;Serpentine Nord;7.0;68;3.26101810639064;49.8566978566601;9.947440142942227;EN PLACE
Quartier du Vermandois;Serpentine Nord;6.0;72;3.26109659734419;49.8567229301706;9.947440142942227;EN PLACE
Quartier du Vermandois;Serpentine Nord;8.0;68;3.26121487020204;49.8568005526988;9.947440142942227;EN PLACE
Quartier du Vermandois;Serpentine Nord;8.0;77;3.26125270439787;49.8568357031838;9.947440142942227;EN PLACE
Quartier du Vermandois;Serpentine Nord;8.0;60;3.26132972573429;49.8568610261471;9.947440142942227;EN PLACE
Quartier du Vermandois;Serpentine Nord;7.0;62;3.2613555925465;49.8568860403743;9.947440142942227;EN PLACE
Quartier du Vermandois;Serpentine Nord;6.0;55;3.26137454236738;49.856895644998;9.947440142942227;EN PLACE
Quartier du Vermandois;Serpentine Nord;6.0;74;3.26144852906727;49.8569355050777;9.947440142942227;EN PLACE
Quartier du Vermandois;Serpentine Nord;8.0;65;3.26154050406743;49.8569730801194;9.947440142942227;EN PLACE
Quartier du Vermandois;Serpentine Nord;6.0;60;3.26161872042768;49.857022423735;9.947440142942227;EN PLACE
Quartier du Vermandois;Serpentine Nord;6.0;71;3.26163105762032;49.8570520657828;9.947440142942227;EN PLACE
Quartier du Vermandois;Serpentine Nord;8.0;76;3.26177341433897;49.8570878138881;9.947440142942227;EN PLACE
Quartier du Vermandois;Serpentine Nord;8.0;73;3.26179639841386;49.8571354545299;9.947440142942227;EN PLACE
Quartier du Vermandois;Serpentine Nord;6.0;59;3.26185125312066;49.8571366843899;9.947440142942227;EN PLACE
Quartier du Vermandois;Serpentine Nord;6.0;64;3.2617582483886;49.8571999951376;9.947440142942227;EN PLACE
Quartier du Vermandois;Serpentine Nord;8.0;77;3.26165729634008;49.857154877468;9.947440142942227;EN PLACE
Quartier du Vermandois;Serpentine Nord;7.0;65;3.26160529227573;49.8571293560403;9.947440142942227;EN PLACE
Quartier du Vermandois;Serpentine Nord;7.0;49;3.26161122761381;49.8571124164111;9.947440142942227;EN PLACE
Quartier du Vermandois;Serpentine Nord;5.0;64;3.26154849413206;49.8570838881655;9.947440142942227;EN PLACE
Quartier du Vermandois;Serpentine Nord;6.0;62;3.26141033104527;49.857016938826;9.947440142942227;EN PLACE
Quartier du Vermandois;Serpentine Nord;7.0;75;3.26134798388212;49.8569893581099;9.947440142942227;EN PLACE
Quartier du Vermandois;Serpentine Nord;6.0;62;3.26128287507448;49.8569325365228;9.947440142942227;EN PLACE
Quartier du Vermandois;Serpentine Nord;11.0;60;3.26063585318895;49.8566327460604;9.947440142942227;EN PLACE
Quartier du Vermandois;Serpentine Nord;9.0;45;3.260446537793;49.8566277502418;9.947440142942227;EN PLACE
Quartier du Vermandois;Serpentine Nord;12.0;101;3.26029964459467;49.8566408101009;9.947440142942227;EN PLACE
Quartier du Vermandois;Serpentine Nord;7.0;39;3.26023999539088;49.8566487172955;9.947440142942227;EN PLACE
Quartier du Vermandois;Serpentine Nord;8.0;110;3.26009420859424;49.8566745562344;9.947440142942227;EN PLACE
Quartier du Vermandois;Serpentine Nord;7.0;49;3.25996901104611;49.8566945820064;9.947440142942227;EN PLACE
Quartier du Vermandois;Serpentine Nord;13.0;96;3.25973015710754;49.8567602467186;9.947440142942227;EN PLACE
Quartier du Vermandois;Serpentine Nord;11.0;117;3.25965741237807;49.8567897543781;9.947440142942227;EN PLACE
Quartier du Vermandois;Serpentine Nord;5.0;46;3.25956095211617;49.8568301066078;9.947440142942227;EN PLACE
Quartier du Vermandois;Serpentine Nord;7.0;42;3.25940081419467;49.8569035073556;9.947440142942227;EN PLACE
Quartier du Vermandois;Serpentine Nord;12.0;55;3.25925470728686;49.8569950736663;9.947440142942227;EN PLACE
Quartier du Vermandois;Serpentine Nord;10.0;51;3.25920341389928;49.857045918468;9.947440142942227;EN PLACE
Quartier du Vermandois;Serpentine Nord;7.0;46;3.25909011364247;49.8571297540411;9.947440142942227;EN PLACE
Quartier du Vermandois;Serpentine Nord;11.0;110;3.25908922547035;49.8571762017939;9.947440142942227;EN PLACE
Quartier du Vermandois;Serpentine Nord;11.0;94;3.25906073392398;49.8572106883584;9.947440142942227;EN PLACE
Quartier du Vermandois;Serpentine Nord;11.0;117;3.25901730939731;49.8572340623403;9.947440142942227;EN PLACE
Quartier du Vermandois;Serpentine Nord;7.0;70;3.25897362340124;49.8572745691676;9.947440142942227;EN PLACE
Quartier du Vermandois;Serpentine Nord;9.0;48;3.25888816915201;49.8573793592971;9.947440142942227;EN PLACE
Quartier du Vermandois;Serpentine Nord;9.0;55;3.25872826344565;49.8575012964655;9.947440142942227;EN PLACE
Quartier du Vermandois;Serpentine Nord;6.0;43;3.25861577987323;49.8575623316697;9.947440142942227;EN PLACE
Quartier du Vermandois;Serpentine Nord;8.0;115;3.25857533655106;49.857587586022;9.947440142942227;EN PLACE
Quartier du Vermandois;Serpentine Nord;6.0;84;3.25849727281656;49.8576161822358;9.947440142942227;EN PLACE
Quartier du Vermandois;Serpentine Nord;7.0;43;3.25836219715854;49.8576657860658;9.947440142942227;EN PLACE
Quartier du Vermandois;Serpentine Nord;7.0;38;3.25832896828072;49.8576833690541;9.947440142942227;EN PLACE
Quartier du Vermandois;Serpentine Nord;7.0;37;3.25826867405052;49.857701927695;9.947440142942227;EN PLACE
Quartier du Vermandois;Serpentine Nord;12.0;110;3.25815393258529;49.8577214870846;9.947440142942227;EN PLACE
Quartier du Vermandois;Serpentine Nord;12.0;110;3.25808838125556;49.8577267638487;9.947440142942227;EN PLACE
Quartier du Vermandois;Serpentine Nord;6.0;40;3.25776773684878;49.8577633312199;9.947440142942227;EN PLACE
Quartier du Vermandois;Serpentine Nord;8.0;57;3.25748981955712;49.8577592811891;9.947440142942227;EN PLACE
Quartier du Vermandois;Serpentine Nord;8.0;45;3.25727240772274;49.8577925217718;9.947440142942227;EN PLACE
Quartier du Vermandois;Serpentine Nord;8.0;45;3.25719762982198;49.8578032242348;9.947440142942227;EN PLACE
Quartier du Vermandois;Serpentine Nord;7.0;43;3.25702023761153;49.8578608335199;9.947440142942227;EN PLACE
Quartier du Vermandois;Serpentine Nord;12.0;104;3.25693307418819;49.8578978034673;9.947440142942227;EN PLACE
Quartier du Vermandois;Serpentine Nord;7.0;35;3.25686094430434;49.857926923234;9.947440142942227;EN PLACE
Quartier du Vermandois;Serpentine Nord;6.0;36;3.25669352988269;49.8580014042247;9.947440142942227;EN PLACE
Quartier du Vermandois;Serpentine Nord;6.0;37;3.25667987369568;49.858033334133;9.947440142942227;EN PLACE
Quartier du Vermandois;Serpentine Nord;7.0;47;3.25663087222348;49.8580450218838;9.947440142942227;EN PLACE
Quartier du Vermandois;Serpentine Nord;9.0;120;3.25648327959058;49.8581461124533;9.947440142942227;EN PLACE
Quartier du Vermandois;Serpentine Nord;8.0;50;3.25644943721478;49.858180877968;9.947440142942227;EN PLACE
Quartier du Vermandois;Serpentine Nord;8.0;45;3.25639916376248;49.8582469995173;9.947440142942227;EN PLACE
Quartier du Vermandois;Serpentine Nord;8.0;48;3.25632951812497;49.8583346874604;9.947440142942227;EN PLACE
Quartier du Vermandois;Serpentine Nord;9.0;88;3.25623181406304;49.8585201434128;9.947440142942227;EN PLACE
Quartier du Vermandois;Serpentine Nord;9.0;86;3.25621145474369;49.8585625348314;9.947440142942227;EN PLACE
Quartier du Vermandois;Serpentine Nord;10.0;58;3.2562008599921;49.8586348864197;9.947440142942227;EN PLACE
Quartier du Vermandois;Serpentine Nord;7.0;48;3.25621234163987;49.858804611655;9.947440142942227;EN PLACE
Quartier du Vermandois;Serpentine Nord;7.0;65;3.25623104691575;49.8588452078412;9.947440142942227;EN PLACE
Quartier du Vermandois;Serpentine Sud;10.0;75;3.26236925956442;49.8560739211367;9.947440142942227;EN PLACE
Quartier du Vermandois;Serpentine Sud;8.0;72;3.26239778979634;49.856084163195;9.947440142942227;EN PLACE
Quartier du Vermandois;Serpentine Sud;8.0;81;3.26279781681351;49.8562408684557;9.947440142942227;EN PLACE
Quartier du Vermandois;Serpentine Sud;9.0;50;3.26296250291941;49.8562172566249;9.947440142942227;EN PLACE
Quartier du Vermandois;Serpentine Sud;10.0;82;3.2629155529333;49.8563125001222;9.947440142942227;EN PLACE
Quartier du Vermandois;Serpentine Sud;8.0;78;3.26295223146042;49.8563303495419;9.947440142942227;EN PLACE
Quartier du Vermandois;Serpentine Sud;8.0;45;3.26307939721227;49.8562464719378;9.947440142942227;EN PLACE
Quartier du Vermandois;Serpentine Sud;8.0;47;3.26336709725938;49.8560402556258;9.947440142942227;EN PLACE
Quartier du Vermandois;Serpentine Sud;6.0;47;3.2636870254331;49.8558351826311;9.947440142942227;EN PLACE
Quartier du Vermandois;Serpentine Sud;6.0;73;3.26244691836418;49.8560243079301;9.947440142942227;EN PLACE
Quartier du Vermandois;Serpentine Sud;6.0;78;3.26253815373618;49.8560035984435;9.947440142942227;EN PLACE
Quartier du Vermandois;Serpentine Sud;6.0;57;3.26260606528574;49.8560142405781;9.947440142942227;EN PLACE
Quartier du Vermandois;Serpentine Sud;6.0;75;3.26268900948733;49.8559638565905;9.947440142942227;EN PLACE
Quartier du Vermandois;Serpentine Sud;6.0;54;3.26282771622474;49.8559432456515;9.947440142942227;EN PLACE
Quartier du Vermandois;Serpentine Sud;6.0;68;3.262847787185;49.8559150119085;9.947440142942227;EN PLACE
Quartier du Vermandois;Serpentine Sud;6.0;48;3.26297374439939;49.8558818920816;9.947440142942227;EN PLACE
Quartier du Vermandois;Serpentine Sud;6.0;67;3.26305747478438;49.8558148475691;9.947440142942227;EN PLACE
Quartier du Vermandois;Serpentine Sud;6.0;43;3.26312567024137;49.855801695406;9.947440142942227;EN PLACE
Quartier du Vermandois;Serpentine Sud;6.0;78;3.26318084745054;49.8557424906677;9.947440142942227;EN PLACE
Quartier du Vermandois;Serpentine Sud;7.0;88;3.26333349686425;49.8555842500412;9.947440142942227;EN PLACE
Quartier du Vermandois;Serpentine Sud;7.0;68;3.26335939723339;49.8555529958089;9.947440142942227;EN PLACE
Quartier du Vermandois;Serpentine Sud;7.0;97;3.26342983962787;49.8554839148038;9.947440142942227;EN PLACE
Quartier du Vermandois;Serpentine Sud;7.0;107;3.26347136645887;49.8554325505926;9.947440142942227;EN PLACE
Quartier du Vermandois;Serpentine Sud;7.0;88;3.26354326723775;49.8553531082839;9.947440142942227;EN PLACE
Quartier du Vermandois;Serpentine Sud;7.0;87;3.26363130135122;49.8552221464861;9.947440142942227;EN PLACE
Quartier du Vermandois;Serpentine Sud;7.0;75;3.26369102021239;49.8551406600165;9.947440142942227;EN PLACE
Quartier du Vermandois;Serpentine Sud;7.0;61;3.26371780100742;49.855097621665;9.947440142942227;EN PLACE
Quartier du Vermandois;Serpentine Sud;8.0;49;3.26381048557141;49.8557417484371;9.947440142942227;EN PLACE
Quartier du Vermandois;Serpentine Sud;8.0;126;3.26390313713364;49.855679450035;9.947440142942227;EN PLACE
Quartier du Vermandois;Serpentine Sud;7.0;46;3.26391605508955;49.8556573403278;9.947440142942227;EN PLACE
Quartier du Vermandois;Serpentine Sud;7.0;52;3.26395511772333;49.8556070657417;9.947440142942227;EN PLACE
Quartier du Vermandois;Serpentine Sud;7.0;53;3.26399165575017;49.8555933917591;9.947440142942227;EN PLACE
Quartier du Vermandois;Serpentine Sud;7.0;56;3.26407458606288;49.8555278991691;9.947440142942227;EN PLACE
Quartier du Vermandois;Serpentine Sud;8.0;42;3.26406929955215;49.8554434794468;9.947440142942227;EN PLACE
Quartier du Vermandois;Serpentine Sud;10.0;82;3.2641605109719;49.8554263973114;9.947440142942227;EN PLACE
Quartier du Vermandois;Serpentine Sud;6.0;47;3.26419989156128;49.855344595823;9.947440142942227;EN PLACE
Quartier du Vermandois;Serpentine Sud;7.0;48;3.2642254341484;49.8553090015846;9.947440142942227;EN PLACE
Quartier du Vermandois;Serpentine Sud;7.0;53;3.26426422562935;49.8552929309698;9.947440142942227;EN PLACE
Quartier du Vermandois;Serpentine Sud;10.0;107;3.26437489488527;49.8551864734262;9.947440142942227;EN PLACE
Quartier du Vermandois;Serpentine Sud;8.0;55;3.26446458354592;49.8550412231491;9.947440142942227;EN PLACE
Quartier du Vermandois;Serpentine Sud;10.0;115;3.26452126011828;49.8549497672348;9.947440142942227;EN PLACE
Quartier du Vermandois;Serpentine Sud;10.0;60;3.26445334582929;49.8548857720574;9.947440142942227;EN PLACE
Quartier du Vermandois;Serpentine Sud;10.0;94;3.26450382372037;49.8548553324851;9.947440142942227;EN PLACE
Quartier du Vermandois;Serpentine Sud;10.0;63;3.2644984850677;49.8547923255612;9.947440142942227;EN PLACE
Quartier du Vermandois;Serpentine Sud;8.0;42;3.26456531634199;49.8548236156954;9.947440142942227;EN PLACE
Quartier du Vermandois;Serpentine Sud;7.0;47;3.26466189827988;49.8547021026276;9.947440142942227;EN PLACE
Quartier du Vermandois;Serpentine Sud;7.0;50;3.26462472188434;49.8546580852867;9.947440142942227;EN PLACE
Quartier du Vermandois;Serpentine Sud;7.0;38;3.26467573578765;49.8546123560722;9.947440142942227;EN PLACE
Quartier du Vermandois;Serpentine Sud;6.0;44;3.26470261457259;49.8545745506367;9.947440142942227;EN PLACE
Quartier du Vermandois;Serpentine Sud;11.0;101;3.26480163151431;49.8542959902579;9.947440142942227;EN PLACE
Quartier du Vermandois;Serpentine Sud;11.0;95;3.26475413296933;49.8542944655904;9.947440142942227;EN PLACE
Quartier du Vermandois;Serpentine Sud;11.0;103;3.26474654526988;49.854263120211;9.947440142942227;EN PLACE
Quartier du Vermandois;Serpentine Sud;7.0;45;3.2648011020569;49.8542488865843;9.947440142942227;EN PLACE
Quartier du Vermandois;Serpentine Sud;11.0;98;3.26482075989981;49.8541797322133;9.947440142942227;EN PLACE
Quartier du Vermandois;Serpentine Sud;7.0;73;3.2647599083366;49.8541726033121;9.947440142942227;EN PLACE
Quartier du Vermandois;Serpentine Sud;10.0;83;3.26473800585825;49.8540465608138;9.947440142942227;EN PLACE
Quartier du Vermandois;Serpentine Sud;10.0;110;3.26480729796933;49.8540379795558;9.947440142942227;EN PLACE
Quartier du Vermandois;Serpentine Sud;11.0;60;3.26486276629246;49.8539798656631;9.947440142942227;EN PLACE
Quartier du Vermandois;Serpentine Sud;13.0;132;3.26487283146541;49.8539363891297;9.947440142942227;EN PLACE
Quartier du Vermandois;Serpentine Sud;12.0;61;3.26485288303206;49.853909139841;9.947440142942227;EN PLACE
Quartier du Vermandois;Serpentine Sud;12.0;11;3.26482608637376;49.8538623390495;9.947440142942227;EN PLACE
Quartier du Vermandois;Serpentine Sud;6.0;23;3.2648759734897;49.8538076963827;9.947440142942227;EN PLACE
Quartier du Vermandois;Serpentine Sud;12.0;64;3.26488666740341;49.8536890307899;9.947440142942227;EN PLACE
Quartier du Vermandois;Serpentine Sud;9.0;60;3.26490609076334;49.8535651579706;9.947440142942227;EN PLACE
Quartier du Vermandois;Serpentine Sud;10.0;53;3.26493633166085;49.8534625349799;9.947440142942227;EN PLACE
Quartier du Vermandois;Serpentine Sud;12.0;120;3.26494252740382;49.8534256086575;9.947440142942227;EN PLACE
Quartier du Vermandois;Serpentine Sud;8.0;103;3.26494505617197;49.8533652154838;9.947440142942227;EN PLACE
Quartier du Vermandois;Serpentine Sud;10.0;100;3.26499392967514;49.8533472797042;9.947440142942227;EN PLACE
Quartier du Vermandois;Serpentine Sud;8.0;77;3.26498121114095;49.8532590530482;9.947440142942227;EN PLACE
Quartier du Vermandois;Serpentine Sud;9.0;47;3.26503320490778;49.8531875600213;9.947440142942227;EN PLACE
Quartier du Vermandois;Serpentine Sud;8.0;50;3.26535609719964;49.8529511129697;9.947440142942227;EN PLACE
Quartier du Vermandois;Serpentine Sud;8.0;45;3.26534640187239;49.8529250183382;9.947440142942227;EN PLACE
Quartier du Vermandois;Serpentine Sud;8.0;53;3.26540399981504;49.8529159947416;9.947440142942227;EN PLACE
Quartier du Vermandois;Serpentine Sud;8.0;55;3.26539429503516;49.8528701533707;9.947440142942227;EN PLACE
Quartier du Vermandois;Serpentine Sud;12.0;102;3.26667073832752;49.8525622463486;9.947440142942227;EN PLACE
Quartier du Vermandois;Serpentine Sud;12.0;90;3.26674562493942;49.8525577832702;9.947440142942227;EN PLACE
Quartier du Vermandois;Serpentine Sud;12.0;69;3.26686369538493;49.852526506684;9.947440142942227;EN PLACE
Quartier du Vermandois;Serpentine Sud;12.0;101;3.26690673672372;49.8525645286355;9.947440142942227;EN PLACE
Quartier du Vermandois;Serpentine Sud;12.0;65;3.26696134790893;49.8525822335707;9.947440142942227;EN PLACE
Quartier du Vermandois;Serpentine Sud;12.0;61;3.26699720818674;49.8525572626869;9.947440142942227;EN PLACE
Quartier du Vermandois;Serpentine Sud;12.0;58;3.26703659194505;49.8525724138439;9.947440142942227;EN PLACE
Quartier du Vermandois;Serpentine Sud;12.0;46;3.26707498994928;49.8525840042886;9.947440142942227;EN PLACE
Quartier du Vermandois;Serpentine Sud;14.0;93;3.26707244060097;49.8525468486903;9.947440142942227;EN PLACE
Quartier du Vermandois;Serpentine Sud;15.0;89;3.26704164089783;49.8525236000437;9.947440142942227;EN PLACE
Quartier du Vermandois;Serpentine Sud;12.0;115;3.26709260255519;49.852494643451;9.947440142942227;EN PLACE
Quartier du Vermandois;Serpentine Sud;12.0;68;3.26712671239181;49.8525226234546;9.947440142942227;EN PLACE
Quartier du Vermandois;Serpentine Sud;12.0;94;3.26712365802182;49.8525794513617;9.947440142942227;EN PLACE
Quartier du Vermandois;Serpentine Sud;12.0;110;3.26722775553379;49.8525390664396;9.947440142942227;EN PLACE
Quartier du Vermandois;Serpentine Sud;14.0;80;3.26720130465671;49.8525749655304;9.947440142942227;EN PLACE
Quartier du Vermandois;Serpentine Sud;14.0;92;3.26723821959347;49.8526053036228;9.947440142942227;EN PLACE
Quartier du Vermandois;Serpentine Sud;14.0;85;3.26736635124212;49.8526191513034;9.947440142942227;EN PLACE
Quartier du Vermandois;Serpentine Sud;14.0;77;3.2673961181581;49.8526605495717;9.947440142942227;EN PLACE
Quartier du Vermandois;Serpentine Sud;15.0;132;3.26736549798254;49.8526468152644;9.947440142942227;EN PLACE
Quartier du Vermandois;Serpentine Sud;17.0;275;3.26780944057543;49.8528440174007;9.947440142942227;EN PLACE
Quartier du Vermandois;Serpentine Sud;9.0;101;3.2676323709183;49.8529233497718;9.947440142942227;EN PLACE
Quartier du Vermandois;Serpentine Sud;9.0;98;3.26761174515716;49.852883782779;9.947440142942227;EN PLACE
Quartier du Vermandois;Serpentine Sud;9.0;74;3.26759363127326;49.8528601340569;9.947440142942227;EN PLACE
Quartier du Vermandois;Serpentine Sud;6.0;88;3.26751976276973;49.8527879206489;9.947440142942227;EN PLACE
Quartier du Vermandois;Serpentine Sud;11.0;144;3.26751049814868;49.8529096904082;9.947440142942227;EN PLACE
Quartier du Vermandois;Serpentine Sud;11.0;130;3.26749713273867;49.8528842219612;9.947440142942227;EN PLACE
Quartier du Vermandois;Serpentine Sud;15.0;123;3.26727696307415;49.8527089255242;9.947440142942227;EN PLACE
Quartier du Vermandois;Serpentine Sud;12.0;65;3.26721043427994;49.852693397491;9.947440142942227;EN PLACE
Quartier du Vermandois;Serpentine Sud;15.0;86;3.26715194867927;49.8526897006187;9.947440142942227;EN PLACE
Quartier du Vermandois;Serpentine Sud;12.0;44;3.2671490881781;49.8526602802719;9.947440142942227;EN PLACE
Quartier du Vermandois;Serpentine Sud;12.0;64;3.26709447582344;49.8526666646135;9.947440142942227;EN PLACE
Quartier du Vermandois;Serpentine Sud;12.0;58;3.2670139965118;49.8526673070769;9.947440142942227;EN PLACE
Quartier du Vermandois;Serpentine Sud;14.0;117;3.26698191306167;49.8526491238943;9.947440142942227;EN PLACE
Quartier du Vermandois;Serpentine Sud;12.0;92;3.26690169998859;49.8526396522449;9.947440142942227;EN PLACE
Quartier du Vermandois;Serpentine Sud;10.0;53;3.26681613331878;49.8526388478756;9.947440142942227;EN PLACE
Quartier du Vermandois;Serpentine Sud;12.0;106;3.26674063287227;49.8526352865603;9.947440142942227;EN PLACE
Quartier du Vermandois;Serpentine Sud;10.0;50;3.2666253668881;49.8526448301733;9.947440142942227;EN PLACE
Quartier du Vermandois;Serpentine Sud;8.0;55;3.26657408771145;49.8526571350493;9.947440142942227;EN PLACE
Quartier du Vermandois;Serpentine Sud;10.0;140;3.26640362445761;49.8526665250445;9.947440142942227;EN PLACE
Quartier du Vermandois;Serpentine Sud;12.0;73;3.26611809311738;49.8527199549617;9.947440142942227;EN PLACE
Quartier du Vermandois;Serpentine Sud;12.0;76;3.26606586572341;49.8527307792281;9.947440142942227;EN PLACE
Quartier du Vermandois;Serpentine Sud;12.0;65;3.2658476523823;49.8527928908974;9.947440142942227;EN PLACE
Quartier du Vermandois;Serpentine Sud;10.0;64;3.2658180193979;49.8528068078756;9.947440142942227;EN PLACE
Quartier du Vermandois;Serpentine Sud;11.0;66;3.26576475245961;49.8528354850264;9.947440142942227;EN PLACE
Quartier du Vermandois;Serpentine Sud;12.0;120;3.26564703064691;49.852885197457;9.947440142942227;EN PLACE
Quartier du Vermandois;Serpentine Sud;10.0;54;3.26553444800628;49.8529390319838;9.947440142942227;EN PLACE
Quartier du Vermandois;Serpentine Sud;8.0;100;3.26534056036489;49.8532447575522;9.947440142942227;EN PLACE
Quartier du Vermandois;Serpentine Sud;8.0;85;3.26538032811475;49.8532848867324;9.947440142942227;EN PLACE
Quartier du Vermandois;Serpentine Sud;8.0;78;3.26543804874635;49.8533015586268;9.947440142942227;EN PLACE
Quartier du Vermandois;Serpentine Sud;8.0;71;3.26545294764236;49.8533109559913;9.947440142942227;EN PLACE
Quartier du Vermandois;Serpentine Sud;8.0;85;3.26550973958141;49.8533561847149;9.947440142942227;EN PLACE
Quartier du Vermandois;Serpentine Sud;8.0;101;3.26559314800358;49.8533788364703;9.947440142942227;EN PLACE
Quartier du Vermandois;Serpentine Sud;8.0;93;3.26560708564819;49.8534102501565;9.947440142942227;EN PLACE
Quartier du Vermandois;Serpentine Sud;8.0;113;3.2656834148817;49.8534331363306;9.947440142942227;EN PLACE
Quartier du Vermandois;Serpentine Sud;8.0;100;3.26576220146811;49.8534884195957;9.947440142942227;EN PLACE
Quartier du Vermandois;Serpentine Sud;8.0;79;3.26581011471117;49.8535165880941;9.947440142942227;EN PLACE
Quartier du Vermandois;Serpentine Sud;8.0;82;3.26585319703832;49.853508512375;9.947440142942227;EN PLACE
Quartier du Vermandois;Serpentine Sud;8.0;83;3.26591743224971;49.8535484475144;9.947440142942227;EN PLACE
Quartier du Vermandois;Serpentine Sud;8.0;112;3.26597516164621;49.8535848649839;9.947440142942227;EN PLACE
Quartier du Vermandois;Serpentine Sud;8.0;93;3.26607796071004;49.8536209240706;9.947440142942227;EN PLACE
Quartier du Vermandois;Serpentine Sud;8.0;90;3.26609090582506;49.8536484785217;9.947440142942227;EN PLACE
Quartier du Vermandois;Serpentine Sud;8.0;84;3.26625254208817;49.853730760075;9.947440142942227;EN PLACE
Quartier du Vermandois;Serpentine Sud;8.0;95;3.26629803589531;49.8537527016368;9.947440142942227;EN PLACE
Quartier du Vermandois;Serpentine Sud;8.0;120;3.26620744047863;49.8538259909303;9.947440142942227;EN PLACE
Quartier du Vermandois;Serpentine Sud;8.0;83;3.26617122434721;49.8537840477924;9.947440142942227;EN PLACE
Quartier du Vermandois;Serpentine Sud;8.0;95;3.26613957620729;49.8537646721581;9.947440142942227;EN PLACE
Quartier du Vermandois;Serpentine Sud;8.0;75;3.26611783240088;49.8537339154567;9.947440142942227;EN PLACE
Quartier du Vermandois;Serpentine Sud;8.0;104;3.26602622268566;49.8537057975468;9.947440142942227;EN PLACE
Quartier du Vermandois;Serpentine Sud;8.0;107;3.26593611545144;49.853659823705;9.947440142942227;EN PLACE
Quartier du Vermandois;Serpentine Sud;8.0;114;3.26590341078059;49.8536574083009;9.947440142942227;EN PLACE
Quartier du Vermandois;Serpentine Sud;8.0;88;3.2658622102574;49.8536193719416;9.947440142942227;EN PLACE
Quartier du Vermandois;Serpentine Sud;8.0;89;3.26576728477492;49.8536103140278;9.947440142942227;EN PLACE
Quartier du Vermandois;Serpentine Sud;8.0;95;3.26576616775621;49.8535758244604;9.947440142942227;EN PLACE
Quartier du Vermandois;Serpentine Sud;8.0;103;3.26567012510199;49.8535563660764;9.947440142942227;EN PLACE
Quartier du Vermandois;Serpentine Sud;8.0;86;3.2656640783924;49.853528755513;9.947440142942227;EN PLACE
Quartier du Vermandois;Serpentine Sud;8.0;93;3.26561855582255;49.853529415915;9.947440142942227;EN PLACE
Quartier du Vermandois;Serpentine Sud;8.0;123;3.26557661769781;49.853476812898;9.947440142942227;EN PLACE
Quartier du Vermandois;Serpentine Sud;8.0;90;3.26551014381516;49.8534401668679;9.947440142942227;EN PLACE
Quartier du Vermandois;Serpentine Sud;8.0;113;3.26546836848718;49.853444366394;9.947440142942227;EN PLACE
Quartier du Vermandois;Serpentine Sud;8.0;102;3.26539378830535;49.8533926174837;9.947440142942227;EN PLACE
Quartier du Vermandois;Serpentine Sud;8.0;100;3.2653479149815;49.8533507516552;9.947440142942227;EN PLACE
Quartier du Vermandois;Serpentine Sud;8.0;95;3.26528276527317;49.8533352113255;9.947440142942227;EN PLACE
Quartier du Vermandois;Serpentine Sud;9.0;64;3.26516976195335;49.8532656273899;9.947440142942227;EN PLACE
Quartier du Vermandois;Serpentine Sud;9.0;54;3.26513746951261;49.8532993122427;9.947440142942227;EN PLACE
Quartier du Vermandois;Serpentine Sud;10.0;133;3.26508467035959;49.8533864551162;9.947440142942227;EN PLACE
Quartier du Vermandois;Serpentine Sud;8.0;44;3.26505786349394;49.8534569733731;9.947440142942227;EN PLACE
Quartier du Vermandois;Serpentine Sud;8.0;49;3.26505077053633;49.8534902201123;9.947440142942227;EN PLACE
Quartier du Vermandois;Serpentine Sud;11.0;120;3.26501438326815;49.8535793739357;9.947440142942227;EN PLACE
Quartier du Vermandois;Serpentine Sud;10.0;108;3.26494588278302;49.8541559253824;9.947440142942227;EN PLACE
Quartier du Vermandois;Serpentine Sud;10.0;120;3.26493529699081;49.8542088278424;9.947440142942227;EN PLACE
Quartier du Vermandois;Serpentine Sud;9.0;78;3.2650005325225;49.8542915803076;9.947440142942227;EN PLACE
Quartier du Vermandois;Serpentine Sud;7.0;49;3.26490762449677;49.854340142705;9.947440142942227;EN PLACE
Quartier du Vermandois;Serpentine Sud;9.0;45;3.26486170581964;49.8544819366917;9.947440142942227;EN PLACE
Quartier du Vermandois;Serpentine Sud;9.0;48;3.26489301009659;49.8545316510072;9.947440142942227;EN PLACE
Quartier du Vermandois;Serpentine Sud;9.0;41;3.26489757821167;49.8545783068269;9.947440142942227;EN PLACE
Quartier du Vermandois;Serpentine Sud;8.0;46;3.26479303943315;49.8546924487437;9.947440142942227;EN PLACE
Quartier du Vermandois;Serpentine Sud;8.0;111;3.26484109279893;49.8547521407201;9.947440142942227;EN PLACE
Quartier du Vermandois;Serpentine Sud;6.0;83;3.26470196037031;49.8548371746891;9.947440142942227;EN PLACE
Quartier du Vermandois;Serpentine Sud;12.0;57;3.26459944354942;49.8550092934261;9.947440142942227;EN PLACE
Quartier du Vermandois;Serpentine Sud;10.0;62;3.26455078614648;49.8550870046062;9.947440142942227;EN PLACE
Quartier du Vermandois;Serpentine Sud;6.0;52;3.26453782016663;49.8551308256673;9.947440142942227;EN PLACE
Quartier du Vermandois;Serpentine Sud;7.0;98;3.26450004830086;49.8551763316859;9.947440142942227;EN PLACE
Quartier du Vermandois;Serpentine Sud;7.0;97;3.26446672795642;49.8552381580168;9.947440142942227;EN PLACE
Quartier du Vermandois;Serpentine Sud;12.0;60;3.26467648718788;49.8550696474619;9.947440142942227;EN PLACE
Quartier du Vermandois;Espace Creatis;12.0;92;3.26525743921971;49.856950773971;9.947440142942227;EN PLACE
Quartier du Vermandois;Espace Creatis;12.0;120;3.26533187251872;49.856982096821;9.947440142942227;EN PLACE
Quartier du Vermandois;Espace Creatis;14.0;165;3.26541846269921;49.8570185365084;9.947440142942227;EN PLACE
Quartier du Vermandois;Espace Creatis;12.0;97;3.26549175885712;49.8570493808354;9.947440142942227;EN PLACE
Quartier du Vermandois;Espace Creatis;14.0;137;3.26558351195195;49.8570879934181;9.947440142942227;EN PLACE
Quartier du Vermandois;Espace Creatis;12.0;90;3.26566150128656;49.8571208130247;9.947440142942227;EN PLACE
Quartier du Vermandois;Espace Creatis;14.0;134;3.26573682296682;49.8571525103089;9.947440142942227;EN PLACE
Quartier du Vermandois;Espace Creatis;14.0;212;3.2658170453963;49.8571862687603;9.947440142942227;EN PLACE
Quartier du Vermandois;Espace Creatis;18.0;146;3.26571052856243;49.8571843224488;9.947440142942227;EN PLACE
Quartier du Vermandois;Espace Creatis;18.0;186;3.26563339489178;49.8571518623577;9.947440142942227;EN PLACE
Quartier du Vermandois;Espace Creatis;14.0;124;3.26554987209624;49.8571167141212;9.947440142942227;EN PLACE
Quartier du Vermandois;Espace Creatis;12.0;104;3.26546557446095;49.8570812394235;9.947440142942227;EN PLACE
Quartier du Vermandois;Espace Creatis;14.0;134;3.26538972899676;49.8570493219825;9.947440142942227;EN PLACE
Quartier du Vermandois;Espace Creatis;16.0;144;3.26530116515407;49.8570120515164;9.947440142942227;EN PLACE
Quartier du Vermandois;Espace Creatis;16.0;105;3.2652259540821;49.8569804004527;9.947440142942227;EN PLACE
Quartier du Vermandois;Espace Creatis;16.0;183;3.26515009917097;49.8569484783823;9.947440142942227;EN PLACE
Quartier Saint-Martin - Oëstres;Rue André Missenard;7.0;59;3.25023483044132;49.8513097309157;9.947440142942227;EN PLACE
Quartier Saint-Martin - Oëstres;Rue André Missenard;7.0;62;3.25016464695935;49.8513529540264;9.947440142942227;EN PLACE
Quartier Saint-Martin - Oëstres;Rue André Missenard;7.0;52;3.25012603137677;49.8514313931168;9.947440142942227;EN PLACE
Quartier Saint-Martin - Oëstres;Rue André Missenard;7.0;65;3.25006453835573;49.8514664774193;9.947440142942227;EN PLACE
Quartier Saint-Martin - Oëstres;Rue André Missenard;7.0;52;3.25001651518756;49.8515101000665;9.947440142942227;EN PLACE
Quartier Saint-Martin - Oëstres;Rue André Missenard;7.0;59;3.24992457073467;49.8515758150787;9.947440142942227;EN PLACE
Quartier Saint-Martin - Oëstres;Rue André Missenard;7.0;54;3.24987846161323;49.8516294625091;9.947440142942227;EN PLACE
Quartier Saint-Martin - Oëstres;Rue André Missenard;7.0;54;3.24980190944948;49.851658302442;9.947440142942227;EN PLACE
Quartier Saint-Martin - Oëstres;Rue André Missenard;7.0;70;3.24966566175467;49.8517873462607;9.947440142942227;EN PLACE
Quartier Saint-Martin - Oëstres;Rue André Missenard;7.0;73;3.24934470732225;49.8519726996967;9.947440142942227;EN PLACE
Quartier Saint-Martin - Oëstres;Rue André Missenard;7.0;64;3.24934539164413;49.8520346006065;9.947440142942227;EN PLACE
Quartier Saint-Martin - Oëstres;Rue André Missenard;7.0;61;3.2492473473308;49.8520150233634;9.947440142942227;EN PLACE
Quartier Saint-Martin - Oëstres;Rue André Missenard;5.0;40;3.24901508437243;49.852173846268;9.947440142942227;EN PLACE
Quartier Saint-Martin - Oëstres;Rue André Missenard;7.0;65;3.24901496959832;49.8522403007632;9.947440142942227;EN PLACE
Quartier Saint-Martin - Oëstres;Rue André Missenard;6.0;43;3.24892177693213;49.8522279467237;9.947440142942227;EN PLACE
Quartier Saint-Martin - Oëstres;Rue André Missenard;6.0;63;3.24882869360024;49.8523707308096;9.947440142942227;EN PLACE
Quartier Saint-Martin - Oëstres;Rue André Missenard;8.0;70;3.24885016910505;49.8524503852576;9.947440142942227;EN PLACE
Quartier Saint-Martin - Oëstres;Rue André Missenard;7.0;56;3.24875269968789;49.852423646344;9.947440142942227;EN PLACE
Quartier Saint-Martin - Oëstres;Rue André Missenard;7.0;62;3.24866016243209;49.8525569162686;9.947440142942227;EN PLACE
Quartier Saint-Martin - Oëstres;Rue André Missenard;7.0;49;3.24859360155556;49.8526389922087;9.947440142942227;EN PLACE
Quartier Saint-Martin - Oëstres;Rue André Missenard;6.0;36;3.24855962389031;49.8527759005677;9.947440142942227;EN PLACE
Quartier Saint-Martin - Oëstres;Rue André Missenard;6.0;48;3.24847872267867;49.8528742850027;9.947440142942227;EN PLACE
Quartier Saint-Martin - Oëstres;Rue André Missenard;6.0;58;3.24854963896622;49.8529250778131;9.947440142942227;EN PLACE
Quartier Saint-Martin - Oëstres;Rue André Missenard;6.0;56;3.24846293856499;49.8529308003649;9.947440142942227;EN PLACE
Quartier Saint-Martin - Oëstres;Rue André Missenard;5.0;39;3.24849218577076;49.8530649235774;9.947440142942227;EN PLACE
Quartier Saint-Martin - Oëstres;Rue André Missenard;7.0;61;3.24847160119799;49.8531900457559;9.947440142942227;EN PLACE
Quartier Saint-Martin - Oëstres;Rue André Missenard;6.0;57;3.24856977693389;49.8532373689621;9.947440142942227;EN PLACE
Quartier Saint-Martin - Oëstres;Rue André Missenard;7.0;60;3.24847094709004;49.8532489924908;9.947440142942227;EN PLACE
Quartier Saint-Martin - Oëstres;Rue André Missenard;7.0;66;3.24858427730368;49.8535314158834;9.947440142942227;EN PLACE
Quartier Saint-Martin - Oëstres;Rue André Missenard;7.0;59;3.24869050802184;49.8535365151081;9.947440142942227;EN PLACE
Quartier Saint-Martin - Oëstres;Rue André Missenard;7.0;55;3.24860379314874;49.8535969692835;9.947440142942227;EN PLACE
Quartier Saint-Martin - Oëstres;Rue André Missenard;5.0;33;3.24866895402025;49.8536969387646;9.947440142942227;EN PLACE
Quartier Saint-Martin - Oëstres;Rue André Missenard;6.0;36;3.24879863082706;49.8537812844767;9.947440142942227;EN PLACE
Quartier Saint-Martin - Oëstres;Rue André Missenard;5.0;39;3.24880109257888;49.8538524310031;9.947440142942227;EN PLACE
Quartier Saint-Martin - Oëstres;Rue André Missenard;6.0;37;3.24887064556472;49.853823784606;9.947440142942227;EN PLACE
Quartier Saint-Martin - Oëstres;Rue André Missenard;5.0;30;3.24896767761319;49.853946862075;9.947440142942227;EN PLACE
Quartier Saint-Martin - Oëstres;Rue André Missenard;6.0;55;3.24912207686891;49.8540199932908;9.947440142942227;EN PLACE
Quartier Saint-Martin - Oëstres;Rue André Missenard;6.0;49;3.2491334245551;49.8540839842895;9.947440142942227;EN PLACE
Quartier Saint-Martin - Oëstres;Rue André Missenard;6.0;58;3.24919093142331;49.8540539841214;9.947440142942227;EN PLACE
Quartier Saint-Martin - Oëstres;Rue André Missenard;4.0;29;3.24934122316436;49.8541423464827;9.947440142942227;EN PLACE
Quartier Saint-Martin - Oëstres;Rue André Missenard;6.0;41;3.24948446106983;49.8542230304648;9.947440142942227;EN PLACE
Quartier Saint-Martin - Oëstres;Rue André Missenard;6.0;48;3.24956648497157;49.854277308029;9.947440142942227;EN PLACE
Quartier Saint-Martin - Oëstres;Rue André Missenard;5.0;38;3.24962921443987;49.8542434234398;9.947440142942227;EN PLACE
Quartier Saint-Martin - Oëstres;Rue André Missenard;4.0;28;3.24981443119334;49.8542896695508;9.947440142942227;EN PLACE
Quartier Saint-Martin - Oëstres;Rue André Missenard;4.0;32;3.25000405408566;49.8543171769747;9.947440142942227;EN PLACE
Quartier Saint-Martin - Oëstres;Rue André Missenard;4.0;34;3.25009368455094;49.8543047626142;9.947440142942227;EN PLACE
Quartier Saint-Martin - Oëstres;Rue André Missenard;5.0;42;3.25009127641167;49.8543763240465;9.947440142942227;EN PLACE
Quartier Saint-Martin - Oëstres;Rue André Missenard;4.0;30;3.25032018539039;49.8543576547724;9.947440142942227;EN PLACE
Quartier Saint-Martin - Oëstres;Rue André Missenard;5.0;46;3.25051803838522;49.854326630937;9.947440142942227;EN PLACE
Quartier Saint-Martin - Oëstres;Rue André Missenard;5.0;51;3.25061503883594;49.8543049851891;9.947440142942227;EN PLACE
Quartier Saint-Martin - Oëstres;Rue André Missenard;5.0;61;3.25061720100737;49.854369500013;9.947440142942227;EN PLACE
Quartier Saint-Martin - Oëstres;Rue André Missenard;5.0;40;3.25085017627276;49.8543008697959;9.947440142942227;EN PLACE
Quartier Saint-Martin - Oëstres;Rue André Missenard;6.0;53;3.25101578536102;49.8542787157029;9.947440142942227;EN PLACE
Quartier Saint-Martin - Oëstres;Rue André Missenard;6.0;63;3.25108659177247;49.8543035848796;9.947440142942227;EN PLACE
Quartier Saint-Martin - Oëstres;Rue André Missenard;6.0;52;3.25114343830789;49.8542430929796;9.947440142942227;EN PLACE
Quartier Saint-Martin - Oëstres;Rue André Missenard;5.0;36;3.25372855334013;49.8561105467817;9.947440142942227;EN PLACE
Quartier Saint-Martin - Oëstres;Rue André Missenard;5.0;30;3.25373667623864;49.856035030636;9.947440142942227;EN PLACE
Quartier Saint-Martin - Oëstres;Rue André Missenard;2.0;25;3.25371225274164;49.8555335386116;9.947440142942227;EN PLACE
Quartier Saint-Martin - Oëstres;Rue André Missenard;2.0;22;3.25368110731773;49.8554503386016;9.947440142942227;EN PLACE
Quartier Saint-Martin - Oëstres;Rue André Missenard;2.0;20;3.25366913857188;49.8552531308856;9.947440142942227;EN PLACE
Quartier Saint-Martin - Oëstres;Rue André Missenard;2.0;19;3.25381212333496;49.8551435621527;9.947440142942227;EN PLACE
Quartier Saint-Martin - Oëstres;Rue André Missenard;2.0;21;3.25388249880415;49.8549985775421;9.947440142942227;EN PLACE
Quartier Saint-Martin - Oëstres;Rue André Missenard;6.0;61;3.25380921635756;49.8547599698353;9.947440142942227;EN PLACE
Quartier Saint-Martin - Oëstres;Rue André Missenard;7.0;66;3.2536340307647;49.8546697852587;9.947440142942227;EN PLACE
Quartier Saint-Martin - Oëstres;Rue André Missenard;7.0;56;3.25341877587689;49.854634923651;9.947440142942227;EN PLACE
Quartier Saint-Martin - Oëstres;Rue André Missenard;7.0;86;3.25324360012409;49.8546388618327;9.947440142942227;EN PLACE
Quartier Saint-Martin - Oëstres;Rue André Missenard;7.0;75;3.25317015311114;49.8546552930258;9.947440142942227;EN PLACE
Quartier Saint-Martin - Oëstres;Rue André Missenard;6.0;63;3.25316871521143;49.8545994776958;9.947440142942227;EN PLACE
Quartier Saint-Martin - Oëstres;Rue André Missenard;6.0;40;3.25289832223165;49.8544965922929;9.947440142942227;EN PLACE
Quartier Saint-Martin - Oëstres;Rue André Missenard;6.0;44;3.25280910715327;49.8545334305989;9.947440142942227;EN PLACE
Quartier Saint-Martin - Oëstres;Rue André Missenard;6.0;43;3.2528031392785;49.854462508385;9.947440142942227;EN PLACE
Quartier Saint-Martin - Oëstres;Rue André Missenard;6.0;48;3.25255747735282;49.8543044616581;9.947440142942227;EN PLACE
Quartier Saint-Martin - Oëstres;Rue André Missenard;6.0;55;3.25248305312793;49.8543514541443;9.947440142942227;EN PLACE
Quartier Saint-Martin - Oëstres;Rue André Missenard;6.0;56;3.25245166278409;49.8542922697297;9.947440142942227;EN PLACE
Quartier Saint-Martin - Oëstres;Rue André Missenard;5.0;37;3.25219365379853;49.8541353923723;9.947440142942227;EN PLACE
Quartier Saint-Martin - Oëstres;Rue André Missenard;7.0;62;3.25211527604837;49.8541772235806;9.947440142942227;EN PLACE
Quartier Saint-Martin - Oëstres;Rue André Missenard;5.0;42;3.25208193828568;49.854121054165;9.947440142942227;EN PLACE
Quartier Saint-Martin - Oëstres;Rue André Missenard;6.0;42;3.25181210128638;49.8540689308342;9.947440142942227;EN PLACE
Quartier Saint-Martin - Oëstres;Rue André Missenard;6.0;35;3.25170890135959;49.854010315558;9.947440142942227;EN PLACE
Quartier Saint-Martin - Oëstres;Rue André Missenard;6.0;51;3.25168129183431;49.854091092382;9.947440142942227;EN PLACE
Quartier Saint-Martin - Oëstres;Rue André Missenard;5.0;38;3.25130390776204;49.8539865922263;9.947440142942227;EN PLACE
Quartier Saint-Martin - Oëstres;Rue André Missenard;5.0;60;3.25124302300874;49.8540342076631;9.947440142942227;EN PLACE
Quartier Saint-Martin - Oëstres;Rue André Missenard;5.0;55;3.25118840755793;49.8539803617133;9.947440142942227;EN PLACE
Quartier Saint-Martin - Oëstres;Rue André Missenard;5.0;49;3.25076746849045;49.8540253850609;9.947440142942227;EN PLACE
Quartier Saint-Martin - Oëstres;Rue André Missenard;5.0;53;3.25066059197528;49.8540732467524;9.947440142942227;EN PLACE
Quartier Saint-Martin - Oëstres;Rue André Missenard;5.0;44;3.25066859209156;49.8540003310771;9.947440142942227;EN PLACE
Quartier Saint-Martin - Oëstres;Rue André Missenard;5.0;37;3.25037861537601;49.8540733619878;9.947440142942227;EN PLACE
Quartier Saint-Martin - Oëstres;Rue André Missenard;5.0;49;3.25030904720693;49.8540124926681;9.947440142942227;EN PLACE
Quartier Saint-Martin - Oëstres;Rue André Missenard;5.0;40;3.25027544740328;49.8540724922875;9.947440142942227;EN PLACE
Quartier Saint-Martin - Oëstres;Rue André Missenard;6.0;55;3.2499811157568;49.8539882390509;9.947440142942227;EN PLACE
Quartier Saint-Martin - Oëstres;Rue André Missenard;5.0;50;3.24986545388892;49.854023969855;9.947440142942227;EN PLACE
Quartier Saint-Martin - Oëstres;Rue André Missenard;6.0;54;3.249870184703;49.8539557155757;9.947440142942227;EN PLACE
Quartier Saint-Martin - Oëstres;Rue André Missenard;4.0;35;3.24996513909435;49.8537743161611;9.947440142942227;EN PLACE
Quartier Saint-Martin - Oëstres;Rue André Missenard;4.0;30;3.24992726215888;49.8538109162172;9.947440142942227;EN PLACE
Quartier Saint-Martin - Oëstres;Rue André Missenard;4.0;25;3.24988997792898;49.853763469971;9.947440142942227;EN PLACE
Quartier Saint-Martin - Oëstres;Rue André Missenard;4.0;36;3.24987599349417;49.853806400619;9.947440142942227;EN PLACE
Quartier Saint-Martin - Oëstres;Rue André Missenard;4.0;28;3.24986307738982;49.8538425843151;9.947440142942227;EN PLACE
Quartier Saint-Martin - Oëstres;Rue André Missenard;4.0;27;3.24980446132595;49.8537777382611;9.947440142942227;EN PLACE
Quartier Saint-Martin - Oëstres;Rue André Missenard;4.0;36;3.24980721556992;49.8538344849567;9.947440142942227;EN PLACE
Quartier Saint-Martin - Oëstres;Rue André Missenard;5.0;34;3.24955739231859;49.8538605465304;9.947440142942227;EN PLACE
Quartier Saint-Martin - Oëstres;Rue André Missenard;5.0;41;3.24953789914542;49.8539422235279;9.947440142942227;EN PLACE
Quartier Saint-Martin - Oëstres;Rue André Missenard;5.0;41;3.24946040148872;49.8538905696393;9.947440142942227;EN PLACE
Quartier Saint-Martin - Oëstres;Rue André Missenard;11.0;140;3.24888565428054;49.8529696772901;9.947440142942227;EN PLACE
Quartier Saint-Martin - Oëstres;Rue André Missenard;11.0;112;3.24897495457029;49.8528813621167;9.947440142942227;EN PLACE
Quartier Saint-Martin - Oëstres;Rue André Missenard;11.0;137;3.24899581636398;49.8527875927383;9.947440142942227;EN PLACE
Quartier Saint-Martin - Oëstres;Rue André Missenard;11.0;79;3.24906973901881;49.8527265162702;9.947440142942227;EN PLACE
Quartier Saint-Martin - Oëstres;Rue André Missenard;11.0;137;3.24905499171948;49.8526323387174;9.947440142942227;EN PLACE
Quartier Saint-Martin - Oëstres;Rue André Missenard;11.0;115;3.24914095436184;49.8525975392912;9.947440142942227;EN PLACE
Quartier Saint-Martin - Oëstres;Rue André Missenard;11.0;157;3.24908958477107;49.8525599933357;9.947440142942227;EN PLACE
Quartier Saint-Martin - Oëstres;Rue André Missenard;11.0;111;3.24933842371034;49.8524306545515;9.947440142942227;EN PLACE
Quartier Saint-Martin - Oëstres;Rue André Missenard;11.0;154;3.24930148505543;49.8523945318049;9.947440142942227;EN PLACE
Quartier Saint-Martin - Oëstres;Rue André Missenard;11.0;102;3.24938656278291;49.8523928542099;9.947440142942227;EN PLACE
Quartier Saint-Martin - Oëstres;Rue André Missenard;11.0;96;3.24954770013715;49.852389092751;9.947440142942227;EN PLACE
Quartier Saint-Martin - Oëstres;Rue André Missenard;11.0;87;3.24952676209876;49.852335784871;9.947440142942227;EN PLACE
Quartier Saint-Martin - Oëstres;Rue André Missenard;11.0;94;3.24964117782987;49.8523521381385;9.947440142942227;EN PLACE
Quartier Saint-Martin - Oëstres;Rue André Missenard;11.0;129;3.2495351231622;49.8522373156269;9.947440142942227;EN PLACE
Quartier Saint-Martin - Oëstres;Rue André Missenard;11.0;125;3.24961069253374;49.8522282849592;9.947440142942227;EN PLACE
Quartier Saint-Martin - Oëstres;Rue André Missenard;11.0;125;3.24956128577563;49.8521602688897;9.947440142942227;EN PLACE
Quartier Saint-Martin - Oëstres;Rue André Missenard;11.0;135;3.24985049250115;49.8521780690839;9.947440142942227;EN PLACE
Quartier Saint-Martin - Oëstres;Rue André Missenard;11.0;97;3.24991179186008;49.8520528536527;9.947440142942227;EN PLACE
Quartier Saint-Martin - Oëstres;Rue André Missenard;11.0;132;3.25002136191368;49.8520540615606;9.947440142942227;EN PLACE
Quartier Saint-Martin - Oëstres;Rue André Missenard;11.0;141;3.24994423136804;49.8519792620011;9.947440142942227;EN PLACE
Quartier Saint-Martin - Oëstres;Rue André Missenard;6.0;53;3.2498757996075;49.8518833620267;9.947440142942227;EN PLACE
Quartier Saint-Martin - Oëstres;Rue André Missenard;6.0;51;3.24993095407687;49.8518065007286;9.947440142942227;EN PLACE
Quartier Saint-Martin - Oëstres;Rue André Missenard;6.0;50;3.25002116946757;49.8517665004668;9.947440142942227;EN PLACE
Quartier Saint-Martin - Oëstres;Rue André Missenard;6.0;61;3.2500588081927;49.8517053001136;9.947440142942227;EN PLACE
Quartier Saint-Martin - Oëstres;Rue André Missenard;6.0;60;3.25014104698835;49.851666838839;9.947440142942227;EN PLACE
Quartier Saint-Martin - Oëstres;Rue André Missenard;6.0;53;3.2501909618443;49.8515944155013;9.947440142942227;EN PLACE
Quartier Saint-Martin - Oëstres;Rue André Missenard;6.0;57;3.25027203890104;49.8515632389234;9.947440142942227;EN PLACE
Quartier Saint-Martin - Oëstres;Rue André Missenard;6.0;66;3.25030529247761;49.8515098471021;9.947440142942227;EN PLACE
Quartier Saint-Martin - Oëstres;Rue André Missenard;6.0;61;3.25039772300739;49.8514828456997;9.947440142942227;EN PLACE
Quartier Saint-Martin - Oëstres;Rue André Missenard;6.0;60;3.25046229370902;49.8514173927946;9.947440142942227;EN PLACE
Quartier Saint-Martin - Oëstres;Rue André Missenard;11.0;153;3.25019833134911;49.8521173463888;9.947440142942227;EN PLACE
Quartier Saint-Martin - Oëstres;Rue André Missenard;11.0;100;3.2502128223572;49.852172030856;9.947440142942227;EN PLACE
Quartier Saint-Martin - Oëstres;Rue André Missenard;11.0;130;3.25029299311081;49.8521718150275;9.947440142942227;EN PLACE
Quartier Saint-Martin - Oëstres;Rue André Missenard;5.0;54;3.25034162427496;49.8521524464826;9.947440142942227;EN PLACE
Quartier Saint-Martin - Oëstres;Rue André Missenard;4.0;42;3.25037556967514;49.8522144463824;9.947440142942227;EN PLACE
Quartier Saint-Martin - Oëstres;Rue André Missenard;4.0;50;3.25035467626289;49.85219758428;9.947440142942227;EN PLACE
Quartier Saint-Martin - Oëstres;Rue André Missenard;4.0;44;3.25042600822384;49.8521683154927;9.947440142942227;EN PLACE
Quartier Saint-Martin - Oëstres;Rue André Missenard;4.0;36;3.2503771696047;49.8522377850323;9.947440142942227;EN PLACE
Quartier Saint-Martin - Oëstres;Rue André Missenard;11.0;182;3.25050289991447;49.8521822153227;9.947440142942227;EN PLACE
Quartier Saint-Martin - Oëstres;Rue André Missenard;11.0;126;3.25049805493372;49.8522505076861;9.947440142942227;EN PLACE
Quartier Saint-Martin - Oëstres;Rue André Missenard;11.0;152;3.25056431545038;49.8522538690044;9.947440142942227;EN PLACE
Quartier Saint-Martin - Oëstres;Rue André Missenard;11.0;199;3.25072772373453;49.8524623157695;9.947440142942227;EN PLACE
Quartier Saint-Martin - Oëstres;Rue André Missenard;11.0;139;3.25072397058852;49.8525306085001;9.947440142942227;EN PLACE
Quartier Saint-Martin - Oëstres;Rue André Missenard;11.0;125;3.25078662367743;49.8524918928228;9.947440142942227;EN PLACE
Quartier Saint-Martin - Oëstres;Rue André Missenard;4.0;34;3.25053426991204;49.8525013006993;9.947440142942227;EN PLACE
Quartier Saint-Martin - Oëstres;Rue André Missenard;4.0;31;3.25068131582673;49.8525971232557;9.947440142942227;EN PLACE
Quartier Saint-Martin - Oëstres;Rue André Missenard;4.0;36;3.25075214641014;49.8525782384855;9.947440142942227;EN PLACE
Quartier Saint-Martin - Oëstres;Rue André Missenard;4.0;37;3.25075263898636;49.8526395464105;9.947440142942227;EN PLACE
Quartier Saint-Martin - Oëstres;Rue André Missenard;4.0;34;3.25082025517298;49.852645507442;9.947440142942227;EN PLACE
Quartier Saint-Martin - Oëstres;Rue André Missenard;4.0;33;3.25079286226392;49.8526732926846;9.947440142942227;EN PLACE
Quartier Saint-Martin - Oëstres;Rue André Missenard;4.0;28;3.25085196188761;49.8526869237106;9.947440142942227;EN PLACE
Quartier Saint-Martin - Oëstres;Rue André Missenard;4.0;44;3.25084668429946;49.8527265309835;9.947440142942227;EN PLACE
Quartier Saint-Martin - Oëstres;Rue André Missenard;4.0;27;3.25101444360328;49.8529918239869;9.947440142942227;EN PLACE
Quartier Saint-Martin - Oëstres;Rue André Missenard;4.0;27;3.25106062211993;49.8530025723023;9.947440142942227;EN PLACE
Quartier Saint-Martin - Oëstres;Rue André Missenard;4.0;30;3.25110037175809;49.852954779173;9.947440142942227;EN PLACE
Quartier Saint-Martin - Oëstres;Rue André Missenard;4.0;29;3.25105848782051;49.8529509488764;9.947440142942227;EN PLACE
Quartier Saint-Martin - Oëstres;Rue André Missenard;4.0;30;3.25100206014649;49.8529386284536;9.947440142942227;EN PLACE
Quartier Saint-Martin - Oëstres;Rue André Missenard;4.0;36;3.25109806600559;49.8529177593951;9.947440142942227;EN PLACE
Quartier Saint-Martin - Oëstres;Rue André Missenard;4.0;38;3.2511388690135;49.8529312810598;9.947440142942227;EN PLACE
Quartier Saint-Martin - Oëstres;Rue André Missenard;4.0;36;3.25109930100264;49.852900405973;9.947440142942227;EN PLACE
Quartier Saint-Martin - Oëstres;Rue André Missenard;4.0;35;3.2509633465743;49.8528466762774;9.947440142942227;EN PLACE
Quartier Saint-Martin - Oëstres;Rue André Missenard;4.0;45;3.25104756912958;49.8528608945268;9.947440142942227;EN PLACE
Quartier Saint-Martin - Oëstres;Rue André Missenard;4.0;42;3.25110860875049;49.8528766861894;9.947440142942227;EN PLACE
Quartier Saint-Martin - Oëstres;Rue André Missenard;4.0;34;3.25115318422252;49.8528942886642;9.947440142942227;EN PLACE
Quartier Saint-Martin - Oëstres;Rue André Missenard;4.0;34;3.25101940122555;49.8528061998589;9.947440142942227;EN PLACE
Quartier Saint-Martin - Oëstres;Rue André Missenard;4.0;37;3.25108572147474;49.8528161912559;9.947440142942227;EN PLACE
Quartier Saint-Martin - Oëstres;Rue André Missenard;4.0;42;3.25116390106596;49.8528508352931;9.947440142942227;EN PLACE
Quartier Saint-Martin - Oëstres;Rue André Missenard;4.0;53;3.25123799004611;49.8528390601483;9.947440142942227;EN PLACE
Quartier Saint-Martin - Oëstres;Rue André Missenard;4.0;38;3.25115368490917;49.8527991949893;9.947440142942227;EN PLACE
Quartier Saint-Martin - Oëstres;Rue André Missenard;11.0;123;3.25111304756403;49.8527476386292;9.947440142942227;EN PLACE
Quartier Saint-Martin - Oëstres;Rue André Missenard;11.0;111;3.25103804581314;49.8527095228207;9.947440142942227;EN PLACE
Quartier Saint-Martin - Oëstres;Rue André Missenard;11.0;112;3.25114244636569;49.8526787237384;9.947440142942227;EN PLACE
Quartier Saint-Martin - Oëstres;Rue André Missenard;11.0;109;3.25105910111899;49.8526024466932;9.947440142942227;EN PLACE
Quartier Saint-Martin - Oëstres;Rue André Missenard;11.0;125;3.25117704696154;49.8525690464295;9.947440142942227;EN PLACE
Quartier Saint-Martin - Oëstres;Rue André Missenard;11.0;111;3.2510959089846;49.8524982848579;9.947440142942227;EN PLACE
Quartier Saint-Martin - Oëstres;Rue André Missenard;6.0;54;3.25153650767718;49.8523661927198;9.947440142942227;EN PLACE
Quartier Saint-Martin - Oëstres;Rue André Missenard;6.0;54;3.25148126967472;49.8522966543694;9.947440142942227;EN PLACE
Quartier Saint-Martin - Oëstres;Rue André Missenard;6.0;73;3.25162001468065;49.8523133779498;9.947440142942227;EN PLACE
Quartier Saint-Martin - Oëstres;Rue André Missenard;4.0;34;3.25195045480897;49.8520804462401;9.947440142942227;EN PLACE
Quartier Saint-Martin - Oëstres;Rue André Missenard;5.0;40;3.25202068503545;49.8520190773236;9.947440142942227;EN PLACE
Quartier Saint-Martin - Oëstres;Rue André Missenard;5.0;43;3.25191827649381;49.8519719009155;9.947440142942227;EN PLACE
Quartier Saint-Martin - Oëstres;Rue André Missenard;5.0;48;3.25108240809148;49.8517305456754;9.947440142942227;EN PLACE
Quartier Saint-Martin - Oëstres;Rue André Missenard;5.0;31;3.25097441512298;49.8517058692514;9.947440142942227;EN PLACE
Quartier Saint-Martin - Oëstres;Rue André Missenard;5.0;42;3.25069181601421;49.8515414152643;9.947440142942227;EN PLACE
Quartier Saint-Martin - Oëstres;Rue André Missenard;5.0;42;3.2506093228233;49.8515103160744;9.947440142942227;EN PLACE
Quartier Saint-Martin - Oëstres;Rue André Missenard;5.0;36;3.25070069939767;49.8514738235998;9.947440142942227;EN PLACE
Quartier du faubourg d'Isle;Zone industrielle St-Lazare (bassin);6.0;33;3.29792454477025;49.8333545059509;9.947440142942227;EN PLACE
Quartier du faubourg d'Isle;Zone industrielle St-Lazare (bassin);8.0;56;3.2978751898793;49.8334470824983;9.947440142942227;EN PLACE
Quartier du faubourg d'Isle;Zone industrielle St-Lazare (bassin);10.0;47;3.29782461992383;49.8334757137428;9.947440142942227;EN PLACE
Quartier du faubourg d'Isle;Zone industrielle St-Lazare (bassin);10.0;58;3.29778332088374;49.8335249512808;9.947440142942227;EN PLACE
Quartier du faubourg d'Isle;Zone industrielle St-Lazare (bassin);10.0;65;3.29774299747309;49.8335510283333;9.947440142942227;EN PLACE
Quartier du faubourg d'Isle;Zone industrielle St-Lazare (bassin);10.0;75;3.29773853569868;49.8335851904568;9.947440142942227;EN PLACE
Quartier du faubourg d'Isle;Zone industrielle St-Lazare (bassin);10.0;85;3.2978103349627;49.8336120367419;9.947440142942227;EN PLACE
Quartier du faubourg d'Isle;Zone industrielle St-Lazare (bassin);10.0;80;3.2978666678423;49.8336124970572;9.947440142942227;EN PLACE
Quartier du faubourg d'Isle;Zone industrielle St-Lazare (bassin);10.0;74;3.29795331381259;49.8336235828084;9.947440142942227;EN PLACE
Quartier du faubourg d'Isle;Zone industrielle St-Lazare (bassin);10.0;75;3.29801493541703;49.833617836;9.947440142942227;EN PLACE
Quartier du faubourg d'Isle;Zone industrielle St-Lazare (bassin);8.0;84;3.29811234423661;49.8336271285504;9.947440142942227;EN PLACE
Quartier du faubourg d'Isle;Zone industrielle St-Lazare (bassin);8.0;66;3.29822449863299;49.8336399672073;9.947440142942227;EN PLACE
Quartier du faubourg d'Isle;Zone industrielle St-Lazare (bassin);8.0;70;3.29830614369125;49.8336993440423;9.947440142942227;EN PLACE
Quartier du faubourg d'Isle;Zone industrielle St-Lazare (bassin);8.0;66;3.2983840209905;49.8336970063163;9.947440142942227;EN PLACE
Quartier du faubourg d'Isle;Zone industrielle St-Lazare (bassin);8.0;67;3.29846422848389;49.8337158058131;9.947440142942227;EN PLACE
Quartier du faubourg d'Isle;Zone industrielle St-Lazare (bassin);10.0;73;3.29852385911233;49.8337218513799;9.947440142942227;EN PLACE
Quartier du faubourg d'Isle;Zone industrielle St-Lazare (bassin);7.0;48;3.29900775920438;49.8336379132267;9.947440142942227;EN PLACE
Quartier du faubourg d'Isle;Zone industrielle St-Lazare (bassin);7.0;47;3.29899955810214;49.8335913052555;9.947440142942227;EN PLACE
Quartier du faubourg d'Isle;Zone industrielle St-Lazare (bassin);7.0;39;3.29897949723574;49.8335427828274;9.947440142942227;EN PLACE
Quartier du faubourg d'Isle;Zone industrielle St-Lazare (bassin);7.0;45;3.2989480060022;49.8335053362648;9.947440142942227;EN PLACE
Quartier du faubourg d'Isle;Zone industrielle St-Lazare (bassin);7.0;54;3.29892481275162;49.8334534746026;9.947440142942227;EN PLACE
Quartier du faubourg d'Isle;Zone industrielle St-Lazare (bassin);7.0;59;3.29893261304077;49.8333933903091;9.947440142942227;EN PLACE
Quartier du faubourg d'Isle;Zone industrielle St-Lazare (bassin);7.0;50;3.29890925176901;49.8333328675214;9.947440142942227;EN PLACE
Quartier du faubourg d'Isle;Zone industrielle St-Lazare (bassin);7.0;55;3.29888443544338;49.8332730595898;9.947440142942227;EN PLACE
Quartier du faubourg d'Isle;Zone industrielle St-Lazare (bassin);7.0;60;3.29890205098011;49.8332087516855;9.947440142942227;EN PLACE
Quartier du faubourg d'Isle;Zone industrielle St-Lazare (bassin);7.0;61;3.29889359714043;49.8331427444151;9.947440142942227;EN PLACE
Quartier du faubourg d'Isle;Zone industrielle St-Lazare (bassin);7.0;54;3.29887824483982;49.8331150825586;9.947440142942227;EN PLACE
Quartier du faubourg d'Isle;Zone industrielle St-Lazare (bassin);7.0;48;3.29886345969085;49.8330643601513;9.947440142942227;EN PLACE
Quartier du faubourg d'Isle;Zone industrielle St-Lazare (bassin);7.0;50;3.29886043540374;49.8330121054637;9.947440142942227;EN PLACE
Quartier du faubourg d'Isle;Zone industrielle St-Lazare;9.0;73;3.30128105908038;49.8315571518303;9.947440142942227;EN PLACE
Quartier du faubourg d'Isle;Zone industrielle St-Lazare;9.0;59;3.30125747434867;49.8316503901759;9.947440142942227;EN PLACE
Quartier du faubourg d'Isle;Zone industrielle St-Lazare;7.0;42;3.30125489708264;49.8317651979105;9.947440142942227;EN PLACE
Quartier du faubourg d'Isle;Zone industrielle St-Lazare;7.0;56;3.30124838972546;49.8318934755709;9.947440142942227;EN PLACE
Quartier du faubourg d'Isle;Zone industrielle St-Lazare;7.0;62;3.30122906698475;49.831998382659;9.947440142942227;EN PLACE
Quartier du faubourg d'Isle;Zone industrielle St-Lazare;7.0;50;3.30121389722147;49.8321048668222;9.947440142942227;EN PLACE
Quartier du faubourg d'Isle;Zone industrielle St-Lazare;7.0;56;3.30120148182939;49.8322062983795;9.947440142942227;EN PLACE
Quartier du faubourg d'Isle;Zone industrielle St-Lazare;7.0;55;3.30118552818646;49.8323026125657;9.947440142942227;EN PLACE
Quartier du faubourg d'Isle;Zone industrielle St-Lazare;7.0;46;3.30112293696234;49.8324049055935;9.947440142942227;EN PLACE
Quartier du faubourg d'Isle;Zone industrielle St-Lazare;7.0;40;3.30100993591134;49.8324826279837;9.947440142942227;EN PLACE
Quartier du faubourg d'Isle;Zone industrielle St-Lazare;7.0;40;3.30086272152282;49.8325214133384;9.947440142942227;EN PLACE
Quartier du faubourg d'Isle;Zone industrielle St-Lazare;7.0;40;3.30072993672616;49.8325476214341;9.947440142942227;EN PLACE
Quartier du faubourg d'Isle;Zone industrielle St-Lazare;8.0;49;3.30035571314279;49.8326091054044;9.947440142942227;EN PLACE
Quartier du faubourg d'Isle;Zone industrielle St-Lazare;11.0;73;3.30020297479416;49.8326379820294;9.947440142942227;EN PLACE
Quartier du faubourg d'Isle;Zone industrielle St-Lazare;9.0;66;3.29648305946069;49.8328944055551;9.947440142942227;EN PLACE
Quartier du faubourg d'Isle;Zone industrielle St-Lazare;9.0;57;3.29640318977459;49.8328849360978;9.947440142942227;EN PLACE
Quartier du faubourg d'Isle;Zone industrielle St-Lazare;9.0;67;3.29632769742478;49.8328649284351;9.947440142942227;EN PLACE
Quartier du faubourg d'Isle;Zone industrielle St-Lazare;9.0;64;3.29625366754598;49.832844720138;9.947440142942227;EN PLACE
Quartier du faubourg d'Isle;Zone industrielle St-Lazare;9.0;50;3.29621001306207;49.8329124207899;9.947440142942227;EN PLACE
Quartier du faubourg d'Isle;Zone industrielle St-Lazare;9.0;51;3.29636091355031;49.8329564282585;9.947440142942227;EN PLACE
Quartier du faubourg d'Isle;Zone industrielle St-Lazare;9.0;70;3.29652815950435;49.8330000903543;9.947440142942227;EN PLACE
Quartier du faubourg d'Isle;Zone industrielle St-Lazare;9.0;66;3.29666279791305;49.8330571901803;9.947440142942227;EN PLACE
Quartier du faubourg d'Isle;Zone industrielle St-Lazare;9.0;74;3.29682261372658;49.8330930290319;9.947440142942227;EN PLACE
Quartier du faubourg d'Isle;Zone industrielle St-Lazare;9.0;83;3.29692889075515;49.8332547439155;9.947440142942227;EN PLACE
Quartier du faubourg d'Isle;Zone industrielle St-Lazare;9.0;82;3.2968547293474;49.8333490289688;9.947440142942227;EN PLACE
Quartier du faubourg d'Isle;Zone industrielle St-Lazare;6.0;71;3.29682142015323;49.8334396207145;9.947440142942227;EN PLACE
Quartier du faubourg d'Isle;Zone industrielle St-Lazare;13.0;70;3.29684066738186;49.8336712131091;9.947440142942227;EN PLACE
Quartier du faubourg d'Isle;Zone industrielle St-Lazare;13.0;79;3.29681828177445;49.8337010978437;9.947440142942227;EN PLACE
Quartier du faubourg d'Isle;Zone industrielle St-Lazare;13.0;70;3.29674382890492;49.8337666208115;9.947440142942227;EN PLACE
Quartier du faubourg d'Isle;Zone industrielle St-Lazare;13.0;75;3.29671725841586;49.833805320602;9.947440142942227;EN PLACE
Quartier du faubourg d'Isle;Zone industrielle St-Lazare;13.0;76;3.29665147459109;49.833892704714;9.947440142942227;EN PLACE
Quartier du faubourg d'Isle;Zone industrielle St-Lazare;13.0;90;3.29661230273148;49.8339243301572;9.947440142942227;EN PLACE
Quartier du faubourg d'Isle;Zone industrielle St-Lazare;13.0;77;3.29655663656241;49.8340030181058;9.947440142942227;EN PLACE
Quartier du faubourg d'Isle;Zone industrielle St-Lazare;13.0;98;3.29651738779173;49.83404310836;9.947440142942227;EN PLACE
Quartier du faubourg d'Isle;Zone industrielle St-Lazare;11.0;114;3.29655433835547;49.8340530979609;9.947440142942227;EN PLACE
Quartier du faubourg d'Isle;Zone industrielle St-Lazare;11.0;70;3.29658453284447;49.8340183179469;9.947440142942227;EN PLACE
Quartier du faubourg d'Isle;Zone industrielle St-Lazare;11.0;72;3.29665000751103;49.8339259583616;9.947440142942227;EN PLACE
Quartier du faubourg d'Isle;Zone industrielle St-Lazare;11.0;75;3.29674542815462;49.8337984893494;9.947440142942227;EN PLACE
Quartier du faubourg d'Isle;Zone industrielle St-Lazare;11.0;80;3.29677712166969;49.8337624818703;9.947440142942227;EN PLACE
Quartier du faubourg d'Isle;Zone industrielle St-Lazare;11.0;69;3.29687097382849;49.8336883597513;9.947440142942227;EN PLACE
Quartier du faubourg d'Isle;Zone industrielle St-Lazare;11.0;104;3.29687879666302;49.8336621593309;9.947440142942227;EN PLACE
Quartier du faubourg d'Isle;Zone industrielle St-Lazare;9.0;91;3.29678442076242;49.8341548671767;9.947440142942227;EN PLACE
Quartier du faubourg d'Isle;Zone industrielle St-Lazare;9.0;66;3.29674049090542;49.8341299214497;9.947440142942227;EN PLACE
Quartier du faubourg d'Isle;Zone industrielle St-Lazare;9.0;80;3.29678709011436;49.8340804515223;9.947440142942227;EN PLACE
Quartier du faubourg d'Isle;Zone industrielle St-Lazare;9.0;75;3.29694298249307;49.8338857280768;9.947440142942227;EN PLACE
Quartier du faubourg d'Isle;Zone industrielle St-Lazare;9.0;72;3.29697452815802;49.8338457434776;9.947440142942227;EN PLACE
Quartier du faubourg d'Isle;Zone industrielle St-Lazare;9.0;67;3.29704666697534;49.833767197941;9.947440142942227;EN PLACE
Quartier du faubourg d'Isle;Zone industrielle St-Lazare;11.0;81;3.2970853753634;49.8337376062979;9.947440142942227;EN PLACE
Quartier du faubourg d'Isle;Zone industrielle St-Lazare;9.0;72;3.29720874342651;49.8336171435518;9.947440142942227;EN PLACE
Quartier du faubourg d'Isle;Zone industrielle St-Lazare;9.0;71;3.29727739746135;49.8335111439933;9.947440142942227;EN PLACE
Quartier du faubourg d'Isle;Zone industrielle St-Lazare;7.0;63;3.29738282047472;49.8334020052134;9.947440142942227;EN PLACE
Quartier du faubourg d'Isle;Zone industrielle St-Lazare;9.0;68;3.29750819717953;49.8333228902223;9.947440142942227;EN PLACE
Quartier du faubourg d'Isle;Zone industrielle St-Lazare;9.0;69;3.2976472744864;49.8332327906924;9.947440142942227;EN PLACE
Quartier du faubourg d'Isle;Zone industrielle St-Lazare;10.0;70;3.29807754363861;49.8330599898564;9.947440142942227;EN PLACE
Quartier du faubourg d'Isle;Zone industrielle St-Lazare;10.0;65;3.29823097453408;49.8330334976588;9.947440142942227;EN PLACE
Quartier du faubourg d'Isle;Zone industrielle St-Lazare;10.0;73;3.298390928215;49.8330030975426;9.947440142942227;EN PLACE
Quartier du faubourg d'Isle;Zone industrielle St-Lazare;10.0;74;3.29855186597467;49.8329816439528;9.947440142942227;EN PLACE
Quartier du faubourg d'Isle;Zone industrielle St-Lazare;10.0;74;3.2987383051087;49.8329601899665;9.947440142942227;EN PLACE
Quartier du faubourg d'Isle;Zone industrielle St-Lazare;10.0;61;3.29889702827755;49.8329451131815;9.947440142942227;EN PLACE
Quartier du faubourg d'Isle;Zone industrielle St-Lazare;10.0;67;3.29906927334844;49.8329232749546;9.947440142942227;EN PLACE
Quartier du faubourg d'Isle;Zone industrielle St-Lazare;10.0;67;3.29924836723594;49.8329088443535;9.947440142942227;EN PLACE
Quartier du faubourg d'Isle;Zone industrielle St-Lazare;10.0;64;3.29940187449635;49.8328822901889;9.947440142942227;EN PLACE
Quartier du faubourg d'Isle;Zone industrielle St-Lazare;10.0;64;3.29957402723551;49.8328513134027;9.947440142942227;EN PLACE
Quartier du faubourg d'Isle;Zone industrielle St-Lazare;10.0;58;3.29975132822192;49.8328196669002;9.947440142942227;EN PLACE
Quartier du faubourg d'Isle;Zone industrielle St-Lazare;10.0;65;3.29991519794665;49.8327859821172;9.947440142942227;EN PLACE
Quartier du faubourg d'Isle;Zone industrielle St-Lazare;10.0;75;3.30009030644266;49.8327590976334;9.947440142942227;EN PLACE
Quartier du faubourg d'Isle;Zone industrielle St-Lazare;10.0;76;3.30027988236628;49.8327262438706;9.947440142942227;EN PLACE
Quartier du faubourg d'Isle;Zone industrielle St-Lazare;8.0;60;3.30124165056044;49.8330379748725;9.947440142942227;EN PLACE
Quartier du faubourg d'Isle;Zone industrielle St-Lazare;9.0;63;3.3012975363367;49.8327307599305;9.947440142942227;EN PLACE
Quartier du faubourg d'Isle;Zone industrielle St-Lazare;9.0;57;3.3012948433833;49.8326434446663;9.947440142942227;EN PLACE
Quartier du faubourg d'Isle;Zone industrielle St-Lazare;11.0;74;3.30130217367733;49.8325711368634;9.947440142942227;EN PLACE
Quartier du faubourg d'Isle;Zone industrielle St-Lazare;11.0;75;3.30130512115443;49.8324792983228;9.947440142942227;EN PLACE
Quartier du faubourg d'Isle;Zone industrielle St-Lazare;11.0;83;3.30129041980205;49.8323852978924;9.947440142942227;EN PLACE
Quartier du faubourg d'Isle;Giratoire Camille Guerin;7.0;45;3.29688220474901;49.8342276828832;9.947440142942227;EN PLACE
Quartier du faubourg d'Isle;Giratoire Camille Guerin;11.0;79;3.29694033578868;49.8342325444902;9.947440142942227;EN PLACE
Quartier du faubourg d'Isle;Giratoire Camille Guerin;8.0;79;3.29696985178121;49.8342207442712;9.947440142942227;EN PLACE
Quartier du faubourg d'Isle;Giratoire Camille Guerin;7.0;64;3.29701583553434;49.8342795819725;9.947440142942227;EN PLACE
Quartier du faubourg d'Isle;Giratoire Camille Guerin;11.0;87;3.29706619778192;49.8343257668906;9.947440142942227;EN PLACE
Quartier du faubourg d'Isle;Giratoire Camille Guerin;11.0;72;3.2971409966487;49.8343189586676;9.947440142942227;EN PLACE
Quartier du faubourg d'Isle;Giratoire Camille Guerin;11.0;48;3.29712590572889;49.8343210665081;9.947440142942227;EN PLACE
Quartier du faubourg d'Isle;Giratoire Camille Guerin;8.0;65;3.29712066664241;49.8343504367757;9.947440142942227;EN PLACE
Quartier du faubourg d'Isle;Giratoire Camille Guerin;11.0;78;3.29712101215933;49.8343827283359;9.947440142942227;EN PLACE
Quartier du faubourg d'Isle;Giratoire Camille Guerin;8.0;78;3.29722353588777;49.8344434205186;9.947440142942227;EN PLACE
Quartier du faubourg d'Isle;Giratoire Camille Guerin;8.0;68;3.29726711263292;49.834393421322;9.947440142942227;EN PLACE
Quartier du faubourg d'Isle;Giratoire Camille Guerin;15.0;120;3.29675075196631;49.8347212746322;9.947440142942227;EN PLACE
Quartier du faubourg d'Isle;Giratoire Camille Guerin;15.0;110;3.29661435188604;49.8347631128257;9.947440142942227;EN PLACE
Quartier du faubourg d'Isle;Giratoire Camille Guerin;15.0;106;3.29646834456622;49.8348165819881;9.947440142942227;EN PLACE
Quartier du faubourg d'Isle;Giratoire Camille Guerin;15.0;89;3.29631672890374;49.8348588745299;9.947440142942227;EN PLACE
Quartier du faubourg d'Isle;Giratoire Camille Guerin;15.0;87;3.29617522073958;49.8349363593352;9.947440142942227;EN PLACE
Quartier du faubourg d'Isle;Giratoire Camille Guerin;15.0;109;3.29625902079907;49.8348343742838;9.947440142942227;EN PLACE
Quartier du faubourg d'Isle;Giratoire Camille Guerin;15.0;125;3.29656165145365;49.8346975669836;9.947440142942227;EN PLACE
Quartier du faubourg d'Isle;Giratoire Camille Guerin;14.0;71;3.29554028245037;49.8349981590736;9.947440142942227;EN PLACE
Quartier du faubourg d'Isle;Giratoire Camille Guerin;11.0;65;3.29576052081135;49.8350390905109;9.947440142942227;EN PLACE
Quartier du faubourg d'Isle;Giratoire Camille Guerin;9.0;61;3.29585789011181;49.8349966747187;9.947440142942227;EN PLACE
Quartier du faubourg d'Isle;Giratoire Camille Guerin;11.0;80;3.29589315178982;49.8348995359346;9.947440142942227;EN PLACE
Quartier du faubourg d'Isle;Giratoire Camille Guerin;11.0;69;3.29593845112147;49.8348636049853;9.947440142942227;EN PLACE
Quartier du faubourg d'Isle;Giratoire Camille Guerin;11.0;70;3.2959599818289;49.8348222362049;9.947440142942227;EN PLACE
Quartier du faubourg d'Isle;Giratoire Camille Guerin;10.0;77;3.29599676651756;49.834496109305;9.947440142942227;EN PLACE
Quartier du faubourg d'Isle;Giratoire Camille Guerin;10.0;74;3.29599011174895;49.8344493902596;9.947440142942227;EN PLACE
Quartier du faubourg d'Isle;Giratoire Camille Guerin;10.0;64;3.29593541215659;49.8344140360064;9.947440142942227;EN PLACE
Quartier du faubourg d'Isle;Giratoire Camille Guerin;10.0;65;3.29583806912909;49.8343136487362;9.947440142942227;EN PLACE
Quartier du faubourg d'Isle;Giratoire Camille Guerin;10.0;103;3.29576727995778;49.8342244147376;9.947440142942227;EN PLACE
Quartier du faubourg d'Isle;Giratoire Camille Guerin;10.0;82;3.29572924062279;49.8341711936385;9.947440142942227;EN PLACE
Quartier du faubourg d'Isle;Giratoire Camille Guerin;7.0;40;3.29523789439728;49.8340343098566;9.947440142942227;EN PLACE
Quartier du faubourg d'Isle;Giratoire Camille Guerin;10.0;59;3.29518272413376;49.8340134438854;9.947440142942227;EN PLACE
Quartier du faubourg d'Isle;Giratoire Camille Guerin;12.0;85;3.29506015205342;49.8339802980705;9.947440142942227;EN PLACE
Quartier du faubourg d'Isle;Giratoire Camille Guerin;12.0;79;3.29524596750162;49.8339677438249;9.947440142942227;EN PLACE
Quartier du faubourg d'Isle;Giratoire Camille Guerin;12.0;79;3.29513968258094;49.8339386388526;9.947440142942227;EN PLACE
Quartier du faubourg d'Isle;Giratoire Camille Guerin;12.0;73;3.29507660654939;49.8339101902595;9.947440142942227;EN PLACE
Quartier du faubourg d'Isle;Giratoire Camille Guerin;8.0;69;3.29519355148265;49.8338836283506;9.947440142942227;EN PLACE
Quartier du faubourg d'Isle;Giratoire Camille Guerin;12.0;63;3.29512390620691;49.8338849740722;9.947440142942227;EN PLACE
Quartier du faubourg d'Isle;Giratoire Camille Guerin;6.0;30;3.29521209050702;49.8338696651709;9.947440142942227;EN PLACE
Quartier du faubourg d'Isle;Giratoire Camille Guerin;12.0;59;3.29514411070664;49.8338382161975;9.947440142942227;EN PLACE
Quartier du faubourg d'Isle;Giratoire Camille Guerin;10.0;47;3.2952294484661;49.8338490689968;9.947440142942227;EN PLACE
Quartier du faubourg d'Isle;Giratoire Camille Guerin;8.0;40;3.29517697456263;49.8338091739265;9.947440142942227;EN PLACE
Quartier du faubourg d'Isle;Giratoire Camille Guerin;12.0;70;3.29512966891409;49.8337702422157;9.947440142942227;EN PLACE
Quartier du faubourg d'Isle;Giratoire Camille Guerin;12.0;68;3.29590472861278;49.8339525980227;9.947440142942227;EN PLACE
Quartier du faubourg d'Isle;Giratoire Camille Guerin;10.0;71;3.29598555919852;49.8339701668258;9.947440142942227;EN PLACE
Quartier du faubourg d'Isle;Giratoire Camille Guerin;8.0;75;3.29603663748613;49.8340009207145;9.947440142942227;EN PLACE
Quartier du faubourg d'Isle;Giratoire Camille Guerin;10.0;78;3.2961020208029;49.8340216355504;9.947440142942227;EN PLACE
Quartier du faubourg d'Isle;Giratoire Camille Guerin;10.0;73;3.29616521305607;49.8340369669129;9.947440142942227;EN PLACE
Quartier du faubourg d'Isle;Giratoire Camille Guerin;10.0;95;3.29623022930881;49.8340207824829;9.947440142942227;EN PLACE
Quartier du faubourg d'Isle;Giratoire Camille Guerin;10.0;74;3.29630383546148;49.8340527129044;9.947440142942227;EN PLACE
Quartier du faubourg d'Isle;Centre technique de l'Agglomération;5.0;20;3.31166182775251;49.82889825165;9.947440142942227;EN PLACE
Quartier du faubourg d'Isle;Centre technique de l'Agglomération;5.0;20;3.31152659765549;49.828849629766;9.947440142942227;EN PLACE
Quartier du faubourg d'Isle;Centre technique de l'Agglomération;5.0;17;3.31139095909942;49.8287996746006;9.947440142942227;EN PLACE
Quartier du faubourg d'Isle;Centre technique de l'Agglomération;5.0;22;3.31123723619827;49.8287361140737;9.947440142942227;EN PLACE
Quartier du faubourg d'Isle;Centre technique de l'Agglomération;5.0;22;3.31136536638565;49.8286299760755;9.947440142942227;EN PLACE
Quartier du faubourg d'Isle;Centre technique de l'Agglomération;5.0;19;3.31151828152473;49.8286727063968;9.947440142942227;EN PLACE
Quartier du faubourg d'Isle;Centre technique de l'Agglomération;5.0;43;3.31167279748054;49.8287276145684;9.947440142942227;EN PLACE
Quartier du faubourg d'Isle;Centre technique de l'Agglomération;5.0;60;3.31183164221563;49.8288033908679;9.947440142942227;EN PLACE
Quartier du faubourg d'Isle;Centre technique de l'Agglomération;5.0;18;3.31202759605094;49.8287150900264;9.947440142942227;EN PLACE
Quartier du faubourg d'Isle;Centre technique de l'Agglomération;5.0;18;3.31189214382672;49.8286400061353;9.947440142942227;EN PLACE
Quartier du faubourg d'Isle;Centre technique de l'Agglomération;5.0;36;3.31174492019472;49.828589451921;9.947440142942227;EN PLACE
Quartier du faubourg d'Isle;Centre technique de l'Agglomération;6.0;57;3.31220325129222;49.8285895056735;9.947440142942227;EN PLACE
Quartier du faubourg d'Isle;Avenue Léo Lagrange;3.5;20;3.29869809798877;49.8413184638956;12.082191780821917;EN PLACE
Quartier du faubourg d'Isle;Avenue Léo Lagrange;3.5;20;3.29876427543354;49.8413593761091;12.082191780821917;EN PLACE
Quartier du faubourg d'Isle;Avenue Léo Lagrange;3.5;20;3.29883223066778;49.8414022814645;12.082191780821917;EN PLACE
Quartier du faubourg d'Isle;Avenue Léo Lagrange;3.5;20;3.29923124733896;49.8415663148364;12.082191780821917;EN PLACE
Quartier du faubourg d'Isle;Avenue Léo Lagrange;3.5;20;3.29955176008671;49.841617728107;12.082191780821917;EN PLACE
Quartier du faubourg d'Isle;Avenue Léo Lagrange;3.5;20;3.29963938587965;49.8416304913492;12.082191780821917;EN PLACE
Quartier du faubourg d'Isle;Avenue Léo Lagrange;3.5;20;3.30097496174836;49.841832061434;12.082191780821917;EN PLACE
Quartier du faubourg d'Isle;Avenue Léo Lagrange;3.5;20;3.30106325089869;49.8418449648634;12.082191780821917;EN PLACE
Quartier du faubourg d'Isle;Avenue Léo Lagrange;3.5;20;3.30121069687544;49.8418670396707;12.082191780821917;EN PLACE
Quartier du faubourg d'Isle;Avenue Léo Lagrange;3.5;20;3.30146762734023;49.8419044875561;12.082191780821917;EN PLACE
Quartier du faubourg d'Isle;Avenue Léo Lagrange;3.5;20;3.30097043158963;49.8417416647507;12.082191780821917;EN PLACE
Quartier du faubourg d'Isle;Avenue Léo Lagrange;3.5;20;3.30148463913599;49.8418197877365;12.082191780821917;EN PLACE
Quartier du faubourg d'Isle;Avenue Léo Lagrange;3.5;20;3.30021482277779;49.8416301431092;12.082191780821917;EN PLACE
Quartier du faubourg d'Isle;Avenue Léo Lagrange;3.5;20;3.29980796728442;49.8415717651369;12.082191780821917;EN PLACE
Quartier du faubourg d'Isle;Avenue Léo Lagrange;3.5;20;3.29922378272281;49.8414781651156;12.082191780821917;EN PLACE
Quartier du faubourg d'Isle;Avenue Léo Lagrange;3.5;20;3.29898095125692;49.8414920530415;9.413698630136986;EN PLACE
Quartier du faubourg d'Isle;Avenue Léo Lagrange;3.5;20;3.29973429802599;49.8416446636242;9.413698630136986;EN PLACE
Quartier du faubourg d'Isle;Avenue Léo Lagrange;3.5;20;3.30070980124699;49.8417933514986;9.413698630136986;EN PLACE
Quartier du faubourg d'Isle;Avenue Léo Lagrange;3.5;20;3.30079809258804;49.8418066354228;9.413698630136986;EN PLACE
Quartier du faubourg d'Isle;Avenue Léo Lagrange;3.5;20;3.30088108221522;49.841818410766;9.413698630136986;EN PLACE
Quartier du faubourg d'Isle;Avenue Léo Lagrange;3.5;20;3.30129456691771;49.8418786227616;9.413698630136986;EN PLACE
Quartier du faubourg d'Isle;Avenue Léo Lagrange;3.5;20;3.30137667891177;49.8418909709086;9.413698630136986;EN PLACE
Quartier du faubourg d'Isle;Avenue Léo Lagrange;3.5;20;3.30155561198999;49.8419173410502;9.413698630136986;EN PLACE
Quartier du faubourg d'Isle;Avenue Léo Lagrange;3.5;20;3.30083468407398;49.8417210817658;9.413698630136986;EN PLACE
Quartier du faubourg d'Isle;Avenue Léo Lagrange;3.5;20;3.29915063843167;49.8414463738718;9.413698630136986;EN PLACE
Quartier du faubourg d'Isle;Avenue Léo Lagrange;3.5;20;3.29908296929213;49.8414082698369;9.413698630136986;EN PLACE
Quartier Remicourt;Boulevard Roosevelt;3.5;20;3.29448680308507;49.8533385344966;9.413698630136986;EN PLACE
Quartier Remicourt;Boulevard Roosevelt;3.5;20;3.29502724727391;49.8533331895776;9.413698630136986;EN PLACE
Quartier Remicourt;Boulevard Roosevelt;3.5;20;3.29484518661004;49.8533420422496;9.413698630136986;EN PLACE
Quartier Remicourt;Boulevard Roosevelt;3.5;20;3.29465754350871;49.8533438169227;9.413698630136986;EN PLACE
Quartier Remicourt;Boulevard Roosevelt;3.5;20;3.29431349553765;49.8533397053621;9.413698630136986;EN PLACE
Quartier Remicourt;Boulevard Roosevelt;3.5;20;3.29396032506971;49.8533424475324;9.413698630136986;EN PLACE
Quartier Remicourt;Boulevard Roosevelt;3.5;20;3.29378152938948;49.8533441366202;9.413698630136986;EN PLACE
Quartier Remicourt;Boulevard Roosevelt;3.5;20;3.29357438761345;49.8533451150365;9.413698630136986;EN PLACE
Quartier Remicourt;Boulevard Roosevelt;3.5;20;3.29340441016521;49.8533467194666;9.413698630136986;EN PLACE
Quartier Remicourt;Boulevard Roosevelt;3.5;20;3.29413470048453;49.8533407998134;9.413698630136986;EN PLACE
Quartier Remicourt;Boulevard Roosevelt;3.5;20;3.29330474654161;49.8532529446688;9.413698630136986;EN PLACE
Quartier Remicourt;Boulevard Roosevelt;3.5;20;3.29360826832211;49.853250568678;9.413698630136986;EN PLACE
Quartier Remicourt;Boulevard Roosevelt;3.5;20;3.2938296225813;49.8532514947903;9.413698630136986;EN PLACE
Quartier Remicourt;Boulevard Roosevelt;3.5;20;3.29415299146202;49.8532484383857;9.413698630136986;EN PLACE
Quartier Remicourt;Boulevard Roosevelt;3.5;20;3.29431576625549;49.8532481015075;9.413698630136986;EN PLACE
Quartier Remicourt;Boulevard Roosevelt;3.5;20;3.29464135703572;49.8532450247025;9.413698630136986;EN PLACE
Quartier Remicourt;Boulevard Roosevelt;3.5;20;3.29480065920731;49.8532418332831;9.413698630136986;EN PLACE
Quartier Remicourt;Boulevard Roosevelt;3.5;20;3.29495517860471;49.8532403726506;9.413698630136986;EN PLACE
Quartier Remicourt;Boulevard Roosevelt;3.5;20;3.2951317602501;49.8532391620395;9.413698630136986;EN PLACE
Quartier Remicourt;Boulevard Roosevelt;3.5;20;3.29526474378733;49.8532237137272;9.413698630136986;EN PLACE
Quartier Remicourt;Square Marché Franc;4.0;25;3.2956362893348;49.8447972303402;8.41095890410959;EN PLACE
Quartier Remicourt;Parc des Champs-Elysées;3.5;20;3.29529456456681;49.8481491486444;8.41095890410959;EN PLACE
Quartier Remicourt;Rue de Baudreuil;3.5;20;3.28975528218265;49.8518950970898;8.41095890410959;EN PLACE
Quartier du Centre-Ville;Boulevard Léon Blum;3.5;20;3.29062912710375;49.8406810117432;8.41095890410959;EN PLACE
Quartier Remicourt;Avenue du Général de Gaulle;3.5;20;3.29577874647805;49.842099431781;8.41095890410959;EN PLACE
Quartier du faubourg d'Isle;Avenue des Fusillés de Fontaine Notre Dame;7.0;95;3.31480828952576;49.8393581127513;8.41095890410959;EN PLACE
Quartier du faubourg d'Isle;Parvis Gare;7.0;34;3.29968758875631;49.840972382364;9.32876712328767;EN PLACE
Quartier du faubourg d'Isle;Parvis Gare;7.0;35;3.29961823448319;49.8409351127628;9.32876712328767;EN PLACE
Quartier du faubourg d'Isle;Parvis Gare;6.0;24;3.29963634237332;49.8408792054004;9.32876712328767;EN PLACE
Quartier du faubourg d'Isle;Parvis Gare;6.0;27;3.29960647987695;49.8408550511237;9.32876712328767;EN PLACE
Quartier du faubourg d'Isle;Parvis Gare;6.0;26;3.29952251140382;49.8408105741585;9.32876712328767;EN PLACE
Quartier du faubourg d'Isle;Parvis Gare;7.0;33;3.29931626497641;49.8408655894235;9.32876712328767;EN PLACE
Quartier du faubourg d'Isle;Parvis Gare;6.0;30;3.29937892627582;49.8409098745371;9.32876712328767;EN PLACE
Quartier du faubourg d'Isle;Parvis Gare;5.0;26;3.29940769565698;49.840966112728;9.32876712328767;EN PLACE
Quartier du faubourg d'Isle;Parvis Gare;5.0;30;3.29934025792377;49.841101551511;9.32876712328767;EN PLACE
Quartier du faubourg d'Isle;Parvis Gare;6.0;26;3.29924781924343;49.8410283971396;9.32876712328767;EN PLACE
Quartier du faubourg d'Isle;Parvis Gare;6.0;32;3.29917963489454;49.8409816320495;9.32876712328767;EN PLACE
Quartier du faubourg d'Isle;Parvis Gare;6.0;33;3.29912003512377;49.8409410404494;9.32876712328767;EN PLACE
Quartier du faubourg d'Isle;Parvis Gare;6.0;28;3.29907321943832;49.8409040817054;9.32876712328767;EN PLACE
Quartier du faubourg d'Isle;Parvis Gare;7.0;35;3.29902656526091;49.840863043507;9.32876712328767;EN PLACE
Quartier du faubourg d'Isle;Parvis Gare;7.0;36;3.29888962730279;49.8407655819968;9.32876712328767;EN PLACE
Quartier du faubourg d'Isle;Parvis Gare;7.0;40;3.29881761932865;49.8407071746427;9.32876712328767;EN PLACE
Quartier du faubourg d'Isle;Parvis Gare;6.0;32;3.29869699018508;49.8407851764139;9.32876712328767;EN PLACE
Quartier du faubourg d'Isle;Parvis Gare;6.0;26;3.29875478466981;49.8408369139455;9.32876712328767;EN PLACE
Quartier du faubourg d'Isle;Parvis Gare;7.0;27;3.29882443429832;49.8408972594135;9.32876712328767;EN PLACE
Quartier du faubourg d'Isle;Parvis Gare;7.0;29;3.29893126444381;49.8409772282898;9.32876712328767;EN PLACE
Quartier du faubourg d'Isle;Parvis Gare;7.0;27;3.29902856834728;49.8410472112291;9.32876712328767;EN PLACE
Quartier du faubourg d'Isle;Parvis Gare;6.0;26;3.29907776274244;49.8410917007268;9.32876712328767;EN PLACE
Quartier du faubourg d'Isle;Parvis Gare;6.0;26;3.29914942720997;49.8411378510405;9.32876712328767;EN PLACE
Quartier du faubourg d'Isle;Parvis Gare;6.0;29;3.29897603267896;49.8412696927321;9.32876712328767;EN PLACE
Quartier du faubourg d'Isle;Parvis Gare;5.0;30;3.29892448231192;49.8412314477536;9.32876712328767;EN PLACE
Quartier du faubourg d'Isle;Parvis Gare;5.0;31;3.29887284036125;49.8411975562211;9.32876712328767;EN PLACE
Quartier du faubourg d'Isle;Parvis Gare;5.0;30;3.29883330186808;49.8411621333271;9.32876712328767;EN PLACE
Quartier du faubourg d'Isle;Parvis Gare;6.0;28;3.29878486315412;49.8411218637788;9.32876712328767;EN PLACE
Quartier du faubourg d'Isle;Parvis Gare;6.0;35;3.2987341928926;49.841080846479;9.32876712328767;EN PLACE
Quartier du faubourg d'Isle;Parvis Gare;5.0;29;3.29869316087153;49.8410475994601;9.32876712328767;EN PLACE
Quartier du faubourg d'Isle;Parvis Gare;6.0;24;3.29865727671672;49.8410175453681;9.32876712328767;EN PLACE
Quartier du faubourg d'Isle;Parvis Gare;6.0;25;3.29862331651673;49.8409909027886;9.32876712328767;EN PLACE
Quartier du faubourg d'Isle;Parvis Gare;6.0;30;3.29857792409783;49.840957273034;9.32876712328767;EN PLACE
Quartier du faubourg d'Isle;Parvis Gare;5.0;23;3.29852446465624;49.8409145203628;9.32876712328767;EN PLACE
Quartier du faubourg d'Isle;Parvis Gare;6.0;26;3.29848005020833;49.8408864667342;9.32876712328767;EN PLACE
Quartier du faubourg d'Isle;Parvis Gare;6.0;30;3.29845591869091;49.8408625565223;9.32876712328767;EN PLACE
Quartier du faubourg d'Isle;Parvis Gare;5.0;26;3.29842353485115;49.8408310585615;9.32876712328767;EN PLACE
Quartier du faubourg d'Isle;Parvis Gare;5.0;32;3.29838607216456;49.8408047277986;9.32876712328767;EN PLACE
Quartier du faubourg d'Isle;Parvis Gare;5.0;29;3.2983512421528;49.8407714747816;9.32876712328767;EN PLACE
Quartier du faubourg d'Isle;Parvis Gare;6.0;26;3.29831959633737;49.8407463357476;9.32876712328767;EN PLACE
Quartier du faubourg d'Isle;Parvis Gare;5.0;29;3.29828519555521;49.840729259261;9.32876712328767;EN PLACE
Quartier du faubourg d'Isle;Parvis Gare;5.0;26;3.29825086543602;49.8407080208473;9.32876712328767;EN PLACE
Quartier du faubourg d'Isle;Parvis Gare;5.0;26;3.29821538819719;49.840676212421;9.32876712328767;EN PLACE
Quartier du faubourg d'Isle;Parvis Gare;5.0;23;3.29761552703651;49.8405388969779;9.32876712328767;EN PLACE
Quartier du faubourg d'Isle;Parvis Gare;6.0;25;3.29783698581564;49.840718870534;9.32876712328767;EN PLACE
Quartier du faubourg d'Isle;Parvis Gare;6.0;27;3.29789021187226;49.8407535361908;9.32876712328767;EN PLACE
Quartier du faubourg d'Isle;Parvis Gare;6.0;32;3.29792643401254;49.8407837281162;9.32876712328767;EN PLACE
Quartier du faubourg d'Isle;Parvis Gare;6.0;36;3.29796835679704;49.8408156668133;9.32876712328767;EN PLACE
Quartier du faubourg d'Isle;Parvis Gare;6.0;22;3.29800861627548;49.8408490922637;9.32876712328767;EN PLACE
Quartier du faubourg d'Isle;Parvis Gare;6.0;28;3.29804842782787;49.8408792552586;9.32876712328767;EN PLACE
Quartier du faubourg d'Isle;Parvis Gare;6.0;33;3.29810073553104;49.8409173935119;9.32876712328767;EN PLACE
Quartier du faubourg d'Isle;Parvis Gare;5.0;29;3.29814787922468;49.8409544587964;9.32876712328767;EN PLACE
Quartier du faubourg d'Isle;Parvis Gare;6.0;31;3.29819531547484;49.8409888675027;9.32876712328767;EN PLACE
Quartier du faubourg d'Isle;Parvis Gare;6.0;24;3.29823580311754;49.8410284517362;9.32876712328767;EN PLACE
Quartier du faubourg d'Isle;Parvis Gare;6.0;27;3.29825888864507;49.8410547894071;9.32876712328767;EN PLACE
Quartier du faubourg d'Isle;Parvis Gare;5.0;27;3.29870669607414;49.8413232205064;9.32876712328767;EN PLACE
Quartier du faubourg d'Isle;Parvis Gare;5.0;29;3.29877474925075;49.8413596209666;9.32876712328767;EN PLACE
Quartier du faubourg d'Isle;Parvis Gare;5.0;31;3.29882687334604;49.8414019049117;9.32876712328767;EN PLACE
Quartier du faubourg d'Isle;Parvis Gare;6.0;31;3.29842984913993;49.8412297052505;9.32876712328767;EN PLACE
Quartier du faubourg d'Isle;Parvis Gare;6.0;27;3.2983705112784;49.8411866357061;9.32876712328767;EN PLACE
Quartier du faubourg d'Isle;Parvis Gare;6.0;25;3.29836059652069;49.8411642285267;9.32876712328767;EN PLACE
Quartier du faubourg d'Isle;Parvis Gare;6.0;25;3.29832714204584;49.8411789358228;9.32876712328767;EN PLACE
Quartier du faubourg d'Isle;Parvis Gare;6.0;32;3.29829670361044;49.8412187047602;9.32876712328767;EN PLACE
Quartier du faubourg d'Isle;Parvis Gare;6.0;28;3.29823871135359;49.841264620426;9.32876712328767;EN PLACE
Quartier du faubourg d'Isle;Parvis Gare;6.0;29;3.29805309558632;49.841172289372;9.32876712328767;EN PLACE
Quartier du faubourg d'Isle;Parvis Gare;6.0;30;3.29802910328961;49.8411509203572;9.32876712328767;EN PLACE
Quartier du faubourg d'Isle;Parvis Gare;6.0;29;3.29795092705039;49.841077774611;9.32876712328767;EN PLACE
Quartier du faubourg d'Isle;Parvis Gare;6.0;25;3.2979072722635;49.8410429201678;9.32876712328767;EN PLACE
Quartier du faubourg d'Isle;Parvis Gare;6.0;30;3.29786736464067;49.8410095324519;9.32876712328767;EN PLACE
Quartier du faubourg d'Isle;Parvis Gare;6.0;26;3.29780221186672;49.8409569770337;9.32876712328767;EN PLACE
Quartier du faubourg d'Isle;Parvis Gare;7.0;32;3.29774620404685;49.8409234817759;9.32876712328767;EN PLACE
Quartier du faubourg d'Isle;Parvis Gare;5.0;25;3.297698565485;49.8408829283435;9.32876712328767;EN PLACE
Quartier du faubourg d'Isle;Parvis Gare;17.0;115;3.29652409556253;49.8404699745683;9.947440142942227;EN PLACE
Quartier du faubourg d'Isle;Parvis Gare;17.0;107;3.29653035773165;49.8404802430686;9.947440142942227;EN PLACE
Quartier du faubourg d'Isle;Parvis Gare;17.0;120;3.2965559653019;49.8404614815759;9.947440142942227;EN PLACE
Quartier du faubourg d'Isle;Parvis Gare;4.0;15;3.29676371198228;49.8405948738632;9.32876712328767;EN PLACE
Quartier du faubourg d'Isle;Parvis Gare;3.0;10;3.29663722708476;49.8407713279178;9.32876712328767;EN PLACE
Quartier du faubourg d'Isle;Parvis Gare;6.0;28;3.29689535793787;49.8408226048807;9.32876712328767;EN PLACE
Quartier du faubourg d'Isle;Parvis Gare;6.0;28;3.296902526884;49.8407839515528;9.32876712328767;EN PLACE
Quartier du faubourg d'Isle;Parvis Gare;6.0;32;3.29703953429747;49.8408498816545;9.32876712328767;EN PLACE
Quartier du faubourg d'Isle;Parvis Gare;16.0;226;3.2970313109964;49.8406005048169;9.32876712328767;EN PLACE
Quartier du faubourg d'Isle;Parvis Gare;4.0;33;3.29645769539074;49.8402279775229;9.32876712328767;EN PLACE
Quartier du faubourg d'Isle;Parvis Gare;4.0;27;3.29647367188543;49.8402004781534;9.32876712328767;EN PLACE
Quartier du faubourg d'Isle;Parvis Gare;4.0;33;3.29649423340946;49.8401716473837;9.32876712328767;EN PLACE
Quartier du faubourg d'Isle;Parvis Gare;4.0;34;3.29651802544413;49.8400974393012;9.32876712328767;EN PLACE
Quartier du faubourg d'Isle;Parvis Gare;4.0;30;3.29622936489931;49.8398276551373;9.32876712328767;EN PLACE
Quartier du faubourg d'Isle;Parvis Gare;4.0;26;3.29539096384759;49.8397423471779;9.32876712328767;EN PLACE
Quartier du faubourg d'Isle;Parvis Gare;4.0;34;3.29520027972326;49.8396581239467;9.32876712328767;EN PLACE
Quartier du faubourg d'Isle;Parvis Gare;4.0;35;3.29514360248194;49.8396255776261;9.32876712328767;EN PLACE
Quartier du faubourg d'Isle;Parvis Gare;4.0;24;3.29513790259169;49.8396713162399;9.32876712328767;EN PLACE
Quartier du faubourg d'Isle;Parvis Gare;4.0;29;3.29537281802242;49.8398308088784;9.32876712328767;EN PLACE
Quartier du faubourg d'Isle;Parvis Gare;4.0;26;3.29535980238553;49.8398863242806;9.32876712328767;EN PLACE
Quartier du faubourg d'Isle;Parvis Gare;4.0;28;3.29536174873361;49.8399094548355;9.32876712328767;EN PLACE
Quartier du faubourg d'Isle;Parvis Gare;4.0;26;3.29591916382709;49.8400072853193;9.32876712328767;EN PLACE
Quartier du faubourg d'Isle;Parvis Gare;4.0;30;3.29635084839818;49.8401405927969;9.32876712328767;EN PLACE
Quartier du faubourg d'Isle;Parvis Gare;4.0;30;3.29634404893489;49.8401705009333;9.32876712328767;EN PLACE
Quartier du faubourg d'Isle;Parvis Gare;5.0;32;3.29614065676829;49.8401337402076;9.32876712328767;EN PLACE
Quartier du faubourg d'Isle;Parvis Gare;5.0;26;3.29610858000168;49.8401256316121;9.32876712328767;EN PLACE
Quartier du faubourg d'Isle;Parvis Gare;5.0;34;3.29601981101592;49.8401066543314;9.32876712328767;EN PLACE
Quartier du faubourg d'Isle;Parvis Gare;4.0;24;3.29593580231119;49.8400713542781;9.32876712328767;EN PLACE
Quartier du faubourg d'Isle;Parvis Gare;4.0;27;3.29589188707677;49.840088854559;9.32876712328767;EN PLACE
Quartier du faubourg d'Isle;Parvis Gare;4.0;24;3.29573695623884;49.8400682160387;9.32876712328767;EN PLACE
Quartier du faubourg d'Isle;Parvis Gare;4.0;31;3.29564674157347;49.8400621391007;9.32876712328767;EN PLACE
Quartier du faubourg d'Isle;Parvis Gare;4.0;25;3.29550813362299;49.8400423393432;9.32876712328767;EN PLACE
Quartier du faubourg d'Isle;Parvis Gare;5.0;35;3.29544082627283;49.8400256775099;9.32876712328767;EN PLACE
Quartier du faubourg d'Isle;Parvis Gare;5.0;35;3.29535169536147;49.8400127854576;9.32876712328767;EN PLACE
Quartier du faubourg d'Isle;Parvis Gare;5.0;26;3.29529795671276;49.8400071028573;9.32876712328767;EN PLACE
Quartier du faubourg d'Isle;Parvis Gare;4.0;28;3.29525937397441;49.8399991803186;9.32876712328767;EN PLACE
Quartier du faubourg d'Isle;Parvis Gare;4.0;28;3.29519939535546;49.8399880165302;9.32876712328767;EN PLACE
Quartier du faubourg d'Isle;Parvis Gare;6.0;36;3.29504142559788;49.8399774469885;9.32876712328767;EN PLACE
Quartier du faubourg d'Isle;Parvis Gare;4.0;28;3.29486351803026;49.8399804851093;9.32876712328767;EN PLACE
Quartier du faubourg d'Isle;Parvis Gare;4.0;25;3.29488530322135;49.8400122084753;9.32876712328767;EN PLACE
Quartier du faubourg d'Isle;Parvis Gare;4.0;21;3.2949375264288;49.8400292088136;9.32876712328767;EN PLACE
Quartier du faubourg d'Isle;Parvis Gare;4.0;26;3.29528521825615;49.8402034935865;9.32876712328767;EN PLACE
Quartier du faubourg d'Isle;Parvis Gare;6.0;30;3.29545787996338;49.8402142856493;9.32876712328767;EN PLACE
Quartier du faubourg d'Isle;Parvis Gare;4.0;27;3.29561012646767;49.8402475774418;9.32876712328767;EN PLACE
Quartier du faubourg d'Isle;Parvis Gare;6.0;37;3.29570851749671;49.8402350395016;9.32876712328767;EN PLACE
Quartier du faubourg d'Isle;Parvis Gare;6.0;33;3.29577167910849;49.84024443915;9.32876712328767;EN PLACE
Quartier du faubourg d'Isle;Parvis Gare;6.0;32;3.29584324146488;49.8402628315438;9.32876712328767;EN PLACE
Quartier du faubourg d'Isle;Parvis Gare;4.0;32;3.29594596481969;49.8402531621671;9.32876712328767;EN PLACE
Quartier du faubourg d'Isle;Parvis Gare;5.0;33;3.29598956462407;49.8402767082392;9.32876712328767;EN PLACE
Quartier du faubourg d'Isle;Parvis Gare;5.0;32;3.29540430336272;49.8403411624365;9.32876712328767;EN PLACE
Quartier du faubourg d'Isle;Parvis Gare;4.0;19;3.29549492590604;49.8403758932968;9.32876712328767;EN PLACE
Quartier du faubourg d'Isle;Parvis Gare;4.0;23;3.29544570295046;49.8404452005737;9.32876712328767;EN PLACE
Quartier du faubourg d'Isle;Parvis Gare;4.0;20;3.29552681834926;49.8404808543942;9.32876712328767;EN PLACE
Quartier du faubourg d'Isle;Parvis Gare;5.0;28;3.29593885689851;49.840679821545;9.32876712328767;EN PLACE
Quartier du faubourg d'Isle;Parvis Gare;5.0;34;3.29597446140266;49.840701162609;9.32876712328767;EN PLACE
Quartier du faubourg d'Isle;Parvis Gare;5.0;31;3.29601689673044;49.8407286413836;9.32876712328767;EN PLACE
Quartier du faubourg d'Isle;Parvis Gare;5.0;27;3.29607578280305;49.8407578569861;9.32876712328767;EN PLACE
Quartier du faubourg d'Isle;Parvis Gare;5.0;31;3.29612571380213;49.8407952019509;9.32876712328767;EN PLACE
Quartier du faubourg d'Isle;Parvis Gare;5.0;33;3.29616795620122;49.8408303087599;9.32876712328767;EN PLACE
Quartier du faubourg d'Isle;Parvis Gare;5.0;30;3.29621766040048;49.8408685182512;9.32876712328767;EN PLACE
Quartier du faubourg d'Isle;Parvis Gare;5.0;32;3.29625621789841;49.8409009164759;9.32876712328767;EN PLACE
Quartier du faubourg d'Isle;Parvis Gare;5.0;33;3.29630779129035;49.8409383120591;9.32876712328767;EN PLACE
Quartier du faubourg d'Isle;Parvis Gare;5.0;29;3.29636693363625;49.8409737546374;9.32876712328767;EN PLACE
Quartier du faubourg d'Isle;Parvis Gare;5.0;26;3.29643920303735;49.8410194699301;9.32876712328767;EN PLACE
Quartier du faubourg d'Isle;Parvis Gare;5.0;27;3.2967971722275;49.841354701328;9.32876712328767;EN PLACE
Quartier du faubourg d'Isle;Parvis Gare;5.0;29;3.29684494918703;49.841384393257;9.32876712328767;EN PLACE
Quartier du faubourg d'Isle;Parvis Gare;5.0;33;3.29690506401749;49.8414267009985;9.32876712328767;EN PLACE
Quartier du faubourg d'Isle;Parvis Gare;5.0;31;3.29694726445229;49.8414608932853;9.32876712328767;EN PLACE
Quartier du faubourg d'Isle;Parvis Gare;5.0;35;3.29700764816784;49.8415115390484;9.32876712328767;EN PLACE
Quartier du faubourg d'Isle;Parvis Gare;5.0;29;3.29706597161545;49.8415594083107;9.32876712328767;EN PLACE
Quartier du faubourg d'Isle;Parvis Gare;5.0;28;3.29712557879411;49.8416204472793;9.32876712328767;EN PLACE
Quartier du faubourg d'Isle;Parvis Gare;5.0;27;3.2971922259887;49.8416610274303;9.32876712328767;EN PLACE
Quartier du faubourg d'Isle;Parvis Gare;5.0;29;3.2972536486082;49.8417082162561;9.32876712328767;EN PLACE
Quartier du faubourg d'Isle;Parvis Gare;5.0;32;3.29731240300466;49.8417610551885;9.32876712328767;EN PLACE
Quartier du faubourg d'Isle;Parvis Gare;5.0;32;3.29738916369478;49.8418456013723;9.32876712328767;EN PLACE
Quartier du faubourg d'Isle;Parvis Gare;5.0;32;3.29744921843216;49.8418810320942;9.32876712328767;EN PLACE
Quartier du faubourg d'Isle;Parvis Gare;5.0;33;3.2975189259996;49.8419323777025;9.32876712328767;EN PLACE
Quartier du faubourg d'Isle;Parvis Gare;5.0;30;3.29758495680981;49.8419853625799;9.32876712328767;EN PLACE
Quartier du faubourg d'Isle;Parvis Gare;5.0;27;3.29766289512833;49.8420422775718;9.32876712328767;EN PLACE
Quartier du faubourg d'Isle;Parvis Gare;5.0;29;3.2977175718926;49.8420903706242;9.32876712328767;EN PLACE
Quartier du faubourg d'Isle;Parvis Gare;5.0;28;3.29778279420473;49.8421252783017;9.32876712328767;EN PLACE
Quartier du faubourg d'Isle;Parvis Gare;5.0;29;3.29785882583687;49.8421726086564;9.32876712328767;EN PLACE
Quartier du faubourg d'Isle;Parvis Gare;5.0;24;3.29771322537437;49.8419643931929;9.32876712328767;EN PLACE
Quartier du faubourg d'Isle;Parvis Gare;4.0;41;3.29764868635076;49.8419190088288;9.32876712328767;EN PLACE
Quartier du faubourg d'Isle;Parvis Gare;4.0;25;3.29750521785708;49.8417987469346;9.32876712328767;EN PLACE
Quartier du faubourg d'Isle;Parvis Gare;4.0;40;3.29744314840461;49.8417646321706;9.32876712328767;EN PLACE
Quartier du faubourg d'Isle;Parvis Gare;4.0;41;3.29760912475787;49.8415983318525;9.32876712328767;EN PLACE
Quartier du faubourg d'Isle;Parvis Gare;4.0;20;3.29749574128548;49.841632262876;9.32876712328767;EN PLACE
Quartier du faubourg d'Isle;Parvis Gare;4.0;32;3.29730204104376;49.8416011472617;9.32876712328767;EN PLACE
Quartier du faubourg d'Isle;Parvis Gare;4.0;30;3.29721642563538;49.8415566090013;9.32876712328767;EN PLACE
Quartier du faubourg d'Isle;Parvis Gare;4.0;31;3.29708851755237;49.8414451781825;9.32876712328767;EN PLACE
Quartier du faubourg d'Isle;Parvis Gare;4.0;28;3.29704354908691;49.8414102853925;9.32876712328767;EN PLACE
Quartier du faubourg d'Isle;Parvis Gare;6.0;45;3.29700864063844;49.8413899543351;9.32876712328767;EN PLACE
Quartier du faubourg d'Isle;Parvis Gare;4.0;35;3.29745579531129;49.8415349854253;9.32876712328767;EN PLACE
Quartier du faubourg d'Isle;Parvis Gare;4.0;25;3.29768191055528;49.841484001197;9.32876712328767;EN PLACE
Quartier du faubourg d'Isle;Parvis Gare;4.0;29;3.29776944793355;49.8414504475289;9.32876712328767;EN PLACE
Quartier du faubourg d'Isle;Parvis Gare;4.0;25;3.29772420964472;49.8413690780191;9.32876712328767;EN PLACE
Quartier du faubourg d'Isle;Parvis Gare;4.0;25;3.29773198667357;49.8413104397597;9.32876712328767;EN PLACE
Quartier du faubourg d'Isle;Parvis Gare;4.0;23;3.29777793297123;49.8413057011611;9.32876712328767;EN PLACE
Quartier du faubourg d'Isle;Parvis Gare;4.0;28;3.29746537196112;49.8411294854318;9.32876712328767;EN PLACE
Quartier du faubourg d'Isle;Parvis Gare;4.0;33;3.2973131255089;49.8411616006711;9.32876712328767;EN PLACE
Quartier du faubourg d'Isle;Parvis Gare;4.0;23;3.2972533942527;49.8411254776769;9.32876712328767;EN PLACE
Quartier du faubourg d'Isle;Parvis Gare;4.0;24;3.29725862568927;49.841032285226;9.32876712328767;EN PLACE
Quartier du faubourg d'Isle;Parvis Gare;4.0;31;3.29724030963333;49.8410457698175;9.32876712328767;EN PLACE
Quartier du faubourg d'Isle;Parvis Gare;4.0;30;3.29722779432437;49.8411126778891;9.32876712328767;EN PLACE
Quartier du faubourg d'Isle;Parvis Gare;4.0;31;3.29723092493802;49.8412906239708;9.32876712328767;EN PLACE
Quartier du faubourg d'Isle;Parvis Gare;5.0;32;3.29775012490843;49.8418253467389;9.32876712328767;EN PLACE
Quartier du faubourg d'Isle;Parvis Gare;14.0;114;3.29784193965335;49.8418700226169;9.32876712328767;EN PLACE
Quartier du faubourg d'Isle;Parvis Gare;14.0;128;3.29790864821833;49.8418845933815;9.32876712328767;EN PLACE
Quartier du faubourg d'Isle;Parvis Gare;12.0;104;3.29863596344768;49.8415061167873;9.32876712328767;EN PLACE
Quartier du faubourg d'Isle;Parvis Gare;4.0;28;3.29859818748319;49.841391808746;9.32876712328767;EN PLACE
Quartier du faubourg d'Isle;Parc d'Isle Jacques Braconnier;12.0;76;3.31402204632931;49.8470247328954;9.947440142942227;EN PLACE
Quartier du faubourg d'Isle;Parc d'Isle Jacques Braconnier;12.0;94;3.31389457736044;49.8470260636423;9.947440142942227;EN PLACE
Quartier du faubourg d'Isle;Parc d'Isle Jacques Braconnier;18.0;135;3.31387090865672;49.8470137783916;9.947440142942227;EN PLACE
Quartier du faubourg d'Isle;Parc d'Isle Jacques Braconnier;6.0;53;3.31385803112039;49.8469948481352;9.947440142942227;EN PLACE
Quartier du faubourg d'Isle;Parc d'Isle Jacques Braconnier;14.0;125;3.31385775409401;49.8469947940335;9.947440142942227;EN PLACE
Quartier du faubourg d'Isle;Parc d'Isle Jacques Braconnier;14.0;17;3.31389346520073;49.8469730286141;9.947440142942227;EN PLACE
Quartier du faubourg d'Isle;Parc d'Isle Jacques Braconnier;12.0;83;3.31393577885965;49.8469755811722;9.947440142942227;EN PLACE
Quartier du faubourg d'Isle;Parc d'Isle Jacques Braconnier;9.0;79;3.31390903849453;49.8470112867538;9.947440142942227;EN PLACE
Quartier du faubourg d'Isle;Parc d'Isle Jacques Braconnier;9.0;57;3.31393602299011;49.8470518015751;9.947440142942227;EN PLACE
Quartier du faubourg d'Isle;Parc d'Isle Jacques Braconnier;16.0;101;3.31397366954922;49.8470435248854;9.947440142942227;EN PLACE
Quartier du faubourg d'Isle;Parc d'Isle Jacques Braconnier;16.0;102;3.31396980091022;49.8470288554479;9.947440142942227;EN PLACE
Quartier du faubourg d'Isle;Parc d'Isle Jacques Braconnier;16.0;101;3.3139975932408;49.8469954630069;9.947440142942227;EN PLACE
Quartier du faubourg d'Isle;Parc d'Isle Jacques Braconnier;13.0;143;3.31402294655077;49.8470124475865;9.947440142942227;EN PLACE
Quartier du faubourg d'Isle;Parc d'Isle Jacques Braconnier;12.0;68;3.31397571575367;49.8469882481566;9.947440142942227;EN PLACE
Quartier du faubourg d'Isle;Parc d'Isle Jacques Braconnier;8.0;41;3.31394060031932;49.8470098861402;9.947440142942227;EN PLACE
Quartier du faubourg d'Isle;Parc d'Isle Jacques Braconnier;16.0;156;3.31397846889614;49.8470076325293;9.947440142942227;EN PLACE
Quartier du faubourg d'Isle;Parc d'Isle Jacques Braconnier;16.0;105;3.31402081549405;49.8470157636103;9.947440142942227;EN PLACE
Quartier du faubourg d'Isle;Parc d'Isle Jacques Braconnier;12.0;79;3.31395095463093;49.8468995020401;9.947440142942227;EN PLACE
Quartier du faubourg d'Isle;Parc d'Isle Jacques Braconnier;12.0;83;3.3139734846229;49.8468526630102;9.947440142942227;EN PLACE
Quartier du faubourg d'Isle;Parc animalier du Parc d'Isle;6.0;37;3.31451806176285;49.8466717789265;9.947440142942227;EN PLACE
Quartier du faubourg d'Isle;Parc animalier du Parc d'Isle;13.0;140;3.31466684193176;49.8467363136625;9.947440142942227;EN PLACE
Quartier du faubourg d'Isle;Parc animalier du Parc d'Isle;13.0;130;3.31473005730254;49.8467847462754;9.947440142942227;EN PLACE
Quartier du faubourg d'Isle;Parc animalier du Parc d'Isle;13.0;130;3.31478879413373;49.8468220668429;9.947440142942227;EN PLACE
Quartier du faubourg d'Isle;Parc animalier du Parc d'Isle;13.0;158;3.31484311868738;49.8468562300414;9.947440142942227;EN PLACE
Quartier du faubourg d'Isle;Parc animalier du Parc d'Isle;13.0;134;3.3149097426669;49.8468991098358;9.947440142942227;EN PLACE
Quartier du faubourg d'Isle;Parc animalier du Parc d'Isle;13.0;123;3.31496887267856;49.8469398097077;9.947440142942227;EN PLACE
Quartier du faubourg d'Isle;Parc animalier du Parc d'Isle;13.0;136;3.31504639861237;49.8470296951831;9.947440142942227;EN PLACE
Quartier du faubourg d'Isle;Parc animalier du Parc d'Isle;13.0;129;3.31499344376269;49.8470625692052;9.947440142942227;EN PLACE
Quartier du faubourg d'Isle;Parc animalier du Parc d'Isle;13.0;109;3.31495281770931;49.8470907647067;9.947440142942227;EN PLACE
Quartier du faubourg d'Isle;Parc animalier du Parc d'Isle;13.0;150;3.3148909933785;49.8471274996459;9.947440142942227;EN PLACE
Quartier du faubourg d'Isle;Parc animalier du Parc d'Isle;13.0;199;3.31474417957408;49.8472356532711;9.947440142942227;EN PLACE
Quartier du faubourg d'Isle;Parc animalier du Parc d'Isle;4.0;28;3.31500316907719;49.8472217865802;8.326027397260274;EN PLACE
Quartier du faubourg d'Isle;Parc animalier du Parc d'Isle;4.0;25;3.3150397845576;49.847178509375;8.326027397260274;EN PLACE
Quartier du faubourg d'Isle;Parc animalier du Parc d'Isle;5.0;27;3.31506766944715;49.8472231095266;8.326027397260274;EN PLACE
Quartier du faubourg d'Isle;Parc animalier du Parc d'Isle;6.0;26;3.31515746111086;49.8473746093569;8.326027397260274;EN PLACE
Quartier du faubourg d'Isle;Parc animalier du Parc d'Isle;6.0;24;3.31520973050217;49.8474107711035;8.326027397260274;EN PLACE
Quartier du faubourg d'Isle;Parc animalier du Parc d'Isle;4.0;22;3.31513837756432;49.8474331792244;8.326027397260274;EN PLACE
Quartier du faubourg d'Isle;Parc animalier du Parc d'Isle;4.0;17;3.31494430745797;49.8474054480786;8.326027397260274;EN PLACE
Quartier du faubourg d'Isle;Parc animalier du Parc d'Isle;4.0;23;3.31484720834826;49.8476670783948;8.326027397260274;EN PLACE
Quartier du faubourg d'Isle;Parc animalier du Parc d'Isle;4.0;19;3.31487003860903;49.8477462482412;8.326027397260274;EN PLACE
Quartier du faubourg d'Isle;Parc animalier du Parc d'Isle;8.0;57;3.31487726949076;49.8478255093681;9.947440142942227;EN PLACE
Quartier du faubourg d'Isle;Parc animalier du Parc d'Isle;5.0;27;3.31487223822622;49.8479233481984;8.326027397260274;EN PLACE
Quartier du faubourg d'Isle;Parc animalier du Parc d'Isle;4.0;24;3.31500343052173;49.8478685557556;8.326027397260274;EN PLACE
Quartier du faubourg d'Isle;Parc animalier du Parc d'Isle;4.0;25;3.31497056179588;49.8477250791485;8.326027397260274;EN PLACE
Quartier du faubourg d'Isle;Parc animalier du Parc d'Isle;4.0;27;3.31511297674972;49.8477402785168;8.326027397260274;EN PLACE
Quartier du faubourg d'Isle;Parc animalier du Parc d'Isle;4.0;22;3.31523257759085;49.8476485945056;8.326027397260274;EN PLACE
Quartier du faubourg d'Isle;Parc animalier du Parc d'Isle;4.0;28;3.315291777629;49.8476255482731;8.326027397260274;EN PLACE
Quartier du faubourg d'Isle;Parc animalier du Parc d'Isle;4.0;24;3.31551518529744;49.8479837557806;8.326027397260274;EN PLACE
Quartier du faubourg d'Isle;Parc animalier du Parc d'Isle;5.0;25;3.31558256895585;49.8478929480698;8.326027397260274;EN PLACE
Quartier du faubourg d'Isle;Parc animalier du Parc d'Isle;6.0;30;3.3156384926619;49.8479123863535;8.326027397260274;EN PLACE
Quartier du faubourg d'Isle;Parc animalier du Parc d'Isle;5.0;30;3.31568610743795;49.8478773327174;8.326027397260274;EN PLACE
Quartier du faubourg d'Isle;Parc animalier du Parc d'Isle;4.0;19;3.31582156891049;49.8477787249874;8.326027397260274;EN PLACE
Quartier du faubourg d'Isle;Parc animalier du Parc d'Isle;10.0;85;3.31605382317798;49.8477100864095;9.947440142942227;EN PLACE
Quartier du faubourg d'Isle;Parc animalier du Parc d'Isle;4.0;19;3.31639681570545;49.8479574556426;8.326027397260274;EN PLACE
Quartier du faubourg d'Isle;Parc animalier du Parc d'Isle;18.0;111;3.31652014586393;49.8477988327716;9.947440142942227;EN PLACE
Quartier du faubourg d'Isle;Parc animalier du Parc d'Isle;14.0;95;3.31648413841475;49.8478183251717;9.947440142942227;EN PLACE
Quartier du faubourg d'Isle;Parc animalier du Parc d'Isle;18.0;151;3.31646276220236;49.8477835174158;9.947440142942227;EN PLACE
Quartier du faubourg d'Isle;Parc animalier du Parc d'Isle;15.0;107;3.31628267739324;49.8476615252499;9.947440142942227;EN PLACE
Quartier du faubourg d'Isle;Parc animalier du Parc d'Isle;15.0;123;3.3162888687179;49.8476578557068;9.947440142942227;EN PLACE
Quartier du faubourg d'Isle;Parc animalier du Parc d'Isle;15.0;88;3.31621338485778;49.8476586407316;9.947440142942227;EN PLACE
Quartier du faubourg d'Isle;Parc animalier du Parc d'Isle;4.0;17;3.31601625357002;49.8474824018869;8.326027397260274;EN PLACE
Quartier du faubourg d'Isle;Parc animalier du Parc d'Isle;6.0;65;3.3159883075955;49.8474783639277;9.947440142942227;EN PLACE
Quartier du faubourg d'Isle;Parc animalier du Parc d'Isle;4.0;32;3.31584294613838;49.8474325714874;8.326027397260274;EN PLACE
Quartier du faubourg d'Isle;Parc animalier du Parc d'Isle;4.0;26;3.3156857923322;49.8476041330289;8.326027397260274;EN PLACE
Quartier du faubourg d'Isle;Parc animalier du Parc d'Isle;8.0;47;3.31559866191574;49.8475548248213;9.947440142942227;EN PLACE
Quartier du faubourg d'Isle;Parc animalier du Parc d'Isle;7.0;46;3.31540615440716;49.8469589328048;9.947440142942227;EN PLACE
Quartier du faubourg d'Isle;Parc animalier du Parc d'Isle;5.0;41;3.31513983882017;49.8467137094277;9.947440142942227;EN PLACE
Quartier du faubourg d'Isle;Parc animalier du Parc d'Isle;6.0;51;3.31508982364275;49.8467110709866;9.947440142942227;EN PLACE
Quartier du faubourg d'Isle;Parc animalier du Parc d'Isle;6.0;58;3.31505016899017;49.8466576862734;9.947440142942227;EN PLACE
Quartier du faubourg d'Isle;Parc animalier du Parc d'Isle;4.0;44;3.31504097779274;49.846657094186;9.947440142942227;EN PLACE
Quartier du faubourg d'Isle;Parc animalier du Parc d'Isle;8.0;49;3.31484839255109;49.8465376093261;9.947440142942227;EN PLACE
Quartier du faubourg d'Isle;Parc animalier du Parc d'Isle;8.0;69;3.31477296961295;49.8465088170185;9.947440142942227;EN PLACE
Quartier du faubourg d'Isle;Parc animalier du Parc d'Isle;8.0;53;3.31474180834;49.8464900176902;9.947440142942227;EN PLACE
Quartier du faubourg d'Isle;Parc animalier du Parc d'Isle;8.0;104;3.31485790039775;49.8465485559072;9.947440142942227;EN PLACE
Quartier du faubourg d'Isle;Parc animalier du Parc d'Isle;8.0;78;3.31502449193022;49.8467055400053;9.947440142942227;EN PLACE
Quartier du faubourg d'Isle;Parc animalier du Parc d'Isle;8.0;53;3.31505760015763;49.8466931790443;9.947440142942227;EN PLACE
Quartier du faubourg d'Isle;Parc animalier du Parc d'Isle;8.0;53;3.31509258510842;49.8467984014715;9.947440142942227;EN PLACE
Quartier du faubourg d'Isle;Parc animalier du Parc d'Isle;4.0;24;3.31461208580698;49.8465709909512;8.326027397260274;EN PLACE
Quartier du faubourg d'Isle;Parc animalier du Parc d'Isle;4.0;22;3.31456789197427;49.8465466253828;8.326027397260274;EN PLACE
Quartier du faubourg d'Isle;Parc animalier du Parc d'Isle;4.0;23;3.31453208494345;49.8465316252716;8.326027397260274;EN PLACE
Quartier du faubourg d'Isle;CCAS;8.0;105;3.30427945939126;49.8399302273875;9.947440142942227;EN PLACE
Quartier du faubourg d'Isle;CCAS;8.0;46;3.30430430724025;49.8398887739337;9.947440142942227;EN PLACE
Quartier du faubourg d'Isle;CCAS;11.0;105;3.30432377869597;49.8397584049718;9.947440142942227;EN PLACE
Quartier du faubourg d'Isle;CCAS;8.0;75;3.30408193508686;49.8396749931588;9.947440142942227;EN PLACE
Quartier du faubourg d'Isle;CCAS;4.0;67;3.30410474294663;49.8395979683937;9.947440142942227;EN PLACE
Quartier du faubourg d'Isle;CCAS;7.0;93;3.30413681016297;49.8395287486302;9.947440142942227;EN PLACE
Quartier du faubourg d'Isle;CCAS;6.0;108;3.30414170529237;49.839464189855;9.947440142942227;EN PLACE
Quartier du faubourg d'Isle;CCAS;13.0;120;3.30424966381725;49.839338828588;9.947440142942227;EN PLACE
Quartier du faubourg d'Isle;CCAS;9.0;58;3.30427397140541;49.8392564513922;9.947440142942227;EN PLACE
Quartier du faubourg d'Isle;CCAS;12.0;235;3.30438301251667;49.8390719686954;9.947440142942227;EN PLACE
Quartier du faubourg d'Isle;Rue de la Fere;8.0;79;3.30632333285969;49.8344698647636;9.947440142942227;EN PLACE
Quartier du faubourg d'Isle;Rue de la Fere;8.0;76;3.30637239175603;49.8343092877035;9.947440142942227;EN PLACE
Quartier du faubourg d'Isle;Rue de la Fere;8.0;61;3.3064036581122;49.8342197127105;9.947440142942227;EN PLACE
Quartier du faubourg d'Isle;Rue de la Fere;8.0;74;3.30646179741583;49.8340233005106;9.947440142942227;EN PLACE
Quartier du faubourg d'Isle;Le million populaire;24.0;240;3.30502420145549;49.8337207912711;9.947440142942227;EN PLACE
Quartier du faubourg d'Isle;Le million populaire;24.0;182;3.30490394921182;49.8337846331476;9.947440142942227;EN PLACE
Quartier du faubourg d'Isle;Le million populaire;24.0;205;3.30481646923624;49.8337980307133;9.947440142942227;EN PLACE
Quartier du faubourg d'Isle;Le million populaire;24.0;220;3.30476400272543;49.8337726705057;9.947440142942227;EN PLACE
Quartier de Neuville;Gymnase Eugène Corette;3.0;22;3.31010426365173;49.8330995401096;9.32876712328767;EN PLACE
Quartier de Neuville;Gymnase Eugène Corette;4.0;22;3.30989951059166;49.833009339598;9.32876712328767;Essouché
Quartier de Neuville;Gymnase Eugène Corette;5.0;28;3.30974663250475;49.8330189090954;9.32876712328767;Essouché
Quartier de Neuville;Avenue Pierre Choquart;12.0;66;3.31631753791395;49.8363878997908;9.947440142942227;EN PLACE
Quartier de Neuville;Avenue Pierre Choquart;12.0;127;3.31642060174783;49.8363992810036;9.947440142942227;EN PLACE
Quartier de Neuville;Avenue Pierre Choquart;12.0;105;3.31652878030008;49.8364122738336;9.947440142942227;EN PLACE
Quartier de Neuville;Avenue Pierre Choquart;12.0;75;3.31661524330336;49.8364207138643;9.947440142942227;EN PLACE
Quartier de Neuville;Avenue Pierre Choquart;12.0;79;3.31670965148853;49.836433616905;9.947440142942227;EN PLACE
Quartier de Neuville;Avenue Pierre Choquart;12.0;112;3.31679572479018;49.836443263494;9.947440142942227;EN PLACE
Quartier de Neuville;Avenue Pierre Choquart;12.0;82;3.3169056703512;49.8364491567245;9.947440142942227;EN PLACE
Quartier de Neuville;Avenue Pierre Choquart;12.0;95;3.31700621480431;49.8364610494975;9.947440142942227;EN PLACE
Quartier de Neuville;Avenue Pierre Choquart;12.0;104;3.31709906724208;49.8364717294552;9.947440142942227;EN PLACE
Quartier de Neuville;Avenue Pierre Choquart;12.0;56;3.31719130458067;49.8364799286967;9.947440142942227;EN PLACE
Quartier de Neuville;Avenue Pierre Choquart;12.0;91;3.31729829234807;49.8364922928958;9.947440142942227;EN PLACE
Quartier de Neuville;Avenue Pierre Choquart;12.0;115;3.31739987769963;49.836501967234;9.947440142942227;EN PLACE
Quartier de Neuville;Avenue Pierre Choquart;12.0;105;3.31750404368367;49.8365164705477;9.947440142942227;EN PLACE
Quartier de Neuville;Avenue Pierre Choquart;12.0;121;3.3175940837874;49.8365238554738;9.947440142942227;EN PLACE
Quartier de Neuville;Avenue Pierre Choquart;12.0;106;3.31769363012411;49.836529029885;9.947440142942227;EN PLACE
Quartier de Neuville;Avenue Pierre Choquart;12.0;138;3.31779994427429;49.8365384375428;9.947440142942227;EN PLACE
Quartier de Neuville;Avenue Pierre Choquart;12.0;144;3.31798032803598;49.8365579791601;9.947440142942227;EN PLACE
Quartier de Neuville;Avenue Pierre Choquart;12.0;147;3.31807783264375;49.8365689712004;9.947440142942227;EN PLACE
Quartier de Neuville;Avenue Pierre Choquart;12.0;115;3.31817323251511;49.8365794986568;9.947440142942227;EN PLACE
Quartier de Neuville;Avenue Pierre Choquart;12.0;137;3.31827329861233;49.8365912747642;9.947440142942227;EN PLACE
Quartier de Neuville;Avenue Pierre Choquart;12.0;120;3.31837171047603;49.8365996037817;9.947440142942227;EN PLACE
Quartier de Neuville;Avenue Pierre Choquart;12.0;117;3.3184689331708;49.8366116823267;9.947440142942227;EN PLACE
Quartier de Neuville;Avenue Pierre Choquart;12.0;132;3.31875107173623;49.8366475594598;9.947440142942227;EN PLACE
Quartier de Neuville;Centre commercial Neuville;9.0;163;3.31762572438129;49.8363399309398;9.947440142942227;EN PLACE
Quartier de Neuville;Centre commercial Neuville;9.0;88;3.31753215265086;49.8363336461524;9.947440142942227;EN PLACE
Quartier de Neuville;Centre commercial Neuville;9.0;96;3.31744806411745;49.836324172749;9.947440142942227;EN PLACE
Quartier de Neuville;Centre commercial Neuville;9.0;72;3.31736658474157;49.8363131934972;9.947440142942227;EN PLACE
Quartier de Neuville;Centre commercial Neuville;9.0;92;3.31728014415739;49.8363060629907;9.947440142942227;EN PLACE
Quartier de Neuville;Centre commercial Neuville;9.0;76;3.31720463509062;49.8363011037776;9.947440142942227;EN PLACE
Quartier de Neuville;Centre commercial Neuville;9.0;57;3.31712346827861;49.8362890032835;9.947440142942227;EN PLACE
Quartier de Neuville;Centre commercial Neuville;9.0;54;3.31703877083572;49.8362810020947;9.947440142942227;EN PLACE
Quartier de Neuville;Centre commercial Neuville;9.0;76;3.31696351957624;49.8362741953607;9.947440142942227;EN PLACE
Quartier de Neuville;Centre commercial Neuville;9.0;52;3.31679608278372;49.8362641292949;9.947440142942227;EN PLACE
Quartier de Neuville;Centre commercial Neuville;9.0;93;3.31669952442713;49.8362548796124;9.947440142942227;EN PLACE
Quartier de Neuville;Avenue des Fusillés de Fontaine Notre Dame;10.0;145;3.31550730517955;49.8362612137663;9.947440142942227;EN PLACE
Quartier de Neuville;Avenue des Fusillés de Fontaine Notre Dame;10.0;164;3.31561991994842;49.8362828138982;9.947440142942227;EN PLACE
Quartier de Neuville;Rue Leon Lemire;6.0;55;3.31701955092328;49.8353509850826;9.947440142942227;EN PLACE
Quartier de Neuville;Rue Leon Lemire;7.0;66;3.31703914480615;49.8352982562017;9.947440142942227;EN PLACE
Quartier de Neuville;Rue Leon Lemire;8.0;80;3.31705679263122;49.8352427311005;9.947440142942227;EN PLACE
Quartier de Neuville;Rue Leon Lemire;10.0;87;3.31707665002482;49.8352021927602;9.947440142942227;EN PLACE
Quartier de Neuville;Rue Leon Lemire;7.0;67;3.31709499275454;49.8351496767274;9.947440142942227;EN PLACE
Quartier de Neuville;Rue Leon Lemire;8.0;71;3.31711264640327;49.8351054024428;9.947440142942227;EN PLACE
Quartier de Neuville;Rue Leon Lemire;8.0;85;3.31712473960956;49.8350599986743;9.947440142942227;EN PLACE
Quartier de Neuville;Rue Leon Lemire;10.0;100;3.31713781591754;49.8350284278916;9.947440142942227;EN PLACE
Quartier de Neuville;Rue Jacques Blanchot;15.0;155;3.3190200373842;49.8365112567512;9.947440142942227;EN PLACE
Quartier de Neuville;Rue Jacques Blanchot;15.0;166;3.31888964768762;49.8362341628918;9.947440142942227;EN PLACE
Quartier de Neuville;Rue Jacques Blanchot;15.0;156;3.31887287913142;49.8361861581724;9.947440142942227;EN PLACE
Quartier de Neuville;Rue Jacques Blanchot;15.0;137;3.31885704730846;49.8361404785722;9.947440142942227;EN PLACE
Quartier de Neuville;Rue Jacques Blanchot;15.0;130;3.31884898071717;49.8360972161262;9.947440142942227;EN PLACE
Quartier de Neuville;Rue Jacques Blanchot;15.0;180;3.3188425737223;49.8360415178634;9.947440142942227;EN PLACE
Quartier de Neuville;Rue Jacques Blanchot;15.0;151;3.31883416999027;49.8359760864011;9.947440142942227;EN PLACE
Quartier de Neuville;Rue Jacques Blanchot;15.0;180;3.3188325684818;49.8358983516978;9.947440142942227;EN PLACE
Quartier de Neuville;Rue Jacques Blanchot;15.0;151;3.31887216286949;49.8358408481199;9.947440142942227;EN PLACE
Quartier de Neuville;Rue Jacques Blanchot;15.0;180;3.31889566997234;49.8357865097745;9.947440142942227;EN PLACE
Quartier de Neuville;Rue Jacques Blanchot;15.0;149;3.3186881282359;49.8358279267793;9.947440142942227;EN PLACE
Quartier de Neuville;Rue Jacques Blanchot;15.0;147;3.31867804368475;49.8358761428989;9.947440142942227;EN PLACE
Quartier de Neuville;Rue Jacques Blanchot;15.0;133;3.31867314622566;49.8359133557185;9.947440142942227;EN PLACE
Quartier de Neuville;Rue Jacques Blanchot;15.0;182;3.31867672277982;49.8359960235989;9.947440142942227;EN PLACE
Quartier de Neuville;Rue Jacques Blanchot;15.0;156;3.31869093308632;49.8360696800924;9.947440142942227;EN PLACE
Quartier de Neuville;Rue Jacques Blanchot;15.0;180;3.31870484283697;49.8361449961642;9.947440142942227;EN PLACE
Quartier de Neuville;Rue Jacques Blanchot;15.0;103;3.31871719129767;49.836201420023;9.947440142942227;EN PLACE
Quartier de Neuville;Rue Jacques Blanchot;15.0;159;3.3187322278899;49.8362511664516;9.947440142942227;EN PLACE
Quartier de Neuville;Rue Jacques Blanchot;15.0;165;3.31875363470989;49.8363034192396;9.947440142942227;EN PLACE
Quartier de Neuville;Rue Jacques Blanchot;15.0;174;3.32005254050032;49.8317960484601;9.947440142942227;EN PLACE
Quartier de Neuville;Rue Jacques Blanchot;15.0;128;3.31998079365018;49.8317661327093;9.947440142942227;EN PLACE
Quartier de Neuville;Rue Jacques Blanchot;15.0;157;3.31990374757633;49.8317292474452;9.947440142942227;EN PLACE
Quartier de Neuville;Rue Jacques Blanchot;15.0;132;3.31982514332851;49.8316910528467;9.947440142942227;EN PLACE
Quartier de Neuville;Rue Jacques Blanchot;15.0;143;3.31975261989512;49.8316626450011;9.947440142942227;EN PLACE
Quartier de Neuville;Rue Jacques Blanchot;15.0;134;3.31968817611466;49.8316352993711;9.947440142942227;EN PLACE
Quartier de Neuville;Rue Jacques Blanchot;15.0;151;3.31962637797441;49.8316086792361;9.947440142942227;EN PLACE
Quartier de Neuville;Rue Jacques Blanchot;15.0;130;3.31957040540663;49.8315825412862;9.947440142942227;EN PLACE
Quartier de Neuville;Rue Jacques Blanchot;15.0;154;3.31950782921574;49.8315544523415;9.947440142942227;EN PLACE
Quartier de Neuville;Rue Jacques Blanchot;15.0;158;3.31944500550237;49.8315293255476;9.947440142942227;EN PLACE
Quartier de Neuville;Rue Jacques Blanchot;15.0;203;3.31937495346205;49.8315008657879;9.947440142942227;EN PLACE
Quartier de Neuville;Rue Jacques Blanchot;15.0;168;3.31918465105364;49.8314195032167;9.947440142942227;EN PLACE
Quartier de Neuville;Rue Jacques Blanchot;15.0;141;3.31912327710256;49.8313939092902;9.947440142942227;EN PLACE
Quartier de Neuville;Rue Jacques Blanchot;15.0;134;3.3190760829477;49.8313738536635;9.947440142942227;EN PLACE
Quartier de Neuville;Rue Jacques Blanchot;15.0;154;3.3190321932571;49.8313523936906;9.947440142942227;EN PLACE
Quartier de Neuville;Rue Raoul Huguet;14.0;159;3.31836800140538;49.8315973783402;9.947440142942227;REMPLACÉ
Quartier de Neuville;Rue Raoul Huguet;10.0;158;3.31847051669467;49.8316823168961;9.947440142942227;SUPPRIMÉ
Quartier de Neuville;Rue Raoul Huguet;10.0;137;3.31851430210097;49.8318160477228;9.947440142942227;REMPLACÉ
Quartier de Neuville;Rue Raoul Huguet;6.0;81;3.31867285611908;49.8319999861404;9.947440142942227;EN PLACE
Quartier de Neuville;Rue Raoul Huguet;6.0;91;3.31875368655391;49.8321017634067;9.947440142942227;EN PLACE
Quartier de Neuville;Rue Raoul Huguet;9.0;130;3.31879564771435;49.8321842633275;9.947440142942227;EN PLACE
Quartier de Neuville;Rue Raoul Huguet;12.0;130;3.31882429712254;49.8323947089112;9.947440142942227;REMPLACÉ
Quartier de Neuville;Rue Raoul Huguet;9.0;110;3.31887585568328;49.8324150557586;9.947440142942227;SUPPRIMÉ
Quartier de Neuville;Rue Raoul Huguet;12.0;132;3.31881384002579;49.8326455251829;9.947440142942227;REMPLACÉ
Quartier de Neuville;Rue Raoul Huguet;9.0;115;3.31882771673782;49.8327940097687;9.947440142942227;EN PLACE
Quartier de Neuville;Rue Raoul Huguet;6.0;137;3.31875805521295;49.83297003295;9.947440142942227;EN PLACE
Quartier de Neuville;Rue Raoul Huguet;15.0;158;3.31869945896986;49.8332452563376;9.947440142942227;SUPPRIMÉ
Quartier de Neuville;Rue Raoul Huguet;15.0;131;3.31862117550226;49.8332419463624;9.947440142942227;EN PLACE
Quartier de Neuville;Rue Raoul Huguet;15.0;149;3.31856762480639;49.8333052247178;9.947440142942227;EN PLACE
Quartier de Neuville;Rue Raoul Huguet;15.0;144;3.31848756272943;49.8334014482704;9.947440142942227;EN PLACE
Quartier de Neuville;Rue Raoul Huguet;15.0;126;3.31844383924175;49.8334707982292;9.947440142942227;EN PLACE
Quartier de Neuville;Rue Raoul Huguet;15.0;157;3.31839011822705;49.833531463387;9.947440142942227;EN PLACE
Quartier de Neuville;Rue Raoul Huguet;15.0;171;3.31820286287831;49.833684682167;9.947440142942227;EN PLACE
Quartier de Neuville;Rue Raoul Huguet;15.0;173;3.31809930878717;49.8337450714093;9.947440142942227;EN PLACE
Quartier de Neuville;Rue Raoul Huguet;15.0;177;3.31801391496989;49.8338010194393;9.947440142942227;EN PLACE
Quartier de Neuville;Rue Raoul Huguet;15.0;179;3.31793253708361;49.8338514578688;9.947440142942227;EN PLACE
Quartier de Neuville;Rue Raoul Huguet;15.0;137;3.31787770257485;49.8338834951944;9.947440142942227;EN PLACE
Quartier de Neuville;Rue Raoul Huguet;15.0;139;3.31782954550975;49.8339133899301;9.947440142942227;EN PLACE
Quartier de Neuville;Rue Raoul Huguet;15.0;178;3.31768891477055;49.8339968861716;9.947440142942227;EN PLACE
Quartier de Neuville;Rue Raoul Huguet;15.0;171;3.31758600386309;49.8340552665043;9.947440142942227;EN PLACE
Quartier de Neuville;Rue Raoul Huguet;15.0;152;3.31747105422307;49.8341164744896;9.947440142942227;EN PLACE
Quartier de Neuville;Rue Raoul Huguet;15.0;159;3.31736863036622;49.8341681373243;9.947440142942227;EN PLACE
Quartier de Neuville;Rue Raoul Huguet;15.0;163;3.31726285452983;49.8342195088424;9.947440142942227;EN PLACE
Quartier de Neuville;Rue Raoul Huguet;15.0;186;3.31721524364292;49.8342423981587;9.947440142942227;EN PLACE
Quartier de Neuville;Rue Raoul Huguet;15.0;140;3.31721871054868;49.8342721306236;9.947440142942227;EN PLACE
Quartier de Neuville;Rue Jean Labouret;8.0;112;3.31364750955623;49.8339815328773;9.947440142942227;EN PLACE
Quartier de Neuville;Rue Jean Labouret;12.0;172;3.3135954408681;49.8339389018871;9.947440142942227;EN PLACE
Quartier de Neuville;Chemin rural dit vieux chemin de Saint Quentin à Ribermont;8.0;100;3.32349373305274;49.8350145657938;9.947440142942227;EN PLACE
Quartier de Neuville;Chemin rural dit vieux chemin de Saint Quentin à Ribermont;6.0;60;3.32353521633766;49.834992363321;9.947440142942227;EN PLACE
Quartier de Neuville;Chemin rural dit vieux chemin de Saint Quentin à Ribermont;6.0;81;3.32356912153382;49.8349843401374;9.947440142942227;EN PLACE
Quartier de Neuville;Chemin rural dit vieux chemin de Saint Quentin à Ribermont;9.0;83;3.32361084080244;49.8349753855497;9.947440142942227;EN PLACE
Quartier de Neuville;Chemin rural dit vieux chemin de Saint Quentin à Ribermont;9.0;110;3.32369807184194;49.8349478665957;9.947440142942227;EN PLACE
Quartier Remicourt;Parc des Champs-Elysées;6.0;30;3.29208618864088;49.8506336688981;9.32876712328767;EN PLACE
Quartier Remicourt;Parc des Champs-Elysées;6.0;30;3.29244323117322;49.8502789153563;9.32876712328767;EN PLACE
Quartier Remicourt;Parc des Champs-Elysées;6.0;30;3.29242363965938;49.850199069758;9.32876712328767;EN PLACE
Quartier Remicourt;Parc des Champs-Elysées;5.0;27;3.29484117719259;49.8504131928234;9.32876712328767;EN PLACE
Quartier du Centre-Ville;Square Churchill;4.0;25;3.29066990136229;49.848424384971;9.32876712328767;EN PLACE
Quartier du Centre-Ville;Square Churchill;4.0;17;3.2907964564935;49.8485096129842;10.32876712328767;Essouché
Quartier Remicourt;Place du Nain d'Alsace;9.0;87;3.29725173797802;49.8479041538976;9.947440142942227;EN PLACE
Quartier Remicourt;Place du Nain d'Alsace;4.0;140;3.29737740830458;49.8481042160499;9.947440142942227;EN PLACE
Quartier Remicourt;Place du Nain d'Alsace;10.0;65;3.29778278801308;49.848189583188;9.947440142942227;EN PLACE
Quartier Remicourt;Place du Nain d'Alsace;7.0;41;3.29748320067593;49.848405362374;9.947440142942227;EN PLACE
Quartier Remicourt;Place du Nain d'Alsace;7.0;62;3.29747303173615;49.8484219469264;9.947440142942227;EN PLACE
Quartier Remicourt;Place du Nain d'Alsace;5.0;22;3.29739670823575;49.8483848924594;9.947440142942227;EN PLACE
Quartier Remicourt;Place du Nain d'Alsace;9.0;67;3.29729233296108;49.8484758192629;9.947440142942227;EN PLACE
Quartier Remicourt;Place du Nain d'Alsace;15.0;46;3.29724072004526;49.8485136949515;9.947440142942227;EN PLACE
Quartier Remicourt;Place du Nain d'Alsace;15.0;88;3.29718868718431;49.8485070226321;9.947440142942227;EN PLACE
Quartier Remicourt;Place du Nain d'Alsace;8.0;73;3.29705746981278;49.8482992928255;9.947440142942227;EN PLACE
Quartier Remicourt;Place du Nain d'Alsace;9.0;85;3.29639915677492;49.8482758703523;9.947440142942227;Essouché
Quartier Remicourt;Place du Nain d'Alsace;9.0;86;3.29636570189985;49.8482501879062;9.947440142942227;Essouché
Quartier Remicourt;Place du Nain d'Alsace;9.0;98;3.29643319137663;49.8482287791543;9.947440142942227;Essouché
Quartier Remicourt;Place du Nain d'Alsace;9.0;79;3.29654510553599;49.8480866176225;9.947440142942227;EN PLACE
Quartier Remicourt;Place du Nain d'Alsace;9.0;65;3.29659467892928;49.8480395509557;9.947440142942227;EN PLACE
Quartier Remicourt;Place du Nain d'Alsace;9.0;83;3.2966659954952;49.8479792213137;9.947440142942227;EN PLACE
Quartier Remicourt;Place du Nain d'Alsace;9.0;68;3.2967526845608;49.8479148582709;9.947440142942227;EN PLACE
Quartier Remicourt;Place du Nain d'Alsace;9.0;68;3.29682393677579;49.8478483171224;9.947440142942227;EN PLACE
Quartier Remicourt;Place du Nain d'Alsace;9.0;106;3.29692193113912;49.8477884197409;9.947440142942227;EN PLACE
Quartier Remicourt;Place du Nain d'Alsace;7.0;121;3.29647124851186;49.847996170458;9.947440142942227;EN PLACE
Quartier Remicourt;Place du Nain d'Alsace;11.0;104;3.29638364492394;49.8479883675849;9.947440142942227;EN PLACE
Quartier Remicourt;Avenue du Général de Gaulle;5.0;160;3.29824036252748;49.843104046338;9.947440142942227;EN PLACE
Quartier Remicourt;Avenue du Général de Gaulle;5.0;146;3.29827640833685;49.8431394468126;9.947440142942227;EN PLACE
Quartier Remicourt;Avenue du Général de Gaulle;5.0;134;3.29831230071062;49.8431676624053;9.947440142942227;EN PLACE
Quartier Remicourt;Avenue du Général de Gaulle;5.0;132;3.2983631085955;49.8432054078382;9.947440142942227;EN PLACE
Quartier Remicourt;Avenue du Général de Gaulle;5.0;162;3.29840576291346;49.8432450080507;9.947440142942227;EN PLACE
Quartier Remicourt;Avenue du Général de Gaulle;5.0;153;3.29844953184853;49.8432817931645;9.947440142942227;EN PLACE
Quartier Remicourt;Avenue du Général de Gaulle;5.0;125;3.29848315443971;49.8433144009713;9.947440142942227;EN PLACE
Quartier Remicourt;Avenue du Général de Gaulle;5.0;140;3.29851883239578;49.8433441238634;9.947440142942227;EN PLACE
Quartier Remicourt;Avenue du Général de Gaulle;5.0;126;3.2985615785085;49.8433809465985;9.947440142942227;EN PLACE
Quartier Remicourt;Avenue du Général de Gaulle;5.0;149;3.29860229372655;49.8434123163114;9.947440142942227;EN PLACE
Quartier Remicourt;Avenue du Général de Gaulle;5.0;175;3.29863544796532;49.8434476619925;9.947440142942227;EN PLACE
Quartier Remicourt;Avenue du Général de Gaulle;5.0;133;3.29867485548726;49.843483215619;9.947440142942227;EN PLACE
Quartier Remicourt;Avenue du Général de Gaulle;5.0;137;3.29872446999534;49.843518031206;9.947440142942227;EN PLACE
Quartier Remicourt;Avenue du Général de Gaulle;5.0;142;3.29876142439152;49.8435459086076;9.947440142942227;EN PLACE
Quartier Remicourt;Avenue du Général de Gaulle;5.0;113;3.29881667751227;49.8435834006805;9.947440142942227;EN PLACE
Quartier Remicourt;Avenue du Général de Gaulle;5.0;140;3.29885607055193;49.8436169925404;9.947440142942227;EN PLACE
Quartier Remicourt;Avenue du Général de Gaulle;5.0;175;3.29889152385097;49.8436492467322;9.947440142942227;EN PLACE
Quartier Remicourt;Avenue du Général de Gaulle;5.0;158;3.29897876272785;49.8437189010435;9.947440142942227;EN PLACE
Quartier Remicourt;Avenue du Général de Gaulle;5.0;131;3.29906800129554;49.8437908778511;9.947440142942227;EN PLACE
Quartier Remicourt;Avenue du Général de Gaulle;5.0;172;3.29912560913131;49.8438327853363;9.947440142942227;EN PLACE
Quartier Remicourt;Avenue du Général de Gaulle;5.0;135;3.29916484730825;49.8438739772081;9.947440142942227;EN PLACE
Quartier Remicourt;Avenue du Général de Gaulle;5.0;118;3.29921540913644;49.8439067079549;9.947440142942227;EN PLACE
Quartier Remicourt;Avenue du Général de Gaulle;5.0;178;3.29925874728756;49.843935346609;9.947440142942227;EN PLACE
Quartier Remicourt;Avenue du Général de Gaulle;5.0;193;3.29930294764573;49.8439717697755;9.947440142942227;EN PLACE
Quartier Remicourt;Avenue du Général de Gaulle;5.0;188;3.29934908561093;49.8440090241065;9.947440142942227;EN PLACE
Quartier Remicourt;Avenue du Général de Gaulle;5.0;184;3.29939034780727;49.8440485313021;9.947440142942227;EN PLACE
Quartier Remicourt;Avenue du Général de Gaulle;5.0;140;3.29943711700629;49.8440784773573;9.947440142942227;EN PLACE
Quartier Remicourt;Avenue du Général de Gaulle;5.0;158;3.29948555483023;49.8441146163316;9.947440142942227;EN PLACE
Quartier Remicourt;Avenue du Général de Gaulle;5.0;144;3.29952924700806;49.844158385098;9.947440142942227;EN PLACE
Quartier Remicourt;Avenue du Général de Gaulle;5.0;127;3.29957612374345;49.8441927083274;9.947440142942227;EN PLACE
Quartier Remicourt;Avenue du Général de Gaulle;5.0;180;3.29961756271851;49.8442205776058;9.947440142942227;EN PLACE
Quartier Remicourt;Avenue du Général de Gaulle;5.0;181;3.29969571653036;49.8442892772853;9.947440142942227;EN PLACE
Quartier Remicourt;Avenue du Général de Gaulle;5.0;118;3.29975102443248;49.8443293391722;9.947440142942227;EN PLACE
Quartier Remicourt;Avenue du Général de Gaulle;5.0;125;3.29979890039349;49.8443658237878;9.947440142942227;EN PLACE
Quartier Remicourt;Avenue du Général de Gaulle;5.0;184;3.29984112441699;49.8444010848191;9.947440142942227;EN PLACE
Quartier Remicourt;Avenue du Général de Gaulle;5.0;170;3.29987870066266;49.844434731315;9.947440142942227;EN PLACE
Quartier Remicourt;Avenue du Général de Gaulle;5.0;182;3.29991799384648;49.8444747315372;9.947440142942227;EN PLACE
Quartier Remicourt;Avenue du Général de Gaulle;5.0;178;3.29997840149955;49.8445093005385;9.947440142942227;EN PLACE
Quartier Remicourt;Avenue du Général de Gaulle;5.0;184;3.3000242553592;49.8445447158552;9.947440142942227;EN PLACE
Quartier Remicourt;Avenue du Général de Gaulle;5.0;148;3.30006102449327;49.8445809311592;9.947440142942227;EN PLACE
Quartier Remicourt;Avenue du Général de Gaulle;5.0;193;3.30010623946963;49.8446112009799;9.947440142942227;EN PLACE
Quartier Remicourt;Avenue du Général de Gaulle;5.0;164;3.30110558566391;49.8454121157609;9.947440142942227;EN PLACE
Quartier Remicourt;Avenue du Général de Gaulle;5.0;198;3.30118341555902;49.8454831159395;9.947440142942227;EN PLACE
Quartier Remicourt;La Boisselle;16.0;131;3.30095293127477;49.8512187473174;9.947440142942227;EN PLACE
Quartier Remicourt;La Boisselle;16.0;113;3.30101509979055;49.8511582857242;9.947440142942227;EN PLACE
Quartier Remicourt;La Boisselle;16.0;97;3.3010574544959;49.8511443856451;9.947440142942227;EN PLACE
Quartier Remicourt;La Boisselle;9.0;153;3.30106982306948;49.8513466544713;9.947440142942227;EN PLACE
Quartier de l'Europe;Avenue Buffon;10.0;157;3.30397248406092;49.8583899167185;9.947440142942227;EN PLACE
Quartier de l'Europe;Avenue Buffon;10.0;148;3.30392352212132;49.8583844621429;9.947440142942227;EN PLACE
Quartier de l'Europe;Avenue Buffon;10.0;141;3.30390896057616;49.8583595700466;9.947440142942227;EN PLACE
Quartier de l'Europe;Avenue Buffon;12.0;102;3.30381732247381;49.8583614398522;9.947440142942227;EN PLACE
Quartier de l'Europe;Avenue Buffon;9.0;133;3.30381436797243;49.8583303241509;9.947440142942227;EN PLACE
Quartier de l'Europe;Avenue Buffon;5.0;27;3.30252342679642;49.8605777714586;9.32876712328767;EN PLACE
Quartier de l'Europe;Avenue Buffon;5.0;25;3.30251782219943;49.8606784066714;9.32876712328767;EN PLACE
Quartier de l'Europe;Avenue Buffon;5.0;26;3.30236860625244;49.860615563483;9.32876712328767;EN PLACE
Quartier de l'Europe;Square des Marronniers;4.0;23;3.30177391451378;49.8613127473791;9.32876712328767;SUPPRIMÉ
Quartier de l'Europe;Square des Marronniers;4.0;18;3.30174149832581;49.8612115779004;10.32876712328767;REMPLACÉ
Quartier de l'Europe;Avenue Robert Schuman;5.0;27;3.29894109927089;49.8608393050736;9.32876712328767;SUPPRIMÉ
Quartier de l'Europe;Avenue Robert Schuman;5.0;29;3.29668836584877;49.8596165851077;9.32876712328767;EN PLACE
Quartier de l'Europe;Espace de glisse;5.0;25;3.29977515983947;49.8650738391386;9.32876712328767;EN PLACE
Quartier de l'Europe;Espace de glisse;5.0;27;3.30011469015475;49.8650739393729;9.32876712328767;EN PLACE
Quartier de l'Europe;Espace de glisse;5.0;19;3.30019156760034;49.8649693777912;9.32876712328767;EN PLACE
Quartier de l'Europe;Espace de glisse;5.0;22;3.29999775942488;49.8649207166572;9.32876712328767;EN PLACE
Quartier du Vermandois;Salle Vermand Fayet;9.0;148;3.27095083296267;49.8524504912644;9.947440142942227;EN PLACE
Quartier Saint-Jean;Rue de Vermand;8.0;55;3.2702187561862;49.8502569842803;9.947440142942227;EN PLACE
Quartier Saint-Jean;Rue de Vermand;8.0;50;3.27015481059785;49.8501533142352;9.947440142942227;EN PLACE
Quartier Saint-Martin - Oëstres;Résidence OPAC rue du Docteur Cordier;7.0;83;3.27436056459232;49.8441807684865;9.947440142942227;EN PLACE
Quartier Saint-Martin - Oëstres;Square Rocourt;5.0;26;3.27259955776777;49.8388280376232;9.32876712328767;EN PLACE
Quartier Saint-Martin - Oëstres;Ecole maternelle Ernest Lavisse;5.0;23;3.26623139825333;49.8362469469561;9.32876712328767;EN PLACE
Quartier Saint-Martin - Oëstres;Ecole maternelle Ernest Lavisse;5.0;25;3.26599675872406;49.8361759292187;9.32876712328767;Non essouché
Quartier Saint-Martin - Oëstres;Ecole maternelle Ernest Lavisse;5.0;26;3.26586725888844;49.8363922446444;9.32876712328767;EN PLACE
Quartier Saint-Martin - Oëstres;Square Gaston Massot;6.0;30;3.2630149821202;49.8363382217273;9.32876712328767;EN PLACE
Quartier Saint-Martin - Oëstres;Square Gaston Massot;6.0;29;3.26286024352832;49.8364634214049;9.32876712328767;EN PLACE
Quartier Saint-Martin - Oëstres;Square Gaston Massot;6.0;29;3.26301951210509;49.8365818526014;9.32876712328767;EN PLACE
Quartier Saint-Martin - Oëstres;Square Gaston Massot;6.0;30;3.26323323620441;49.8365606376162;9.32876712328767;EN PLACE
Quartier Saint-Martin - Oëstres;Square Gaston Massot;6.0;27;3.26325249719361;49.8364207064438;9.32876712328767;EN PLACE
Quartier Saint-Martin - Oëstres;Square Gaston Massot;6.0;32;3.26330071299251;49.8362831521505;9.32876712328767;EN PLACE
Quartier Saint-Martin - Oëstres;Square Gaston Massot;6.0;26;3.26449752102753;49.8363127374589;9.32876712328767;EN PLACE
Quartier Saint-Martin - Oëstres;Square Gaston Massot;6.0;28;3.26447697396773;49.8364313065407;9.32876712328767;EN PLACE
Quartier Saint-Martin - Oëstres;Rue Jean Falloux;6.0;139;3.26442892102035;49.835072044545;9.947440142942227;EN PLACE
Quartier Saint-Martin - Oëstres;Rue Jean Falloux;6.0;138;3.26438729748183;49.8350455297853;9.947440142942227;EN PLACE
Quartier Saint-Martin - Oëstres;Rue Jean Falloux;5.0;20;3.26396360493746;49.8349741451981;9.32876712328767;EN PLACE
OMISSY;Terrain aventure Europe;12.0;161;3.30422453570025;49.8647951916615;9.947440142942227;EN PLACE
OMISSY;Terrain aventure Europe;12.0;145;3.30417553630003;49.8647883194874;9.947440142942227;EN PLACE
OMISSY;Terrain aventure Europe;12.0;123;3.30417959049138;49.8647553103134;9.947440142942227;EN PLACE
OMISSY;Terrain aventure Europe;12.0;78;3.30422821722589;49.8647500867546;9.947440142942227;EN PLACE
OMISSY;Terrain aventure Europe;12.0;82;3.30421011171225;49.8647127251474;9.947440142942227;EN PLACE
OMISSY;Terrain aventure Europe;12.0;128;3.30415881808146;49.8647373642637;9.947440142942227;EN PLACE
OMISSY;Terrain aventure Europe;12.0;82;3.30413167212602;49.8647529737176;9.947440142942227;EN PLACE
OMISSY;Terrain aventure Europe;12.0;117;3.30411049078416;49.8647646460709;9.947440142942227;EN PLACE
OMISSY;Terrain aventure Europe;12.0;78;3.30412263630405;49.8647889734383;9.947440142942227;EN PLACE
OMISSY;Terrain aventure Europe;12.0;124;3.30412893643634;49.8648174012176;9.947440142942227;EN PLACE
OMISSY;Terrain aventure Europe;12.0;120;3.3041019466865;49.8647942612728;9.947440142942227;EN PLACE
OMISSY;Terrain aventure Europe;12.0;92;3.30408047237846;49.8647184830394;9.947440142942227;EN PLACE
OMISSY;Terrain aventure Europe;12.0;93;3.30409322694496;49.8647477284264;9.947440142942227;EN PLACE
OMISSY;Terrain aventure Europe;12.0;106;3.30407265516706;49.8647403825221;9.947440142942227;EN PLACE
OMISSY;Terrain aventure Europe;12.0;95;3.30408504577556;49.8647638641536;9.947440142942227;EN PLACE
OMISSY;Terrain aventure Europe;12.0;91;3.3040281024949;49.8647106260819;9.947440142942227;EN PLACE
OMISSY;Terrain aventure Europe;12.0;86;3.30404849057719;49.8647794646852;9.947440142942227;EN PLACE
OMISSY;Terrain aventure Europe;12.0;100;3.30407873071156;49.8648223537144;9.947440142942227;EN PLACE
OMISSY;Terrain aventure Europe;12.0;105;3.30400256191197;49.8648154223479;9.947440142942227;EN PLACE
OMISSY;Terrain aventure Europe;12.0;114;3.30404266714239;49.8648219049569;9.947440142942227;EN PLACE
OMISSY;Terrain aventure Europe;12.0;96;3.30397803600799;49.864773964179;9.947440142942227;EN PLACE
OMISSY;Terrain aventure Europe;12.0;99;3.30401555455388;49.8647865643245;9.947440142942227;EN PLACE
OMISSY;Terrain aventure Europe;12.0;128;3.30400567222262;49.8647878647563;9.947440142942227;EN PLACE
OMISSY;Terrain aventure Europe;12.0;113;3.30393425520123;49.8647428463446;9.947440142942227;EN PLACE
OMISSY;Terrain aventure Europe;12.0;103;3.30390072699324;49.8647549372031;9.947440142942227;EN PLACE
OMISSY;Terrain aventure Europe;12.0;107;3.30394067226189;49.8647793922388;9.947440142942227;EN PLACE
OMISSY;Terrain aventure Europe;12.0;101;3.30394381766348;49.8648102646132;9.947440142942227;EN PLACE
OMISSY;Terrain aventure Europe;12.0;105;3.30385846309594;49.8647872918298;9.947440142942227;EN PLACE
OMISSY;Terrain aventure Europe;12.0;56;3.3034393278164;49.8647103066352;9.947440142942227;EN PLACE
OMISSY;Terrain aventure Europe;12.0;69;3.30345522755213;49.8647131461048;9.947440142942227;EN PLACE
OMISSY;Terrain aventure Europe;12.0;72;3.30337988013634;49.8647206967814;9.947440142942227;EN PLACE
OMISSY;Terrain aventure Europe;12.0;81;3.30339673964336;49.8647035281543;9.947440142942227;EN PLACE
OMISSY;Terrain aventure Europe;12.0;63;3.30344162807077;49.8646965506454;9.947440142942227;EN PLACE
OMISSY;Terrain aventure Europe;12.0;54;3.30346626358039;49.8646411101026;9.947440142942227;EN PLACE
OMISSY;Terrain aventure Europe;12.0;54;3.30342974518195;49.8646737005645;9.947440142942227;EN PLACE
OMISSY;Terrain aventure Europe;12.0;55;3.30341659956716;49.8646511009829;9.947440142942227;EN PLACE
OMISSY;Terrain aventure Europe;12.0;54;3.30341555388179;49.8646583374282;9.947440142942227;EN PLACE
OMISSY;Terrain aventure Europe;12.0;64;3.30341719095841;49.8646581192253;9.947440142942227;EN PLACE
OMISSY;Terrain aventure Europe;12.0;47;3.30333967740901;49.8646320393735;9.947440142942227;EN PLACE
OMISSY;Terrain aventure Europe;12.0;68;3.30334786360698;49.8647026285941;9.947440142942227;EN PLACE
OMISSY;Terrain aventure Europe;12.0;69;3.30334189984301;49.8647224644193;9.947440142942227;EN PLACE
OMISSY;Terrain aventure Europe;12.0;50;3.30331964613364;49.8646722830704;9.947440142942227;EN PLACE
OMISSY;Terrain aventure Europe;12.0;55;3.30330543573107;49.8646560739656;9.947440142942227;EN PLACE
OMISSY;Terrain aventure Europe;12.0;90;3.30328544548517;49.8646899100321;9.947440142942227;EN PLACE
OMISSY;Terrain aventure Europe;12.0;39;3.30326989072982;49.8646789737176;9.947440142942227;EN PLACE
OMISSY;Terrain aventure Europe;12.0;39;3.30326739943366;49.8646753282161;9.947440142942227;EN PLACE
OMISSY;Terrain aventure Europe;12.0;57;3.30335564557054;49.8647253732983;9.947440142942227;EN PLACE
OMISSY;Terrain aventure Europe;12.0;56;3.30333365478388;49.8647105283712;9.947440142942227;EN PLACE
OMISSY;Terrain aventure Europe;12.0;66;3.30330693683958;49.8647177915611;9.947440142942227;EN PLACE
OMISSY;Terrain aventure Europe;12.0;107;3.30299783597571;49.8648317823225;9.947440142942227;EN PLACE
OMISSY;Terrain aventure Europe;12.0;108;3.3030054909652;49.8647869099491;9.947440142942227;EN PLACE
OMISSY;Terrain aventure Europe;12.0;79;3.30300648151703;49.8647502370083;9.947440142942227;EN PLACE
OMISSY;Terrain aventure Europe;12.0;88;3.30295883596103;49.8647832920676;9.947440142942227;EN PLACE
OMISSY;Terrain aventure Europe;12.0;68;3.30301756404538;49.8648169375827;9.947440142942227;EN PLACE
OMISSY;Terrain aventure Europe;12.0;88;3.30296726399581;49.8648438005548;9.947440142942227;EN PLACE
OMISSY;Terrain aventure Europe;12.0;71;3.30294839124781;49.8648280008149;9.947440142942227;EN PLACE
OMISSY;Terrain aventure Europe;12.0;75;3.30297753691668;49.8647514462817;9.947440142942227;EN PLACE
OMISSY;Terrain aventure Europe;12.0;84;3.30297458208725;49.8647312918454;9.947440142942227;EN PLACE
OMISSY;Terrain aventure Europe;12.0;107;3.30291553602569;49.8647448013171;9.947440142942227;EN PLACE
OMISSY;Terrain aventure Europe;12.0;70;3.30283387241816;49.8647872555057;9.947440142942227;EN PLACE
OMISSY;Terrain aventure Europe;12.0;88;3.30289394596908;49.8648257281998;9.947440142942227;EN PLACE
OMISSY;Terrain aventure Europe;12.0;44;3.30294304571536;49.8647966099456;9.947440142942227;EN PLACE
OMISSY;Terrain aventure Europe;12.0;104;3.30292290849005;49.8648123188148;9.947440142942227;EN PLACE
OMISSY;Terrain aventure Europe;12.0;90;3.30288573579397;49.8648374558826;9.947440142942227;EN PLACE
OMISSY;Terrain aventure Europe;12.0;103;3.30285869119045;49.8648082643009;9.947440142942227;EN PLACE
OMISSY;Terrain aventure Europe;12.0;86;3.30286568116457;49.8647563559008;9.947440142942227;EN PLACE
OMISSY;Terrain aventure Europe;12.0;90;3.30285330943146;49.8647455281994;9.947440142942227;EN PLACE
OMISSY;Terrain aventure Europe;12.0;57;3.3028700096417;49.8647791374125;9.947440142942227;EN PLACE
OMISSY;Terrain aventure Europe;12.0;102;3.30283437257736;49.8647463735877;9.947440142942227;EN PLACE
OMISSY;Terrain aventure Europe;18.0;158;3.30200518208337;49.86540340966;9.947440142942227;EN PLACE
OMISSY;Terrain aventure Europe;18.0;129;3.30193137307254;49.8653860922712;9.947440142942227;EN PLACE
OMISSY;Terrain aventure Europe;18.0;124;3.30191914548348;49.8653837646036;9.947440142942227;EN PLACE
OMISSY;Terrain aventure Europe;18.0;72;3.30192949939814;49.8653962374514;9.947440142942227;EN PLACE
OMISSY;Terrain aventure Europe;18.0;57;3.30194005500732;49.8654141373329;9.947440142942227;EN PLACE
OMISSY;Terrain aventure Europe;18.0;102;3.30195241791247;49.8654398102316;9.947440142942227;EN PLACE
OMISSY;Terrain aventure Europe;18.0;76;3.30193210887962;49.8654493914551;9.947440142942227;EN PLACE
OMISSY;Terrain aventure Europe;18.0;85;3.30186170866305;49.8653854649006;9.947440142942227;EN PLACE
OMISSY;Terrain aventure Europe;18.0;98;3.30190750969962;49.8654260830398;9.947440142942227;EN PLACE
OMISSY;Terrain aventure Europe;18.0;46;3.30193276393025;49.8654444099438;9.947440142942227;EN PLACE
OMISSY;Terrain aventure Europe;18.0;49;3.30191999936803;49.8654513375585;9.947440142942227;EN PLACE
OMISSY;Terrain aventure Europe;18.0;129;3.30192447214913;49.8654648558342;9.947440142942227;EN PLACE
OMISSY;Terrain aventure Europe;18.0;61;3.3019255728929;49.8654683377147;9.947440142942227;EN PLACE
OMISSY;Terrain aventure Europe;18.0;55;3.30188219996263;49.8654667823742;9.947440142942227;EN PLACE
OMISSY;Terrain aventure Europe;18.0;97;3.30188421790335;49.8654649377349;9.947440142942227;EN PLACE
OMISSY;Terrain aventure Europe;18.0;70;3.30185659997073;49.8654187005545;9.947440142942227;EN PLACE
OMISSY;Terrain aventure Europe;18.0;52;3.30183953656179;49.865408500656;9.947440142942227;EN PLACE
OMISSY;Terrain aventure Europe;18.0;68;3.3018700268175;49.8654188188821;9.947440142942227;EN PLACE
OMISSY;Terrain aventure Europe;18.0;53;3.30191705522128;49.865436246514;9.947440142942227;EN PLACE
OMISSY;Terrain aventure Europe;18.0;57;3.30194240048145;49.8654261920327;9.947440142942227;Essouché
OMISSY;Terrain aventure Europe;18.0;82;3.30196759932374;49.8654332557976;9.947440142942227;EN PLACE
OMISSY;Terrain aventure Europe;18.0;102;3.30192066386435;49.8654815735333;9.947440142942227;EN PLACE
OMISSY;Terrain aventure Europe;18.0;79;3.30190538118678;49.8655096514313;9.947440142942227;EN PLACE
OMISSY;Terrain aventure Europe;18.0;57;3.30187017281936;49.8655049545024;9.947440142942227;EN PLACE
OMISSY;Terrain aventure Europe;18.0;68;3.30191973606788;49.8654858553871;9.947440142942227;EN PLACE
OMISSY;Terrain aventure Europe;18.0;111;3.30186319068257;49.8654579369521;9.947440142942227;EN PLACE
OMISSY;Terrain aventure Europe;18.0;76;3.30181275760825;49.865428781875;9.947440142942227;EN PLACE
OMISSY;Terrain aventure Europe;18.0;67;3.30183666306808;49.8654618737356;9.947440142942227;EN PLACE
OMISSY;Terrain aventure Europe;18.0;62;3.30186320045227;49.8654694735115;9.947440142942227;EN PLACE
OMISSY;Terrain aventure Europe;18.0;132;3.30158388243393;49.8654435487089;9.947440142942227;EN PLACE
OMISSY;Terrain aventure Europe;18.0;68;3.30162357055856;49.8654624715434;9.947440142942227;EN PLACE
OMISSY;Terrain aventure Europe;18.0;105;3.30167566193581;49.8654853659663;9.947440142942227;EN PLACE
OMISSY;Terrain aventure Europe;18.0;179;3.30172737313843;49.8655070458297;9.947440142942227;EN PLACE
OMISSY;Terrain aventure Europe;18.0;112;3.30163529218998;49.8655483445785;9.947440142942227;EN PLACE
OMISSY;Terrain aventure Europe;18.0;107;3.30159202982745;49.8655215651559;9.947440142942227;EN PLACE
OMISSY;Terrain aventure Europe;18.0;156;3.30156115552159;49.8654881351176;9.947440142942227;EN PLACE
OMISSY;Terrain aventure Europe;18.0;58;3.30151461952628;49.8655141624648;9.947440142942227;EN PLACE
OMISSY;Terrain aventure Europe;18.0;151;3.30156174100337;49.86556258378;9.947440142942227;EN PLACE
OMISSY;Terrain aventure Europe;18.0;119;3.30157746489771;49.865601963063;9.947440142942227;EN PLACE
OMISSY;Terrain aventure Europe;12.0;90;3.30102437203049;49.8656825278888;9.947440142942227;EN PLACE
OMISSY;Terrain aventure Europe;12.0;96;3.30100965405363;49.8656596830438;9.947440142942227;EN PLACE
OMISSY;Terrain aventure Europe;12.0;104;3.30100622705396;49.8656458734603;9.947440142942227;EN PLACE
OMISSY;Terrain aventure Europe;12.0;77;3.30101880888949;49.8656172919456;9.947440142942227;EN PLACE
OMISSY;Terrain aventure Europe;12.0;94;3.30102914517423;49.8656539007572;9.947440142942227;EN PLACE
OMISSY;Terrain aventure Europe;12.0;103;3.30103207241634;49.8656909915679;9.947440142942227;EN PLACE
OMISSY;Terrain aventure Europe;12.0;75;3.30099525412157;49.8657018376476;9.947440142942227;EN PLACE
OMISSY;Terrain aventure Europe;12.0;105;3.30096282721657;49.8656923368978;9.947440142942227;EN PLACE
OMISSY;Terrain aventure Europe;12.0;88;3.30096763655271;49.8656342280963;9.947440142942227;EN PLACE
OMISSY;Terrain aventure Europe;12.0;98;3.30090251750721;49.8656125552812;9.947440142942227;EN PLACE
OMISSY;Terrain aventure Europe;12.0;116;3.30090910039954;49.8656504099105;9.947440142942227;EN PLACE
OMISSY;Terrain aventure Europe;12.0;94;3.30093566321579;49.8656877916916;9.947440142942227;EN PLACE
OMISSY;Terrain aventure Europe;12.0;69;3.30097611749269;49.8656760732266;9.947440142942227;EN PLACE
OMISSY;Terrain aventure Europe;12.0;93;3.30094820067254;49.8656440280764;9.947440142942227;EN PLACE
OMISSY;Terrain aventure Europe;12.0;81;3.30093174583424;49.8656579740163;9.947440142942227;EN PLACE
OMISSY;Terrain aventure Europe;12.0;74;3.30321335443963;49.8658675553116;9.947440142942227;EN PLACE
OMISSY;Terrain aventure Europe;12.0;119;3.30322866384695;49.8659172825848;9.947440142942227;EN PLACE
OMISSY;Terrain aventure Europe;12.0;92;3.30325465415425;49.8659233829474;9.947440142942227;EN PLACE
OMISSY;Terrain aventure Europe;12.0;91;3.30322257296803;49.8659564194818;9.947440142942227;EN PLACE
OMISSY;Terrain aventure Europe;12.0;68;3.30324729990326;49.8659307102971;9.947440142942227;EN PLACE
OMISSY;Terrain aventure Europe;12.0;66;3.30325245451383;49.8659127007452;9.947440142942227;EN PLACE
OMISSY;Terrain aventure Europe;12.0;100;3.30326884549268;49.8658779371899;9.947440142942227;EN PLACE
OMISSY;Terrain aventure Europe;12.0;67;3.30329119983936;49.8658741097562;9.947440142942227;EN PLACE
OMISSY;Terrain aventure Europe;12.0;111;3.3033177089671;49.8659315192293;9.947440142942227;EN PLACE
OMISSY;Terrain aventure Europe;12.0;81;3.30330431883906;49.8659537917606;9.947440142942227;EN PLACE
OMISSY;Terrain aventure Europe;12.0;107;3.3033017902345;49.8659652737384;9.947440142942227;EN PLACE
OMISSY;Terrain aventure Europe;12.0;42;3.30331199035662;49.8659561643152;9.947440142942227;EN PLACE
OMISSY;Terrain aventure Europe;12.0;114;3.30331413655649;49.865907119304;9.947440142942227;EN PLACE
OMISSY;Terrain aventure Europe;12.0;73;3.30330031865509;49.8659002377142;9.947440142942227;EN PLACE
OMISSY;Terrain aventure Europe;12.0;71;3.30334730878219;49.8658759922006;9.947440142942227;EN PLACE
OMISSY;Terrain aventure Europe;12.0;56;3.30337635416792;49.8659305738973;9.947440142942227;EN PLACE
OMISSY;Terrain aventure Europe;12.0;90;3.30335706409096;49.8659486010867;9.947440142942227;EN PLACE
OMISSY;Terrain aventure Europe;12.0;90;3.30336075467354;49.8659225919869;9.947440142942227;EN PLACE
OMISSY;Terrain aventure Europe;12.0;60;3.30337973684764;49.8659080826676;9.947440142942227;EN PLACE
OMISSY;Terrain aventure Europe;12.0;44;3.30337839117335;49.8658953736057;9.947440142942227;EN PLACE
OMISSY;Terrain aventure Europe;12.0;92;3.30341540033062;49.8658733915767;9.947440142942227;EN PLACE
OMISSY;Terrain aventure Europe;12.0;74;3.3034323460206;49.8659126101203;9.947440142942227;EN PLACE
OMISSY;Terrain aventure Europe;12.0;70;3.30343999090125;49.8659221463494;9.947440142942227;EN PLACE
OMISSY;Terrain aventure Europe;12.0;53;3.30350008227102;49.8659202460264;9.947440142942227;EN PLACE
OMISSY;Terrain aventure Europe;12.0;47;3.30346705420211;49.8659072007766;9.947440142942227;EN PLACE
OMISSY;Terrain aventure Europe;12.0;63;3.30349073580024;49.8659180468333;9.947440142942227;EN PLACE
OMISSY;Terrain aventure Europe;12.0;62;3.30347867261575;49.8659430104025;9.947440142942227;EN PLACE
OMISSY;Terrain aventure Europe;12.0;90;3.30348800952558;49.8659504097145;9.947440142942227;EN PLACE
OMISSY;Terrain aventure Europe;12.0;76;3.30348879966447;49.8659367097784;9.947440142942227;EN PLACE
OMISSY;Terrain aventure Europe;12.0;63;3.30348360907079;49.8659313459854;9.947440142942227;EN PLACE
OMISSY;Terrain aventure Europe;12.0;95;3.30351668121828;49.8658813552686;9.947440142942227;EN PLACE
OMISSY;Terrain aventure Europe;12.0;93;3.30350198161496;49.8658502097773;9.947440142942227;EN PLACE
OMISSY;Terrain aventure Europe;12.0;39;3.30345320858543;49.8658684012758;9.947440142942227;EN PLACE
OMISSY;Terrain aventure Europe;12.0;95;3.30347269152259;49.8659544374729;9.947440142942227;EN PLACE
OMISSY;Terrain aventure Europe;12.0;47;3.30350388196118;49.8659458464869;9.947440142942227;EN PLACE
OMISSY;Terrain aventure Europe;12.0;54;3.30355645411154;49.8659475284931;9.947440142942227;EN PLACE
OMISSY;Terrain aventure Europe;12.0;53;3.30357853614765;49.865946446502;9.947440142942227;EN PLACE
OMISSY;Terrain aventure Europe;12.0;102;3.30358101794121;49.8659114464438;9.947440142942227;EN PLACE
OMISSY;Terrain aventure Europe;12.0;51;3.30354696330751;49.8659251460512;9.947440142942227;EN PLACE
OMISSY;Terrain aventure Europe;12.0;46;3.30358431776246;49.8659616830066;9.947440142942227;EN PLACE
OMISSY;Terrain aventure Europe;12.0;42;3.30357622667755;49.8659434280744;9.947440142942227;EN PLACE
OMISSY;Terrain aventure Europe;12.0;97;3.3035319363379;49.8659840914082;9.947440142942227;EN PLACE
OMISSY;Terrain aventure Europe;12.0;80;3.30356337327691;49.8659800462548;9.947440142942227;EN PLACE
OMISSY;Terrain aventure Europe;12.0;56;3.3035583276082;49.8659756278891;9.947440142942227;EN PLACE
OMISSY;Terrain aventure Europe;12.0;59;3.3035847181013;49.8659456825146;9.947440142942227;EN PLACE
OMISSY;Terrain aventure Europe;12.0;72;3.30356925498646;49.865942664822;9.947440142942227;EN PLACE
OMISSY;Terrain aventure Europe;12.0;49;3.30356831813439;49.8659142096789;9.947440142942227;EN PLACE
OMISSY;Terrain aventure Europe;12.0;53;3.30361465506392;49.8658779283933;9.947440142942227;EN PLACE
OMISSY;Terrain aventure Europe;12.0;56;3.30359896298545;49.865903319414;9.947440142942227;EN PLACE
OMISSY;Terrain aventure Europe;12.0;48;3.30365391822561;49.8659170011025;9.947440142942227;EN PLACE
OMISSY;Terrain aventure Europe;12.0;55;3.30366443633836;49.8659379370087;9.947440142942227;EN PLACE
OMISSY;Terrain aventure Europe;12.0;48;3.30361045440764;49.8659505104033;9.947440142942227;EN PLACE
OMISSY;Terrain aventure Europe;12.0;45;3.3035991000982;49.8659203101668;9.947440142942227;EN PLACE
OMISSY;Terrain aventure Europe;12.0;51;3.30355418191054;49.8659788643882;9.947440142942227;EN PLACE
OMISSY;Terrain aventure Europe;12.0;46;3.30353663597913;49.8659973285313;9.947440142942227;EN PLACE
OMISSY;Terrain aventure Europe;12.0;85;3.30355680856745;49.8660180920503;9.947440142942227;EN PLACE
OMISSY;Terrain aventure Europe;12.0;56;3.30358841777661;49.8659991734955;9.947440142942227;EN PLACE
OMISSY;Terrain aventure Europe;12.0;65;3.3036139452717;49.86600756485;9.947440142942227;EN PLACE
OMISSY;Terrain aventure Europe;12.0;50;3.30366589029185;49.8659984733392;9.947440142942227;EN PLACE
OMISSY;Terrain aventure Europe;12.0;62;3.30368756315132;49.8660013922499;9.947440142942227;EN PLACE
OMISSY;Terrain aventure Europe;12.0;57;3.3036430458528;49.8659397373654;9.947440142942227;EN PLACE
OMISSY;Terrain aventure Europe;12.0;49;3.30365710877854;49.8659482194857;9.947440142942227;EN PLACE
OMISSY;Terrain aventure Europe;12.0;37;3.30363503623302;49.8659416191023;9.947440142942227;EN PLACE
OMISSY;Terrain aventure Europe;12.0;85;3.30364040030018;49.8659246644739;9.947440142942227;EN PLACE
OMISSY;Terrain aventure Europe;12.0;98;3.30362745479383;49.8659189647133;9.947440142942227;EN PLACE
OMISSY;Terrain aventure Europe;12.0;97;3.30366089141658;49.8659234013766;9.947440142942227;EN PLACE
OMISSY;Terrain aventure Europe;12.0;66;3.30365238370819;49.8658908688467;9.947440142942227;EN PLACE
OMISSY;Terrain aventure Europe;12.0;46;3.30368463566993;49.8659095279087;9.947440142942227;EN PLACE
OMISSY;Terrain aventure Europe;12.0;50;3.30369830330833;49.8659305509672;9.947440142942227;EN PLACE
OMISSY;Terrain aventure Europe;12.0;100;3.303710395066;49.8659517965677;9.947440142942227;EN PLACE
OMISSY;Terrain aventure Europe;12.0;72;3.30371459586091;49.8659669022966;9.947440142942227;EN PLACE
OMISSY;Terrain aventure Europe;12.0;51;3.30372384805127;49.865982854452;9.947440142942227;EN PLACE
OMISSY;Terrain aventure Europe;12.0;80;3.30371333634711;49.8658755425024;9.947440142942227;EN PLACE
OMISSY;Terrain aventure Europe;12.0;39;3.30373033678067;49.8659026686669;9.947440142942227;EN PLACE
OMISSY;Terrain aventure Europe;12.0;76;3.30373901499851;49.8659261122744;9.947440142942227;EN PLACE
OMISSY;Terrain aventure Europe;12.0;47;3.30374629237115;49.8659501933327;9.947440142942227;EN PLACE
OMISSY;Terrain aventure Europe;12.0;82;3.30375048040713;49.8659764931393;9.947440142942227;EN PLACE
OMISSY;Terrain aventure Europe;12.0;93;3.30375404478271;49.8659975369261;9.947440142942227;EN PLACE
OMISSY;Terrain aventure Europe;12.0;90;3.30371347280455;49.8660007372735;9.947440142942227;EN PLACE
OMISSY;Terrain aventure Europe;12.0;84;3.30369370879025;49.8659983555576;9.947440142942227;EN PLACE
OMISSY;Terrain aventure Europe;12.0;64;3.30364681764052;49.8659646375351;9.947440142942227;EN PLACE
OMISSY;Terrain aventure Europe;14.0;104;3.30413002739633;49.8660120464144;9.947440142942227;EN PLACE
OMISSY;Terrain aventure Europe;14.0;122;3.30403537323585;49.8659382279158;9.947440142942227;EN PLACE
OMISSY;Terrain aventure Europe;14.0;75;3.30404733701479;49.8659383461862;9.947440142942227;EN PLACE
OMISSY;Terrain aventure Europe;14.0;65;3.3040688368004;49.8659871825509;9.947440142942227;EN PLACE
OMISSY;Terrain aventure Europe;14.0;80;3.30407763702696;49.8660031277573;9.947440142942227;EN PLACE
OMISSY;Terrain aventure Europe;14.0;90;3.3041191183193;49.8660209734397;9.947440142942227;EN PLACE
OMISSY;Terrain aventure Europe;14.0;62;3.30412464598526;49.8660106919986;9.947440142942227;EN PLACE
OMISSY;Terrain aventure Europe;14.0;56;3.30410668142291;49.8659644914897;9.947440142942227;EN PLACE
OMISSY;Terrain aventure Europe;14.0;59;3.30407991876347;49.8659424100404;9.947440142942227;EN PLACE
OMISSY;Terrain aventure Europe;14.0;79;3.30408443490203;49.8659123206978;9.947440142942227;EN PLACE
OMISSY;Terrain aventure Europe;14.0;44;3.30406793648852;49.8659514279466;9.947440142942227;EN PLACE
OMISSY;Terrain aventure Europe;14.0;79;3.30411794557403;49.8659980462587;9.947440142942227;EN PLACE
OMISSY;Terrain aventure Europe;14.0;91;3.30413738145455;49.8660372465642;9.947440142942227;EN PLACE
OMISSY;Terrain aventure Europe;14.0;114;3.30417320914254;49.866023955756;9.947440142942227;EN PLACE
OMISSY;Terrain aventure Europe;14.0;72;3.3041583364601;49.8660008644674;9.947440142942227;EN PLACE
OMISSY;Terrain aventure Europe;14.0;50;3.3041146728123;49.8660117373439;9.947440142942227;EN PLACE
OMISSY;Terrain aventure Europe;14.0;52;3.30411252714688;49.8659799462712;9.947440142942227;EN PLACE
OMISSY;Terrain aventure Europe;14.0;72;3.3041279097686;49.8659524647979;9.947440142942227;EN PLACE
OMISSY;Terrain aventure Europe;14.0;39;3.30415237287454;49.8659583189815;9.947440142942227;EN PLACE
OMISSY;Terrain aventure Europe;14.0;87;3.30416519029385;49.8659339188902;9.947440142942227;EN PLACE
OMISSY;Terrain aventure Europe;14.0;67;3.30419158215792;49.8659486830301;9.947440142942227;EN PLACE
OMISSY;Terrain aventure Europe;14.0;67;3.3041700733971;49.8659708921779;9.947440142942227;EN PLACE
OMISSY;Terrain aventure Europe;14.0;86;3.30417622771968;49.8659937192492;9.947440142942227;EN PLACE
OMISSY;Terrain aventure Europe;14.0;69;3.30419466420544;49.8660238192734;9.947440142942227;EN PLACE
OMISSY;Terrain aventure Europe;14.0;75;3.30422668207652;49.8660053463145;9.947440142942227;EN PLACE
OMISSY;Terrain aventure Europe;14.0;86;3.30426151760543;49.8659980466076;9.947440142942227;EN PLACE
OMISSY;Terrain aventure Europe;14.0;73;3.30424491780878;49.8660160732667;9.947440142942227;EN PLACE
OMISSY;Terrain aventure Europe;14.0;61;3.30422212746643;49.8659872647725;9.947440142942227;EN PLACE
OMISSY;Terrain aventure Europe;14.0;67;3.30417101786798;49.8659702280325;9.947440142942227;EN PLACE
OMISSY;Terrain aventure Europe;14.0;71;3.30418478187415;49.8659621099434;9.947440142942227;EN PLACE
OMISSY;Terrain aventure Europe;14.0;54;3.30418899105833;49.8659496013758;9.947440142942227;EN PLACE
OMISSY;Terrain aventure Europe;14.0;67;3.30422939107839;49.8659390920493;9.947440142942227;EN PLACE
OMISSY;Terrain aventure Europe;14.0;77;3.30419688246643;49.865920128125;9.947440142942227;EN PLACE
OMISSY;Terrain aventure Europe;14.0;72;3.30429319149865;49.8658823919301;9.947440142942227;EN PLACE
OMISSY;Terrain aventure Europe;14.0;89;3.30425199045772;49.8659110830035;9.947440142942227;EN PLACE
OMISSY;Terrain aventure Europe;14.0;44;3.30426169111072;49.86589704621;9.947440142942227;EN PLACE
OMISSY;Terrain aventure Europe;14.0;64;3.30425209958051;49.8659120824622;9.947440142942227;EN PLACE
OMISSY;Terrain aventure Europe;14.0;53;3.30425407296079;49.8659429920138;9.947440142942227;EN PLACE
OMISSY;Terrain aventure Europe;14.0;62;3.30422340010282;49.8660029642475;9.947440142942227;EN PLACE
OMISSY;Terrain aventure Europe;14.0;58;3.30420885444187;49.8659953824932;9.947440142942227;EN PLACE
OMISSY;Terrain aventure Europe;14.0;58;3.30427300936205;49.8660267917645;9.947440142942227;EN PLACE
OMISSY;Terrain aventure Europe;14.0;50;3.30430892779679;49.8659895644269;9.947440142942227;EN PLACE
OMISSY;Terrain aventure Europe;14.0;50;3.30434966364865;49.8659237645368;9.947440142942227;EN PLACE
OMISSY;Terrain aventure Europe;14.0;84;3.30427722690136;49.8659115552546;9.947440142942227;EN PLACE
OMISSY;Terrain aventure Europe;14.0;79;3.30424609155458;49.8659211550356;9.947440142942227;EN PLACE
OMISSY;Terrain aventure Europe;14.0;75;3.30425865466778;49.8659506373359;9.947440142942227;EN PLACE
OMISSY;Terrain aventure Europe;14.0;51;3.30424694566135;49.8659902644384;9.947440142942227;EN PLACE
OMISSY;Terrain aventure Europe;14.0;51;3.30423698249097;49.8660077281818;9.947440142942227;EN PLACE
OMISSY;Terrain aventure Europe;14.0;98;3.30428420902298;49.8659900375388;9.947440142942227;EN PLACE
OMISSY;Terrain aventure Europe;14.0;48;3.3042905550471;49.8659722190485;9.947440142942227;EN PLACE
OMISSY;Terrain aventure Europe;14.0;76;3.30431910065343;49.8659621827357;9.947440142942227;EN PLACE
OMISSY;Terrain aventure Europe;14.0;103;3.30433323702656;49.8659672374142;9.947440142942227;EN PLACE
OMISSY;Terrain aventure Europe;14.0;126;3.30433385404259;49.8659545916047;9.947440142942227;EN PLACE
OMISSY;Terrain aventure Europe;14.0;93;3.30429061835619;49.8659303915766;9.947440142942227;EN PLACE
OMISSY;Terrain aventure Europe;14.0;95;3.30430400047219;49.8659252916678;9.947440142942227;EN PLACE
OMISSY;Terrain aventure Europe;14.0;129;3.30424577305872;49.8658998466254;9.947440142942227;EN PLACE
OMISSY;Terrain aventure Europe;14.0;90;3.30423030044152;49.8658674823196;9.947440142942227;EN PLACE
Quartier de l'Europe;Gymnase Bertrand Gamess;12.0;101;3.29700419282137;49.8646001466495;9.947440142942227;EN PLACE
Quartier de l'Europe;Gymnase Bertrand Gamess;12.0;118;3.29694116401592;49.86459561929;9.947440142942227;EN PLACE
Quartier de l'Europe;Gymnase Bertrand Gamess;12.0;103;3.29688995528512;49.8645872842162;9.947440142942227;EN PLACE
Quartier de l'Europe;Gymnase Bertrand Gamess;14.0;126;3.29684164975953;49.8645778791072;9.947440142942227;EN PLACE
Quartier de l'Europe;Gymnase Bertrand Gamess;12.0;166;3.29678420957387;49.8645655553769;9.947440142942227;EN PLACE
Quartier de l'Europe;Gymnase Bertrand Gamess;12.0;91;3.2967258091115;49.8645538193251;9.947440142942227;EN PLACE
Quartier Saint-Jean;Chemin de Lehaucourt;12.0;94;3.2898721550321;49.8601596460179;9.947440142942227;EN PLACE
Quartier Saint-Jean;Chemin de Lehaucourt;12.0;107;3.28987942786517;49.8601750737369;9.947440142942227;EN PLACE
Quartier Saint-Jean;Chemin de Lehaucourt;12.0;85;3.28988587300928;49.8601883466787;9.947440142942227;EN PLACE
Quartier Remicourt;Boulevard Jean Bouin;12.0;58;3.30663983700879;49.8496772183017;9.947440142942227;EN PLACE
Quartier Remicourt;Boulevard Jean Bouin;12.0;63;3.3066251573321;49.8496824145164;9.947440142942227;EN PLACE
Quartier Remicourt;Boulevard Jean Bouin;12.0;83;3.30661073864346;49.8496879903477;9.947440142942227;EN PLACE
Quartier Remicourt;Boulevard Jean Bouin;14.0;98;3.3065062624497;49.849772275286;9.947440142942227;EN PLACE
Quartier Remicourt;Boulevard Jean Bouin;12.0;71;3.30650389880581;49.8497990112433;9.947440142942227;EN PLACE
Quartier Remicourt;Boulevard Jean Bouin;10.0;60;3.30648183571285;49.8497636505912;9.947440142942227;EN PLACE
Quartier Remicourt;Boulevard Jean Bouin;8.0;48;3.30644203628718;49.849762807774;9.947440142942227;EN PLACE
Quartier Remicourt;Boulevard Jean Bouin;7.0;46;3.30643186397962;49.8497926685457;9.947440142942227;EN PLACE
Quartier Remicourt;Boulevard Jean Bouin;12.0;56;3.30646990207392;49.8498038074398;9.947440142942227;EN PLACE
Quartier Remicourt;Boulevard Jean Bouin;10.0;110;3.30621151090513;49.8498637607926;9.947440142942227;EN PLACE
Quartier Remicourt;Boulevard Jean Bouin;10.0;80;3.30624362180738;49.8498533181345;9.947440142942227;EN PLACE
Quartier Remicourt;Boulevard Jean Bouin;12.0;81;3.30626560329751;49.8498682669123;9.947440142942227;EN PLACE
Quartier Remicourt;Boulevard Jean Bouin;12.0;115;3.30623096532933;49.8498844017875;9.947440142942227;EN PLACE
Quartier Remicourt;Boulevard Jean Bouin;12.0;144;3.30645697654637;49.8499015683902;9.947440142942227;EN PLACE
Quartier Remicourt;Boulevard Jean Bouin;12.0;121;3.30681513622183;49.8500859919024;9.947440142942227;EN PLACE
Quartier Remicourt;Boulevard Jean Bouin;11.0;69;3.30679991785211;49.8500948918511;9.947440142942227;EN PLACE
Quartier Remicourt;Boulevard Jean Bouin;12.0;118;3.30678146560387;49.850106286133;9.947440142942227;EN PLACE
Quartier Remicourt;Boulevard Jean Bouin;15.0;102;3.306753451151;49.8501312325666;9.947440142942227;EN PLACE
Quartier Remicourt;Boulevard Jean Bouin;15.0;113;3.30674165091495;49.8501433197147;9.947440142942227;EN PLACE
Quartier Remicourt;Boulevard Jean Bouin;15.0;97;3.30672625906264;49.8501551690049;9.947440142942227;EN PLACE
Quartier Remicourt;Boulevard Jean Bouin;15.0;114;3.30670696282895;49.8501656817092;9.947440142942227;EN PLACE
Quartier Remicourt;Boulevard Jean Bouin;15.0;126;3.30669266430796;49.8501760464972;9.947440142942227;EN PLACE
Quartier du faubourg d'Isle;Cimetière sud - chemin d'Harly;12.0;100;3.314415145975;49.8441620012577;9.947440142942227;EN PLACE
Quartier du faubourg d'Isle;Cimetière sud - chemin d'Harly;12.0;106;3.31431652695728;49.8438560555148;9.947440142942227;EN PLACE
Quartier du faubourg d'Isle;Cimetière sud - chemin d'Harly;9.0;140;3.31419467250037;49.843884219221;9.947440142942227;EN PLACE
Quartier du faubourg d'Isle;Cimetière sud - chemin d'Harly;8.0;128;3.31402779094869;49.8440429465431;9.947440142942227;EN PLACE
Quartier du faubourg d'Isle;Cimetière sud - chemin d'Harly;8.0;95;3.31416167283052;49.8441040280863;9.947440142942227;EN PLACE
Quartier de Neuville;Square Raoul Huguet;22.0;122;3.31798052696594;49.8321565376601;9.947440142942227;EN PLACE
Quartier de Neuville;Square Raoul Huguet;22.0;110;3.31790582005332;49.8321476235584;9.947440142942227;EN PLACE
Quartier de Neuville;Square Raoul Huguet;22.0;156;3.31792154889492;49.8320967974462;9.947440142942227;EN PLACE
Quartier Saint-Martin - Oëstres;Rue du Général Raymond Appert;5.0;40;3.26349675492747;49.8382013734436;9.947440142942227;EN PLACE
Quartier Saint-Martin - Oëstres;Rue François Mitterrand;4.0;23;3.26655601975179;49.8383391026913;9.947440142942227;EN PLACE
Quartier Saint-Martin - Oëstres;Rue François Mitterrand;7.0;58;3.26656124931739;49.8393026028789;9.947440142942227;EN PLACE
Quartier Saint-Martin - Oëstres;Rue François Mitterrand;7.0;50;3.26648033199303;49.8392589764729;9.947440142942227;EN PLACE
Quartier Saint-Martin - Oëstres;Rue François Mitterrand;7.0;70;3.2664266873699;49.839224240019;9.947440142942227;EN PLACE
Quartier Saint-Martin - Oëstres;Rue François Mitterrand;7.0;85;3.26635095695581;49.8391780673088;9.947440142942227;EN PLACE
Quartier Saint-Martin - Oëstres;Rue François Mitterrand;7.0;68;3.26630934482792;49.8391601284444;9.947440142942227;EN PLACE
Quartier Saint-Martin - Oëstres;Rue François Mitterrand;10.0;75;3.26537414477846;49.8391240194783;9.947440142942227;EN PLACE
Quartier Saint-Martin - Oëstres;Rue François Mitterrand;10.0;72;3.26535558139579;49.8391487828072;9.947440142942227;EN PLACE
Quartier Saint-Martin - Oëstres;Rue François Mitterrand;10.0;63;3.26527567327583;49.8392124512106;9.947440142942227;EN PLACE
Quartier Saint-Martin - Oëstres;Rue François Mitterrand;10.0;56;3.26526608528683;49.8392327295245;9.947440142942227;EN PLACE
Quartier Saint-Martin - Oëstres;Rue François Mitterrand;10.0;49;3.26524240351321;49.8392624132502;9.947440142942227;EN PLACE
Quartier Saint-Martin - Oëstres;Rue François Mitterrand;10.0;69;3.26527017930025;49.8393107035472;9.947440142942227;EN PLACE
Quartier Saint-Martin - Oëstres;Rue François Mitterrand;10.0;72;3.26526393812779;49.8393362733362;9.947440142942227;EN PLACE
Quartier Saint-Martin - Oëstres;Rue François Mitterrand;10.0;64;3.2652557191605;49.8393529064759;9.947440142942227;EN PLACE
Quartier Saint-Martin - Oëstres;Rue François Mitterrand;10.0;59;3.26522584558199;49.8393529820714;9.947440142942227;EN PLACE
Quartier Saint-Martin - Oëstres;Rue François Mitterrand;10.0;56;3.2652100909441;49.8393730099903;9.947440142942227;EN PLACE
Quartier Saint-Martin - Oëstres;Rue François Mitterrand;10.0;71;3.26520701665324;49.8393919240967;9.947440142942227;EN PLACE
Quartier Saint-Martin - Oëstres;Rue François Mitterrand;10.0;75;3.26523978686492;49.8393807035484;9.947440142942227;EN PLACE
Quartier du Centre-Ville;Rue du Colonel Driant;5.0;87;3.28027965680717;49.8420366563372;9.947440142942227;EN PLACE
Quartier du Vermandois;Ancienne ecole David et Maigret;5.0;49;3.27092845429911;49.8562922553314;9.947440142942227;EN PLACE
Quartier du Vermandois;Ancienne ecole David et Maigret;9.0;70;3.27083134594759;49.8561712280331;9.947440142942227;EN PLACE
Quartier du Vermandois;Ancienne ecole David et Maigret;6.0;139;3.27099507296903;49.8559814464495;9.947440142942227;EN PLACE
Quartier du Vermandois;Ancienne ecole David et Maigret;6.0;160;3.27106099055624;49.8559298461418;9.947440142942227;EN PLACE
Quartier du Vermandois;Ancienne ecole David et Maigret;6.0;146;3.27121986316981;49.8559938099389;9.947440142942227;EN PLACE
Quartier du Vermandois;Ancienne ecole David et Maigret;6.0;117;3.27127299090071;49.8560423006654;9.947440142942227;EN PLACE
Quartier du Vermandois;Ancienne ecole David et Maigret;6.0;139;3.27132724551089;49.8560782829727;9.947440142942227;EN PLACE
Quartier de l'Europe;Gymnase Bertrand Gamess;7.0;40;3.29589425670553;49.8646141630806;9.947440142942227;REMPLACÉ
Quartier Remicourt;Avenue Aristide Briand;3.5;25;3.30728364376813;49.8519783603823;7.493150684931507;EN PLACE
Quartier Remicourt;Avenue Aristide Briand;3.5;25;3.30428506688875;49.8537801601277;7.493150684931507;EN PLACE
Quartier Remicourt;Avenue Aristide Briand;3.5;25;3.30479002693635;49.8534760764123;7.493150684931507;EN PLACE
Quartier Remicourt;Parc des Champs-Elysées;24.0;245;3.29481349176009;49.8502710149768;9.947440142942227;EN PLACE
OMISSY;Terrain aventure Europe;4.0;18;3.30190584354448;49.8650876775147;9.947440142942227;EN PLACE
Quartier du faubourg d'Isle;Centre technique de l'Agglomération;5.0;18;3.31161721323343;49.8285393914309;9.947440142942227;EN PLACE
Quartier du faubourg d'Isle;Centre technique de l'Agglomération;5.0;20;3.31148125138414;49.8285005757138;9.947440142942227;EN PLACE
Quartier du faubourg d'Isle;Centre technique de l'Agglomération;6.0;26;3.31163302133175;49.8283889524141;9.947440142942227;EN PLACE
Quartier du faubourg d'Isle;Centre technique de l'Agglomération;5.0;19;3.31176591328682;49.828435059421;9.947440142942227;EN PLACE
Quartier du faubourg d'Isle;Centre technique de l'Agglomération;6.0;25;3.31191619631197;49.8284883683;9.947440142942227;EN PLACE
Quartier du faubourg d'Isle;Centre technique de l'Agglomération;6.0;20;3.31206028111058;49.8285421295136;9.947440142942227;EN PLACE
Quartier du faubourg d'Isle;Centre technique de l'Agglomération;6.0;20;3.31237987452329;49.828496067164;9.947440142942227;EN PLACE
Quartier du faubourg d'Isle;Centre technique de l'Agglomération;6.0;22;3.31222655829154;49.828433128993;9.947440142942227;EN PLACE
Quartier du faubourg d'Isle;Centre technique de l'Agglomération;5.0;17;3.31207681291707;49.8283782825815;9.947440142942227;EN PLACE
Quartier du faubourg d'Isle;Centre technique de l'Agglomération;5.0;20;3.3119404517218;49.8283365366115;9.947440142942227;EN PLACE
Quartier du faubourg d'Isle;Centre technique de l'Agglomération;6.0;58;3.3118145817086;49.8282985989097;9.947440142942227;EN PLACE
Quartier du faubourg d'Isle;Centre technique de l'Agglomération;6.0;65;3.31167888119497;49.8282393452247;9.947440142942227;EN PLACE
Quartier du faubourg d'Isle;Centre technique de l'Agglomération;5.0;34;3.31074145947343;49.8280548368601;9.947440142942227;EN PLACE
Quartier du faubourg d'Isle;Centre technique de l'Agglomération;5.0;35;3.31084397435281;49.8279706063635;9.947440142942227;EN PLACE
Quartier du faubourg d'Isle;Parc d'Isle Jacques Braconnier;12.0;83;3.31385170001713;49.8469751478668;9.947440142942227;EN PLACE
Quartier du faubourg d'Isle;Parc animalier du Parc d'Isle;13.0;185;3.31484023036749;49.8471540015035;9.947440142942227;EN PLACE
Quartier de Neuville;Avenue Pierre Choquart;12.0;138;3.31786720698446;49.8365471138432;9.947440142942227;EN PLACE
Quartier de Neuville;Avenue Pierre Choquart;12.0;135;3.31857149477936;49.8366123507139;9.947440142942227;EN PLACE
Quartier de Neuville;Rue Leon Lemire;10.0;156;3.31698004236476;49.8354603851782;9.947440142942227;EN PLACE
Quartier de Neuville;Rue Jacques Blanchot;15.0;126;3.31897937479267;49.8364503930031;9.947440142942227;EN PLACE
Quartier de Neuville;Rue Jacques Blanchot;15.0;178;3.31894343917872;49.8363806480651;9.947440142942227;EN PLACE
OMISSY;Terrain aventure Europe;12.0;63;3.30342548506518;49.8647117260357;9.947440142942227;EN PLACE
Quartier Remicourt;Avenue de la Paix;4.0;30;3.30313007555255;49.8543502555987;7.493150684931507;EN PLACE
Quartier Remicourt;Avenue de la Paix;4.0;30;3.30305111606609;49.8543985776036;7.493150684931507;EN PLACE
Quartier Remicourt;Avenue de la Paix;4.0;30;3.3032065737852;49.8543051162474;7.493150684931507;EN PLACE
Quartier Remicourt;Avenue de la Paix;4.0;120;3.30297621601345;49.854443606639;9.495890410958904;REMPLACÉ
Quartier Remicourt;Avenue de la Paix;4.0;30;3.30215868908055;49.854936657863;7.493150684931507;EN PLACE
Quartier Remicourt;Avenue de la Paix;8.0;165;3.30290008279482;49.8544893769287;9.947440142942227;REMPLACÉ
Quartier du faubourg d'Isle;Rue du Maréchal Foch;4.0;25;3.29846453555348;49.83899549443;9.947440142942227;EN PLACE
Quartier du faubourg d'Isle;Rue du Maréchal Foch;4.0;25;3.29894666742496;49.8393495780005;9.947440142942227;EN PLACE
Quartier Remicourt;Rue Jacky Tabar;4.0;25;3.30554223889213;49.855918646793;9.495890410958904;REMPLACÉ
Quartier Remicourt;Rue Jacky Tabar;4.0;25;3.30590534741079;49.8556000968658;9.495890410958904;REMPLACÉ
Quartier Remicourt;Rue Jacky Tabar;4.0;25;3.30599234570326;49.8555237726144;9.495890410958904;REMPLACÉ
Quartier de l'Europe;Rue d'Alembert;3.0;25;3.29716297804282;49.8638592150719;9.947440142942227;SUPPRIMÉ
Quartier du Centre-Ville;Place Noël Regnier;3.5;25;3.28683961613503;49.8479474514964;55.35890410958904;EN PLACE
Quartier du Centre-Ville;Place Noël Regnier;3.5;25;3.28690149230023;49.8479008452718;55.35890410958904;EN PLACE
Quartier du Centre-Ville;Place Noël Regnier;3.5;25;3.28696288415799;49.8478506134121;55.35890410958904;EN PLACE
Quartier Remicourt;Avenue de la République;3.0;25;3.30115337127522;49.8550593818146;7.493150684931507;EN PLACE
Quartier Remicourt;Avenue de la République;3.0;25;3.30033368838597;49.853957825357;7.493150684931507;EN PLACE
Quartier de l'Europe;Avenue Robert Schuman;4.0;35;3.29924453798174;49.8605757022262;7.493150684931507;EN PLACE
Quartier du Centre-Ville;Boulevard Henri Martin;3.5;25;3.2794268952738;49.8473078942813;7.493150684931507;EN PLACE
Quartier du Centre-Ville;Boulevard Henri Martin;3.5;25;3.27939826213457;49.8471537431719;7.493150684931507;EN PLACE
Quartier du Centre-Ville;Boulevard Henri Martin;3.5;25;3.27937198727184;49.8470355153387;7.493150684931507;EN PLACE
Quartier du Centre-Ville;Boulevard Henri Martin;3.5;25;3.27933480515805;49.846843971294;7.493150684931507;EN PLACE
Quartier du Centre-Ville;Boulevard Henri Martin;3.5;25;3.27929940061459;49.8466957547173;7.493150684931507;EN PLACE
Quartier du Centre-Ville;Boulevard Henri Martin;3.5;25;3.27926104467361;49.8465514623217;7.493150684931507;EN PLACE
Quartier du Centre-Ville;Boulevard Henri Martin;3.5;25;3.27923277007671;49.8463910025047;7.493150684931507;EN PLACE
Quartier du Centre-Ville;Boulevard Henri Martin;3.5;25;3.2791951391341;49.8462374561749;7.493150684931507;EN PLACE
Quartier du Centre-Ville;Boulevard Henri Martin;3.5;25;3.27914837911291;49.8460522929003;7.493150684931507;EN PLACE
Quartier Remicourt;Jardin d'horticulture;4.0;25;3.29053567033972;49.851962517049;7.493150684931507;EN PLACE
Quartier Remicourt;Jardin d'horticulture;4.0;25;3.29035002330646;49.8521433658307;7.493150684931507;EN PLACE
Quartier de l'Europe;Rue d'Alembert;3.5;25;3.29689378954209;49.8641414850453;7.493150684931507;EN PLACE
Quartier de l'Europe;Rue d'Alembert;3.5;25;3.29692558906654;49.8642034461782;7.493150684931507;EN PLACE
Quartier de l'Europe;Rue d'Alembert;3.5;25;3.29700036055768;49.864256745091;7.493150684931507;EN PLACE
Quartier de Neuville;Rue Raoul Huguet;3.5;159;3.3183074642167;49.8315513873964;7.410958904109589;EN PLACE
Quartier de Neuville;Rue Raoul Huguet;3.5;159;3.31841934701075;49.831686857545;7.410958904109589;EN PLACE
Quartier de Neuville;Rue Raoul Huguet;3.5;159;3.31854243967683;49.831841750159;7.410958904109589;EN PLACE
Quartier de Neuville;Rue Raoul Huguet;3.5;159;3.31882896055678;49.8325906125768;7.410958904109589;EN PLACE
Quartier de Neuville;Rue Raoul Huguet;3.5;159;3.31880825350524;49.8323778690128;7.410958904109589;EN PLACE
Quartier de l'Europe;Avenue Robert Schuman;3.5;25;3.29952722217028;49.8610959215424;7.493150684931507;EN PLACE
Quartier de l'Europe;Avenue Robert Schuman;3.5;25;3.2994265129606;49.8610536470258;7.493150684931507;EN PLACE
Quartier de l'Europe;Avenue Robert Schuman;3.5;25;3.29932489714902;49.8610061269802;7.493150684931507;EN PLACE
Quartier de l'Europe;Avenue Robert Schuman;3.5;25;3.29918837204567;49.8609439567699;7.493150684931507;EN PLACE
Quartier de l'Europe;Avenue Robert Schuman;3.5;25;3.29908158428421;49.8608979978529;7.493150684931507;EN PLACE
Quartier de l'Europe;Avenue Robert Schuman;3.5;25;3.29899208644198;49.8608577406454;7.493150684931507;EN PLACE
Quartier de l'Europe;Avenue Robert Schuman;3.5;25;3.29889910354449;49.8608156572793;7.493150684931507;EN PLACE
Quartier de l'Europe;Avenue Robert Schuman;3.5;25;3.29880938019802;49.8607778297382;7.493150684931507;EN PLACE
Quartier de l'Europe;Avenue Robert Schuman;3.5;25;3.29870888842711;49.860732911743;7.493150684931507;EN PLACE
Quartier de l'Europe;Avenue Robert Schuman;3.5;25;3.29859987385736;49.8606865363959;7.493150684931507;EN PLACE
Quartier de l'Europe;Avenue Robert Schuman;3.5;25;3.29847336076878;49.860630027281;7.493150684931507;EN PLACE
Quartier de l'Europe;Avenue Robert Schuman;3.5;25;3.29835600188788;49.8605700999597;7.493150684931507;EN PLACE
Quartier de l'Europe;square des marronniers;3.5;25;3.30275156370964;49.8614590426304;7.493150684931507;EN PLACE
Quartier du Vermandois;Rue Salvador Allende;3.5;25;3.26377573080518;49.859630559603;7.410958904109589;EN PLACE
Quartier de l'Europe;Rue d'Alembert;3.5;25;3.29692622344328;49.8642034715458;7.493150684931507;EN PLACE
Quartier du Centre-Ville;Square Churchill;3.5;25;3.2907283252709;49.8485212734291;7.493150684931507;EN PLACE
OMISSY;Terrain aventure Neuville;14.0;69;3.30106157368725;49.8650969104136;9.947440142942227;EN PLACE
Quartier du Vermandois;Route d'Amiens;4.0;25;3.26678724732219;49.8512556728866;8.493150684931507;EN PLACE
Quartier du Vermandois;Route d'Amiens;4.0;25;3.26716772535888;49.8510861419505;8.493150684931507;EN PLACE
Quartier du Vermandois;Route d'Amiens;4.0;25;3.26703454449905;49.8512240574422;8.493150684931507;EN PLACE
Quartier du faubourg d'Isle;Rue du Général Leclerc;3.5;25;3.30237544081087;49.8382067473978;6.493150684931507;EN PLACE
Quartier du Centre-Ville;Square Édouard Branly;3.5;25;3.28346455144316;49.8486769707767;6.912328767123288;EN PLACE
Quartier Remicourt;Parc des Champs-Elysées;3.5;25;3.29427847954023;49.8479597131408;6.493150684931507;EN PLACE
Quartier du Centre-Ville;Rue Villebois Mareuil;3.5;25;3.28906782466355;49.8445131066071;6.493150684931507;EN PLACE
Quartier du Centre-Ville;Square Churchill;3.5;20;3.29072913012402;49.8486599856002;6.912328767123288;EN PLACE
Quartier Remicourt;Parc des Champs-Elysées;3.5;25;3.29496993607069;49.8487968118611;6.493150684931507;EN PLACE
Quartier Remicourt;Parc des Champs-Elysées;3.5;25;3.29424070148953;49.8505984720739;6.493150684931507;EN PLACE
Quartier de l'Europe;Rue des Frères Lumière;3.5;25;3.30190104561608;49.8590507404527;6.493150684931507;EN PLACE
Quartier de l'Europe;Rue des Frères Lumière;3.5;25;3.30197894223273;49.8590888765758;6.493150684931507;EN PLACE
Quartier de l'Europe;Rue des Frères Lumière;3.5;25;3.30182388887281;49.859016658892;6.493150684931507;EN PLACE
Quartier de l'Europe;Rue Laplace;3.5;25;3.30413633100794;49.8601989333554;6.493150684931507;EN PLACE
Quartier de l'Europe;Rue Laplace;3.5;25;3.30403431857268;49.8601780896115;9.947440142942227;EN PLACE
Quartier de l'Europe;Rue Laplace;3.5;25;3.30405501257584;49.8602571012053;6.493150684931507;EN PLACE
Quartier Remicourt;Avenue de la République;3.5;25;3.30015402353593;49.8536642370552;6.493150684931507;EN PLACE
Quartier de l'Europe;Square des Marronniers;4.0;25;3.30161212204811;49.8613371991216;6.493150684931507;EN PLACE
Quartier de l'Europe;Square des Marronniers;4.0;25;3.30174149832581;49.8612115779004;6.493150684931507;EN PLACE
Quartier de l'Europe;Square des Marronniers;4.0;25;3.30239763577415;49.8613593490801;6.493150684931507;EN PLACE
Quartier de l'Europe;Square des Marronniers;4.0;25;3.30258722916046;49.8614136092485;6.493150684931507;EN PLACE
Quartier du Centre-Ville;Place Noël Regnier;3.5;25;3.28663484739984;49.8476780339487;6.493150684931507;EN PLACE
Quartier du Centre-Ville;Place Noël Regnier;3.5;25;3.28653305418537;49.847754505154;6.493150684931507;EN PLACE
Quartier du Centre-Ville;Place Noël Regnier;3.5;25;3.2864516655664;49.8478178299607;9.947440142942227;EN PLACE
Quartier de l'Europe;Gymnase Bertrand Gamess;4.0;25;3.29667406499018;49.8653315825246;7.578082191780822;EN PLACE
Quartier de l'Europe;Gymnase Bertrand Gamess;4.0;25;3.29589425670553;49.8646141630806;7.578082191780822;EN PLACE
Quartier de l'Europe;Gymnase Bertrand Gamess;4.0;25;3.29577628120057;49.8647421223873;7.578082191780822;EN PLACE
Quartier du faubourg d'Isle;Rue de la Fère;4.0;25;3.3081349069615;49.8300647950116;7.493150684931507;EN PLACE
Quartier du faubourg d'Isle;Rue de la Fère;4.0;25;3.30809656811899;49.8301920868802;7.493150684931507;EN PLACE
Quartier du faubourg d'Isle;Rue de la Fère;4.0;25;3.30807166461159;49.830261704595;7.493150684931507;EN PLACE
Quartier du faubourg d'Isle;Rue de la Fère;4.0;25;3.30804274148112;49.8303324279104;7.493150684931507;EN PLACE
Quartier Saint-Jean;Rue du Président John Fitzgerald Kennedy;5.0;30;3.27985136366403;49.8548826733126;9.947440142942227;EN PLACE
Quartier Saint-Jean;Rue du Président John Fitzgerald Kennedy;5.0;30;3.2798742335461;49.8548956829162;9.947440142942227;EN PLACE
Quartier Saint-Jean;Rue du Président John Fitzgerald Kennedy;8.0;40;3.28065293140707;49.8543996813833;9.947440142942227;EN PLACE
Quartier Saint-Jean;Rue du Président John Fitzgerald Kennedy;8.0;30;3.28080091022749;49.8543120809402;9.947440142942227;EN PLACE
Quartier du faubourg d'Isle;CCAS;12.0;140;3.30498384306768;49.8395121740582;9.947440142942227;EN PLACE
Quartier Remicourt;Avenue de la Résistance;18.0;90;3.30656682771658;49.8575077616733;9.947440142942227;EN PLACE
Quartier de Neuville;Chemin rural dit vieux chemin de Saint Quentin à Ribermont;10.0;118;3.32531985260665;49.8345478056176;9.947440142942227;EN PLACE
Quartier de Neuville;Chemin rural dit vieux chemin de Saint Quentin à Ribermont;10.0;119;3.32539115233878;49.8345330548653;9.947440142942227;EN PLACE
Quartier de Neuville;Chemin rural dit vieux chemin de Saint Quentin à Ribermont;10.0;131;3.32544361797761;49.8345204726849;9.947440142942227;EN PLACE
Quartier de Neuville;Chemin rural dit vieux chemin de Saint Quentin à Ribermont;11.0;101;3.32615862700165;49.8343859806602;9.947440142942227;EN PLACE
Quartier de Neuville;Chemin rural dit vieux chemin de Saint Quentin à Ribermont;12.0;108;3.32622319963883;49.8343694940252;9.947440142942227;EN PLACE
Quartier de Neuville;Chemin rural dit vieux chemin de Saint Quentin à Ribermont;22.0;149;3.32629180858216;49.8343521402271;9.947440142942227;EN PLACE
Quartier de Neuville;Chemin rural dit vieux chemin de Saint Quentin à Ribermont;22.0;191;3.32637252413827;49.8343339183947;9.947440142942227;EN PLACE
Quartier de Neuville;Chemin rural dit vieux chemin de Saint Quentin à Ribermont;22.0;178;3.32645593108732;49.8343174323006;9.947440142942227;EN PLACE
Quartier de Neuville;Chemin rural dit vieux chemin de Saint Quentin à Ribermont;22.0;173;3.32652992012599;49.8342983425943;9.947440142942227;EN PLACE
Quartier de Neuville;Chemin rural dit vieux chemin de Saint Quentin à Ribermont;22.0;242;3.32659987492288;49.8342775180898;9.947440142942227;EN PLACE
OMISSY;Terrain aventure Neuville;14.0;57;3.30110994677663;49.8651440826275;9.947440142942227;EN PLACE
OMISSY;Terrain aventure Neuville;14.0;71;3.30108775013681;49.8651185022776;9.947440142942227;EN PLACE
OMISSY;Terrain aventure Neuville;14.0;60;3.30101712299941;49.8650998581521;9.947440142942227;EN PLACE
OMISSY;Terrain aventure Neuville;14.0;68;3.30105546363205;49.8651245718068;9.947440142942227;EN PLACE
OMISSY;Terrain aventure Neuville;14.0;82;3.30109178589274;49.8651700972943;9.947440142942227;EN PLACE
OMISSY;Terrain aventure Neuville;14.0;61;3.30098416362576;49.8651245720487;9.947440142942227;EN PLACE
OMISSY;Terrain aventure Neuville;14.0;47;3.30100636066059;49.8651436496017;9.947440142942227;EN PLACE
OMISSY;Terrain aventure Neuville;14.0;60;3.30102721298374;49.8651618594196;9.947440142942227;EN PLACE
OMISSY;Terrain aventure Neuville;14.0;63;3.30105815334551;49.8651848388969;9.947440142942227;EN PLACE
OMISSY;Terrain aventure Neuville;14.0;79;3.30094111613103;49.8651497190549;9.947440142942227;EN PLACE
OMISSY;Terrain aventure Neuville;14.0;80;3.30096331279414;49.8651700975395;9.947440142942227;EN PLACE
OMISSY;Terrain aventure Neuville;14.0;46;3.30098685406991;49.8651917752945;9.947440142942227;EN PLACE
OMISSY;Terrain aventure Neuville;14.0;64;3.30102855746892;49.8652130208018;9.947440142942227;EN PLACE
Quartier du Centre-Ville;Rue du Colonel Driant;12.0;65;3.27906980617141;49.842842301409;9.947440142942227;EN PLACE
Quartier du Vermandois;Talus rue de Vermand;12.0;49;3.26798089521393;49.8508731957882;9.947440142942227;EN PLACE
Quartier du Vermandois;Passerelle Vermand;12.0;58;3.26672037938627;49.8513641416996;9.947440142942227;EN PLACE
Quartier du faubourg d'Isle;Giratoire Camille Guerin;18.0;75;3.29611125506404;49.8336833660676;9.947440142942227;EN PLACE
Quartier de Neuville;Terrain aventure Neuville;16.0;90;3.3219299861483;49.836622411811;9.947440142942227;EN PLACE
Quartier de Neuville;Terrain aventure Neuville;20.0;90;3.32055512318717;49.8366727361139;9.947440142942227;EN PLACE
Quartier de Neuville;Terrain aventure Neuville;12.0;57;3.31992351986174;49.8364332621826;9.947440142942227;EN PLACE
Quartier de Neuville;Terrain aventure Neuville;12.0;65;3.32005596946148;49.8363928884158;9.947440142942227;EN PLACE
OMISSY;Chemin de Morcourt;16.0;70;3.30673437335871;49.8637271295254;9.947440142942227;EN PLACE
OMISSY;Chemin de Morcourt;20.0;120;3.30684468650958;49.862984826452;9.947440142942227;EN PLACE
Quartier Saint-Jean;Rue du Président John Fitzgerald Kennedy;14.0;150;3.27397167418702;49.8674137012029;9.947440142942227;EN PLACE
Quartier Remicourt;Parc des Champs-Elysées;3.0;20;3.29162833322043;49.8517450010532;5.410958904109589;EN PLACE
Quartier Remicourt;Parc des Champs-Elysées;3.0;20;3.29375363706939;49.8511499492442;9.947440142942227;EN PLACE
Quartier Remicourt;Parc des Champs-Elysées;3.0;20;3.29430666707795;49.8507083347025;5.410958904109589;EN PLACE
Quartier Remicourt;Groupe scolaire Camille Desmoulins;3.0;15;3.29516507012995;49.8540636927368;9.947440142942227;EN PLACE
Quartier Remicourt;Groupe scolaire Camille Desmoulins;3.0;15;3.29509441065984;49.8541104277588;9.947440142942227;EN PLACE
Quartier Remicourt;Groupe scolaire Camille Desmoulins;3.0;15;3.29497497709136;49.8540257008979;9.947440142942227;EN PLACE
Quartier de Neuville;Gymnase Eugène Corette;3.0;15;3.30989951059166;49.833009339598;5.410958904109589;EN PLACE
Quartier de Neuville;Gymnase Eugène Corette;3.0;15;3.30974663250475;49.8330189090954;5.410958904109589;EN PLACE
Quartier de Neuville;Ecole élémentaire Eugène Corette;3.0;20;3.30938564924749;49.8334640881502;5.410958904109589;EN PLACE
Quartier du Vermandois;Parking Ecole Ferdinand Buisson;3.0;20;3.27250714396573;49.8609254819969;5.410958904109589;EN PLACE
Quartier de l'Europe;Ecole primaire Paul Bert;3.0;20;3.30573495366605;49.8632230342583;5.410958904109589;EN PLACE
Quartier de l'Europe;Ecole primaire Paul Bert;3.0;20;3.30574536478888;49.8631193746594;5.410958904109589;EN PLACE
Quartier de l'Europe;Rue d'Alembert;3.0;20;3.29706199128213;49.8637158592497;5.410958904109589;EN PLACE
Quartier du Centre-Ville;Ecole maternelle des Patriotes;3.0;15;3.28897328724644;49.8436362052194;5.410958904109589;EN PLACE
Quartier Remicourt;Rue Jacky Tabar;3.0;15;3.30554223889213;49.855918646793;5.410958904109589;EN PLACE
Quartier Remicourt;Rue Jacky Tabar;3.0;15;3.30587358169996;49.8556303958599;5.410958904109589;EN PLACE
Quartier Remicourt;Rue Jacky Tabar;3.0;15;3.30590534741079;49.8556000968658;5.410958904109589;EN PLACE
Quartier Remicourt;Rue Jacky Tabar;3.0;15;3.30599234570326;49.8555237726144;5.410958904109589;EN PLACE
Quartier Remicourt;Rue Jacky Tabar;3.0;15;3.30611842005306;49.8554132193072;5.410958904109589;EN PLACE
Quartier Remicourt;Rue Jacky Tabar;3.0;15;3.30614855381263;49.8553884141109;5.410958904109589;EN PLACE
Quartier Remicourt;Avenue de la République;3.0;15;3.30336970516557;49.8576146369783;5.410958904109589;EN PLACE
Quartier Remicourt;Boulevard Jean Bouin;3.0;15;3.30470445244142;49.8484159342476;5.410958904109589;EN PLACE
Quartier Saint-Jean;Salle Paringault;3.0;15;3.28482609591675;49.8525837967132;5.410958904109589;EN PLACE
Quartier du Centre-Ville;Place Edouard Branly;3.0;15;3.28355177709908;49.8487280565553;5.410958904109589;EN PLACE
Quartier du Centre-Ville;Place Edouard Branly;3.0;15;3.28350536561914;49.8486950933492;6.410958904109589;EN PLACE
Quartier du Centre-Ville;Place Edouard Branly;3.0;15;3.28343608499121;49.8486816480535;9.947440142942227;EN PLACE
Quartier de l'Europe;rue Hertz;3.0;15;3.29707776993244;49.8604125760614;5.410958904109589;EN PLACE
Quartier du Centre-Ville;Square rue Fréreuse;3.0;15;3.29168467974811;49.8480085944719;5.410958904109589;EN PLACE
Quartier de l'Europe;square des marronniers ;3.0;15;3.30178833351245;49.8615033340224;5.410958904109589;EN PLACE
Quartier de l'Europe;square des marronniers ;3.0;15;3.30166333319908;49.8612083344562;5.241095890410959;EN PLACE
Quartier de l'Europe;square des marronniers ;4.0;15;3.3014700560399;49.8617324984066;4.372602739726028;EN PLACE
